code,funding_commencement_year,grant_status,funding_at_announcement,funding_current,administering_organisation,for_primary_codes,for_primary_names,for_all_codes,for_all_names,chief_investigators,chief_investigators_orcids,universities_all,universities_administering,universities_investigator,universities_count
DP250100164,2025,Active,618568,634722.0,Flinders University,4303,Historical Studies,4303; 430313; 430315,"Historical Studies; History of Empires, Imperialism and Colonialism; History of the Pacific",Prof Matthew Fitzpatrick; A/Prof Tomoko Akami; Dr Prudence Flowers; Dr Kristie Flannery,0000-0001-6642-2319; 0000-0002-3746-8112; 0000-0001-9087-3048,Flinders University,Flinders University,,1
DP250101453,2025,Active,604943,631911.0,Western Sydney University,4704,Linguistics,4704; 470403; 470410; 520405,Linguistics; Computational Linguistics; Phonetics and Speech Science; Psycholinguistics (Incl. Speech Production and Comprehension),Prof Paola Escudero; A/Prof Chloé Diskin-Holdaway,0000-0001-9196-1744,Western Sydney University,Western Sydney University,,1
DP250103039,2025,Active,824684,857458.0,The University of New South Wales,4104,Environmental Management,4104; 410401; 410407,Environmental Management; Conservation and Biodiversity; Wildlife and Habitat Management,Prof Mike Letnic; Dr Adrian Fisher; Prof Heloise Gibb; Prof William Cornwell,0000-0003-4191-8427; 0000-0002-6903-8053; 0000-0001-7194-0620; 0000-0003-4080-4073,University of New South Wales,University of New South Wales,,1
DP250101116,2025,Active,914548,942285.0,Western Sydney University,3603,Music,3603; 360301,Music; Music Cognition,A/Prof Andrew Milne; Prof Roger Dean; Prof Emery Schubert; Dr Catherine Ingram; Dr Hannah Sarvasy,0000-0002-4688-8004; 0000-0002-8859-8902; 0000-0002-7663-8268; 0000-0002-9551-480X,Western Sydney University,Western Sydney University,,1
DP250102648,2025,Active,496803,515987.0,The University of Queensland,5201,Applied and Developmental Psychology,5201; 520101; 520203; 520401,Applied and Developmental Psychology; Child and Adolescent Development; Cognitive Neuroscience; Cognition,Dr Jonathan Redshaw; Dr Natasha Matthews; Prof Iroise Dumontheil,0000-0002-7729-1577; 0000-0001-5236-7849,University of Queensland,University of Queensland,,1
DP250101325,2025,Active,838885,848509.0,Western Sydney University,5201,Applied and Developmental Psychology,5201; 520101,Applied and Developmental Psychology; Child and Adolescent Development,Prof Susan Hespos; Dr Genevieve Quek,0000-0002-7970-1330; 0000-0002-5905-8405,Western Sydney University,Western Sydney University,,1
DP250104994,2025,Active,557078,576151.0,Western Sydney University,4513,"Pacific Peoples Culture, Language and History",4513; 451310; 451603,"Pacific Peoples Culture, Language and History; Pacific Peoples Linguistics and Languages; Pacific Peoples Cultural Determinants of Health",Dr Hannah Sarvasy,0000-0002-9551-480X,Western Sydney University,Western Sydney University,,1
DP250100576,2025,Active,664600,691471.0,The University of Sydney,4004,Chemical Engineering,340604; 4004; 400404; 401605,Electrochemistry; Chemical Engineering; Electrochemical Energy Storage and Conversion; Functional Materials,Dr Fengwang Li; Prof Suresh Bhatia,0000-0003-1531-2966; 0000-0001-9716-0112,University of Sydney,University of Sydney,,1
DP250100574,2025,Active,606192,630244.0,The University of New South Wales,4014,Manufacturing Engineering,340302; 400404; 4014; 401401,Macromolecular Materials; Electrochemical Energy Storage and Conversion; Manufacturing Engineering; Additive Manufacturing,Prof Cyrille Boyer; Dr Dipan Kundu; Dr Priyank Vijaya Kumar; A/Prof Jin Zhang; Dr Nathaniel Corrigan,0000-0002-4564-4702; 0000-0001-5244-9836; 0000-0002-8203-7223; 0000-0002-4257-8148; 0000-0001-7876-1908,University of New South Wales,University of New South Wales,,1
DP250100553,2025,Active,867200,893742.0,The University of Melbourne,3004,Crop and Pasture Production,3004; 300404; 300407; 310803,Crop and Pasture Production; Crop and Pasture Biochemistry and Physiology; Crop and Pasture Nutrition; Plant Cell and Molecular Biology,A/Prof Michael Haydon; Prof Alexander Johnson; A/Prof Mohammad Pourkheirandish,0000-0003-2486-9387; 0000-0002-1209-6447; 0000-0003-4337-3600,University of Melbourne,University of Melbourne,,1
DP250100105,2025,Active,548626,571538.0,Australian Catholic University,3901,Curriculum and Pedagogy,3901; 390101; 390104; 390405,"Curriculum and Pedagogy; Creative Arts, Media and Communication Curriculum and Pedagogy; English and Literacy Curriculum and Pedagogy (Excl. Lote, Esl and Tesol); Educational Technology and Computing",Prof Kathy Mills; Prof Len Unsworth; Prof Garry Falloon; A/Prof Laura Scholes,0000-0003-1140-3545; 0000-0002-6369-8771; 0000-0002-8849-2825,Australian Catholic University,Australian Catholic University,,1
DP250101423,2025,Active,822191,840307.0,Deakin University,4410,Sociology,4410; 441004; 441013; 441015,"Sociology; Social Change; Sociology of Migration, Ethnicity and Multiculturalism; Sociology of the Life Course",Prof Anita Harris; Prof Loretta Baldassar,0000-0001-6246-4773,Deakin University,Deakin University,,1
DP250100868,2025,Active,227185,237654.0,Swinburne University of Technology,4901,Applied Mathematics,401207; 4901; 490105; 490109,Fundamental and Theoretical Fluid Dynamics; Applied Mathematics; Dynamical Systems In Applications; Theoretical and Applied Mechanics,Prof Sergey Suslov; A/Prof Andrey Pototsky,0000-0002-0998-2712; 0000-0001-6139-6545,Swinburne University of Technology,Swinburne University of Technology,,1
DP250100400,2025,Active,774903,808843.0,The Australian National University,5106,Nuclear and Plasma Physics,510201; 5106; 510601,Atomic and Molecular Physics; Nuclear and Plasma Physics; Nuclear Physics,Prof Andrew Stuchbery,,Australian National University,Australian National University,,1
DP250100172,2025,Active,545825,569280.0,The University of Adelaide,3709,Physical Geography and Environmental Geoscience,370502; 3709; 370901; 370905,Geochronology; Physical Geography and Environmental Geoscience; Geomorphology and Earth Surface Processes; Quaternary Environments,Dr Alexander Francke; A/Prof Timothy Cohen; A/Prof Lee Arnold; Prof Kathryn Amos,0000-0002-0370-5802; 0000-0001-9603-3824; 0000-0003-0306-7588,University of Adelaide,University of Adelaide,,1
DP250101011,2025,Active,535635,560261.0,La Trobe University,3405,Organic Chemistry,340208; 3405; 340503; 340704,Non-Metal Chemistry; Organic Chemistry; Organic Chemical Synthesis; Theoretical Quantum Chemistry,Prof Jason Dutton; Prof David Wilson; Prof Jason Smith,0000-0002-0361-4441; 0000-0002-0007-4486; 0000-0001-6313-3298,La Trobe University,La Trobe University,,1
DP250104212,2025,Active,252645,257501.0,The University of Western Australia,3801,Applied Economics,3801; 380107; 380112; 380199,Applied Economics; Financial Economics; Macroeconomics (Incl. Monetary and Fiscal Theory); Applied Economics Not Elsewhere Classified,Prof Jakob Madsen,,University of Western Australia,University of Western Australia,,1
DP250100936,2025,Active,555092,588613.0,The University of Adelaide,3705,Geology,370301; 3705; 370511; 370601,Exploration Geochemistry; Geology; Structural Geology and Tectonics; Applied Geophysics,Prof Simon Holford; A/Prof Rosalind King; Prof Graham Heinson,0000-0002-4524-8822; 0000-0001-9160-996X,University of Adelaide,University of Adelaide,,1
DP250103319,2025,Active,658069,680600.0,The University of Adelaide,3108,Plant Biology,3108; 310806,Plant Biology; Plant Physiology,Em/Prof Stephen Tyerman,0000-0003-2455-1643,University of Adelaide,University of Adelaide,,1
DP250100477,2025,Active,584400,607080.0,The University of Melbourne,4901,Applied Mathematics,4901; 490102,Applied Mathematics; Biological Mathematics,Dr Stuart Johnston,,University of Melbourne,University of Melbourne,,1
DP250100387,2025,Active,415519,431223.0,The University of Newcastle,4410,Sociology,4410; 441008; 441012; 441015,Sociology; Sociology of Culture; Sociology of Inequalities; Sociology of the Life Course,A/Prof Steven Threadgold; A/Prof Julia Coffey; Dr Julia Cook,0000-0003-2443-9619; 0000-0001-7388-6592; 0000-0002-1592-915X,University of Newcastle,University of Newcastle,,1
DP250102520,2025,Active,464032,492398.0,The University of Melbourne,4407,Policy and Administration,4407; 440705; 441009,"Policy and Administration; Gender, Policy and Administration; Sociology of Family and Relationships",Prof Jocelyn (Lyn) Craig; Prof Michael Bittman,,University of Melbourne,University of Melbourne,,1
DP250102063,2025,Active,320000,330998.0,The University of New South Wales,5002,History and Philosophy of Specific Fields,430302; 5002; 500203; 500204,Australian History; History and Philosophy of Specific Fields; History and Philosophy of Medicine; History and Philosophy of Science,Prof Alison Bashford,0000-0003-1703-5843,University of New South Wales,University of New South Wales,,1
DP250103029,2025,Active,684181,710495.0,The University of New South Wales,4012,Fluid Mechanics and Thermal Engineering,4012; 401210,Fluid Mechanics and Thermal Engineering; Microfluidics and Nanofluidics,A/Prof Shiyang Tang; Dr Yi Li,0000-0002-3079-8880; 0000-0003-2226-5918,University of New South Wales,University of New South Wales,,1
DP250100345,2025,Active,979929,1008218.0,The University of New South Wales,5202,Biological Psychology,5202; 520202,Biological Psychology; Behavioural Neuroscience,Prof Gavan McNally; Dr Joanna Yau,0000-0003-2235-5956,University of New South Wales,University of New South Wales,,1
DP250100308,2025,Active,894043,932192.0,The University of Adelaide,3703,Geochemistry,3703; 370302; 370401; 370508,Geochemistry; Inorganic Geochemistry; Computational Modelling and Simulation In Earth Sciences; Resource Geoscience,Prof Nigel Cook,0000-0002-7470-3935,University of Adelaide,University of Adelaide,,1
DP250103551,2025,Active,625910,649856.0,The University of Queensland,5108,Quantum Physics,5108; 510801,Quantum Physics; Degenerate Quantum Gases and Atom Optics,Dr Tyler Neely; Prof Halina Rubinsztein-Dunlop,0000-0002-5691-4982,University of Queensland,University of Queensland,,1
DP250101730,2025,Active,615000,639562.0,The University of Queensland,3204,Immunology,310102; 310111; 3204; 320407,"Cell Development, Proliferation and Death; Signal Transduction; Immunology; Innate Immunity",Prof Kate Schroder; Dr Sabrina Burgener,0000-0001-9261-3805; 0000-0002-9332-7998,University of Queensland,University of Queensland,,1
DP250100622,2025,Active,569717,598428.0,The University of Melbourne,3407,Theoretical and Computational Chemistry,340304; 340602; 3407; 340703,Optical Properties of Materials; Chemical Thermodynamics and Energetics; Theoretical and Computational Chemistry; Statistical Mechanics In Chemistry,Dr Charlotte Petersen; Dr James Hutchison; Prof Paul Mulvaney; Prof Brendan Abrahams,0000-0002-5326-9703; 0000-0002-0595-9961; 0000-0002-8007-3247; 0000-0003-2957-860X,University of Melbourne,University of Melbourne,,1
DP250101876,2025,Active,478772,498184.0,The Australian National University,4410,Sociology,440501; 4410; 441007,Feminist and Queer Theory; Sociology; Sociology and Social Studies of Science and Technology,Prof Celia Roberts; Prof Mary Louise Rasmussen; Prof Helen Keane,0000-0002-6103-3514; 0000-0002-6042-306X,Australian National University,Australian National University,,1
DP250102530,2025,Active,686500,712626.0,The University of Queensland,4901,Applied Mathematics,4901; 490102,Applied Mathematics; Biological Mathematics,Dr Matthew Holden; Prof Hugh Possingham; A/Prof Kate Helmstedt,0000-0003-0201-5348,University of Queensland,University of Queensland,,1
DP250102107,2025,Active,603391,627406.0,The University of Queensland,4016,Materials Engineering,400404; 4016; 401602; 401605,Electrochemical Energy Storage and Conversion; Materials Engineering; Composite and Hybrid Materials; Functional Materials,Prof John Zhu; Dr Rijia Lin,0000-0001-6430-5231,University of Queensland,University of Queensland,,1
DP250100070,2025,Active,655000,676263.0,The Australian National University,3102,Bioinformatics and Computational Biology,3102; 310204; 310505,Bioinformatics and Computational Biology; Genomics and Transcriptomics; Gene Expression (Incl. Microarray and Other Genome-Wide Approaches),Prof Eduardo Eyras; Dr Gaetan Burgio; A/Prof Amee George,0000-0003-0793-6218; 0000-0002-7434-926X; 0000-0002-0265-4476,Australian National University,Australian National University,,1
DP250102334,2025,Active,578296,601982.0,The University of Queensland,4004,Chemical Engineering,4004; 400404; 401602,Chemical Engineering; Electrochemical Energy Storage and Conversion; Composite and Hybrid Materials,Prof John Zhu,,University of Queensland,University of Queensland,,1
DP250100103,2025,Active,666818,694675.0,The Australian National University,3108,Plant Biology,3108; 310802; 310805; 310806,Plant Biology; Plant Biochemistry; Plant Pathology; Plant Physiology,Prof John Rathjen,0000-0003-4073-8088,Australian National University,Australian National University,,1
DP250100887,2025,Active,356993,371098.0,The University of Sydney,5003,Philosophy,5003; 500309; 500312; 500315,Philosophy; Metaphysics; Philosophy of Cognition; Philosophy of Mind (Excl. Cognition),Prof Kristie Miller; Prof David Braddon-Mitchell,0000-0002-5092-8419,University of Sydney,University of Sydney,,1
DP250100462,2025,Active,627136,652579.0,The University of Sydney,4006,Communications Engineering,4006; 400608,Communications Engineering; Wireless Communication Systems and Technologies (Incl. Microwave and Millimetrewave),Prof Yonghui Li; Dr Wanchun Liu; Prof Daniel Quevedo,0000-0003-1616-5224,University of Sydney,University of Sydney,,1
DP250101387,2025,Active,310000,317943.0,Monash University,5002,History and Philosophy of Specific Fields,430301; 5002; 500203,Asian History; History and Philosophy of Specific Fields; History and Philosophy of Medicine,A/Prof Xiaoping Fang; Prof Baogang He,,Monash University,Monash University,,1
DP250104263,2025,Active,562747,579069.0,The University of Queensland,4104,Environmental Management,4104; 410402; 410599; 420203,Environmental Management; Environmental Assessment and Monitoring; Pollution and Contamination Not Elsewhere Classified; Environmental Epidemiology,Prof Jochen Mueller; A/Prof Leisa-Maree Toms; Dr Sandra Nilsson,0000-0002-0000-1973; 0000-0002-1444-1638; 0000-0002-1030-7167,University of Queensland,University of Queensland,,1
DP250103137,2025,Active,682105,719164.0,Swinburne University of Technology,3605,Screen and Digital Media,360402; 3605; 360504; 400701,Dance and Dance Studies; Screen and Digital Media; Interactive Media; Assistive Robots and Technology,Prof John McCormick; Prof Mats Isaksson; Prof Jonathan Roberts; A/Prof Petra Gemeinboeck; Dr Stephanie Hutchison,0000-0002-5347-0378; 0000-0003-3047-6811; 0000-0003-2318-3623; 0000-0001-9023-3649; 0000-0003-2172-772X,Swinburne University of Technology,Swinburne University of Technology,,1
DP250103273,2025,Active,945000,980682.0,The University of Queensland,5202,Biological Psychology,5202; 520203,Biological Psychology; Cognitive Neuroscience,Prof Jason Mattingley; Prof Paul Dux,0000-0002-4270-2583,University of Queensland,University of Queensland,,1
DP250103623,2025,Active,828790,874222.0,The Australian National University,3108,Plant Biology,300406; 3108; 310803; 310804,Crop and Pasture Improvement (Incl. Selection and Breeding); Plant Biology; Plant Cell and Molecular Biology; Plant Developmental and Reproductive Biology,Dr Joanna Melonek; Prof Ian Small,0000-0003-4471-2520; 0000-0001-5300-1216,Australian National University,Australian National University,,1
DP250100041,2025,Active,633725,665230.0,The University of New South Wales,3403,Macromolecular and Materials Chemistry,3403; 340308,Macromolecular and Materials Chemistry; Supramolecular Chemistry,Dr Felix Rizzuto; Prof Jonathon Beves; Dr Peter Wich,0000-0003-2799-903X; 0000-0002-5997-6580; 0000-0003-1522-0340,University of New South Wales,University of New South Wales,,1
DP250100081,2025,Active,516000,525165.0,The University of New South Wales,3106,Industrial Biotechnology,3106; 310607; 340303,Industrial Biotechnology; Nanobiotechnology; Nanochemistry,Dr Felix Rizzuto; A/Prof Anna Wang; A/Prof Lawrence Lee; Prof Pall Thordarson,0000-0003-2799-903X; 0000-0002-2148-1996; 0000-0002-4453-4886; 0000-0002-1200-8814,University of New South Wales,University of New South Wales,,1
DP250100970,2025,Active,573465,604723.0,Queensland University of Technology,3404,Medicinal and Biomolecular Chemistry,340101; 3404; 340407; 340599,Analytical Spectrometry; Medicinal and Biomolecular Chemistry; Proteins and Peptides; Organic Chemistry Not Elsewhere Classified,A/Prof Hendrik Frisch; Dr Berwyck Poad,0000-0001-8490-5082; 0000-0002-0420-6116,Queensland University of Technology,Queensland University of Technology,,1
DP250103242,2025,Active,777348,808230.0,The University of Queensland,3209,Neurosciences,310104; 3209; 320902,Cell Neurochemistry; Neurosciences; Cellular Nervous System,Prof Frederic Meunier; Dr Adekunle Bademosi,0000-0001-6400-1107; 0000-0001-5157-8572,University of Queensland,University of Queensland,,1
DP250102307,2025,Active,529832,549369.0,The University of Adelaide,3207,Medical Microbiology,300909; 310502; 3207; 320704,Veterinary Parasitology; Cell and Nuclear Division; Medical Microbiology; Medical Parasitology,Dr Benjamin Liffner,0000-0002-1573-6139,University of Adelaide,University of Adelaide,,1
DP250100918,2025,Active,819000,856637.0,The University of Melbourne,3101,Biochemistry and Cell Biology,3101; 310112; 310802,Biochemistry and Cell Biology; Structural Biology (Incl. MacRomolecular Modelling); Plant Biochemistry,Prof Megan Maher; Prof Marilyn Anderson,0000-0003-0848-9640; 0000-0002-8257-5128,University of Melbourne,University of Melbourne,,1
DP250101408,2025,Active,512968,534416.0,Griffith University,4302,"Heritage, Archive and Museum Studies",4302; 430202,"Heritage, Archive and Museum Studies; Critical Heritage, Museum and Archive Studies",Prof Sarah Baker,0000-0003-3872-6889,Griffith University,Griffith University,,1
DP250101726,2025,Active,657243,686092.0,The University of Queensland,4016,Materials Engineering,4016; 401605; 401805,"Materials Engineering; Functional Materials; Nanofabrication, Growth and Self Assembly",Prof Lianzhou Wang; Dr Miaoqiang Lyu,0000-0002-5947-306X; 0000-0003-0212-4325,University of Queensland,University of Queensland,,1
DP250101210,2025,Active,520387,546832.0,Griffith University,4005,Civil Engineering,330314; 4005; 400510; 400511,Sustainable Design; Civil Engineering; Structural Engineering; Timber Engineering,Prof Hong Guan; A/Prof Hassan Karampour; A/Prof Benoit Gilbert,0000-0003-2868-7505,Griffith University,Griffith University,,1
DP250100285,2025,Active,848300,881929.0,Flinders University,3405,Organic Chemistry,3405; 340503; 340505; 340701,Organic Chemistry; Organic Chemical Synthesis; Physical Organic Chemistry; Computational Chemistry,Prof Michelle Coote; Prof Alexander Bissember,0000-0001-5515-2878,Flinders University,Flinders University,,1
DP250101509,2025,Active,723503,753747.0,The University of New South Wales,4004,Chemical Engineering,4004; 400404; 401807,Chemical Engineering; Electrochemical Energy Storage and Conversion; Nanomaterials,Prof Chuan Zhao; Dr Quentin Meyer,0000-0001-6418-9680,University of New South Wales,University of New South Wales,,1
DP250100512,2025,Active,501974,523801.0,The University of Melbourne,4303,Historical Studies,430205; 4303; 430308,"Heritage and Cultural Conservation; Historical Studies; European History (Excl. British, Classical Greek and Roman)",A/Prof Matthew Champion,0000-0003-0217-7355,University of Melbourne,University of Melbourne,,1
DP250104216,2025,Active,610191,634126.0,Monash University,3101,Biochemistry and Cell Biology,3101; 310103,Biochemistry and Cell Biology; Cell Metabolism,Dr Luke Formosa,0000-0002-7740-6151,Monash University,Monash University,,1
DP250101827,2025,Active,607909,631178.0,University of Technology Sydney,4006,Communications Engineering,4006; 400601,Communications Engineering; Antennas and Propagation,Dr Can Ding; Prof Yingjie Jay Guo,0000-0002-2629-1657; 0000-0001-6008-9682,University of Technology Sydney,University of Technology Sydney,,1
DP250101725,2025,Active,582341,605270.0,University of Technology Sydney,4006,Communications Engineering,4006; 400601,Communications Engineering; Antennas and Propagation,Prof Yang Yang,0000-0001-7439-2156,University of Technology Sydney,University of Technology Sydney,,1
DP250101545,2025,Active,479000,503928.0,The University of Melbourne,4402,Criminology,4402; 440209; 480407,"Criminology; Gender and Crime; Law, Gender and Sexuality (Incl. Feminist Legal Scholarship)",Prof Laura Tarzia; A/Prof Bianca Fileborn; Prof Deborah Loxton; Prof Heather Douglas; Dr Mandy McKenzie,0000-0002-0220-4985; 0000-0002-2650-3592; 0000-0003-2506-8653,University of Melbourne,University of Melbourne,,1
DP250102952,2025,Active,510636,530336.0,University of Technology Sydney,4613,Theory of Computation,4613; 461303,Theory of Computation; Computational Logic and Formal Languages,Prof Mingsheng Ying; Prof Sanjiang Li; Dr Yuval Sanders,0000-0001-8003-0039,University of Technology Sydney,University of Technology Sydney,,1
DP250102613,2025,Active,526766,549719.0,University of Technology Sydney,4016,Materials Engineering,4016; 401605; 401609; 401703,"Materials Engineering; Functional Materials; Polymers and Plastics; Energy Generation, Conversion and Storage (Excl. Chemical and Electrical)",Prof Zhenguo Huang; A/Prof Qiang Fu; Dr Limei Yang,0000-0003-1985-0884; 0000-0002-4012-330X; 0000-0003-0123-1540,University of Technology Sydney,University of Technology Sydney,,1
DP250100348,2025,Active,503496,522851.0,University of Technology Sydney,4011,Environmental Engineering,400410; 4011; 401102; 420699,Wastewater Treatment Processes; Environmental Engineering; Environmentally Sustainable Engineering; Public Health Not Elsewhere Classified,Prof Qilin Wang; Dr Xuan Li; Prof Steven Djordjevic; A/Prof Scott Beatson; Em/Prof Saravanamuthu Vigneswaran,0000-0002-5744-2331; 0000-0003-1768-9556; 0000-0001-9301-5372; 0000-0002-1806-3283; 0000-0002-8117-4322,University of Technology Sydney,University of Technology Sydney,,1
DP250100362,2025,Active,494783,513904.0,University of Technology Sydney,4005,Civil Engineering,4005; 400509,Civil Engineering; Structural Dynamics,Prof JC Ji; Prof Jianchun Li,0000-0003-3280-5463,University of Technology Sydney,University of Technology Sydney,,1
DP250100382,2025,Active,467529,484560.0,University of Technology Sydney,4804,Law In Context,4804; 480405; 480504,Law In Context; Law and Society and Socio-Legal Research; Legal Institutions (Incl. Courts and Justice Systems),A/Prof Ramona Vijeyarasa; Prof Kim Rubenstein; Prof Jacqueline Mowbray,0000-0003-4581-4924; 0000-0001-5885-4453; 0000-0002-2021-0596,University of Technology Sydney,University of Technology Sydney,,1
DP250100430,2025,Active,385450,389360.0,University of Technology Sydney,3801,Applied Economics,3801; 380108; 380201; 380204,Applied Economics; Health Economics; Cross-Sectional Analysis; Panel Data Analysis,Dr Nathan Kettlewell; Prof Denzil Fiebig; Dr Vanessa Scarf; Prof Kei Lui; Dr Serena Yu,0000-0002-0478-1372; 0000-0003-3503-9610; 0000-0001-9884-3521; 0000-0002-1070-113X,University of Technology Sydney,University of Technology Sydney,,1
DP250100455,2025,Active,548626,553881.0,University of Technology Sydney,3801,Applied Economics,3801; 380106; 380199; 520402,Applied Economics; Experimental Economics; Applied Economics Not Elsewhere Classified; Decision Making,Prof Mikhail Anufriev; Prof Valentyn Panchenko,0000-0002-1842-6814; 0000-0003-3144-7502,University of Technology Sydney,University of Technology Sydney,,1
DP250100463,2025,Active,507636,527702.0,University of Technology Sydney,4604,Cybersecurity and Privacy,4604; 460402; 460403,Cybersecurity and Privacy; Data and Information Privacy; Data Security and Protection,A/Prof Bo Liu,0000-0002-3603-6617,University of Technology Sydney,University of Technology Sydney,,1
DP250100780,2025,Active,677000,704128.0,University of Technology Sydney,3101,Biochemistry and Cell Biology,3101; 310199; 320103; 320209,Biochemistry and Cell Biology; Biochemistry and Cell Biology Not Elsewhere Classified; Respiratory Diseases; Gastroenterology and Hepatology,Prof Phil Hansbro; Prof Gabrielle Belz; Dr Alen Faiz; Dr Kurtis Budden,0000-0002-9660-9587; 0000-0003-1740-3538; 0000-0002-7435-275X,University of Technology Sydney,University of Technology Sydney,,1
DP250102243,2025,Active,605380,617373.0,University of Technology Sydney,3801,Applied Economics,3801; 380111; 380119,Applied Economics; Labour Economics; Welfare Economics,Prof Peter Siminski; Prof Roger Wilkins; Dr Nathan Deutscher,0000-0002-3099-8049; 0000-0002-8548-757X; 0000-0003-2568-6291,University of Technology Sydney,University of Technology Sydney,,1
DP250101003,2025,Active,682338,708197.0,University of Technology Sydney,4012,Fluid Mechanics and Thermal Engineering,340108; 4012; 401210; 401705,Sensor Technology (Incl. Chemical Aspects); Fluid Mechanics and Thermal Engineering; Microfluidics and Nanofluidics; Microelectromechanical Systems (Mems),Dr Gungun Lin; Prof Majid Ebrahimi Warkiani; A/Prof Yuenyee Cheng,0000-0002-4184-1944; 0000-0001-7060-0624,University of Technology Sydney,University of Technology Sydney,,1
DP250100007,2025,Active,356158,359977.0,The Australian National University,5205,Social and Personality Psychology,5205; 520505,Social and Personality Psychology; Social Psychology,Dr Charlie Crimston; Prof Jolanda Jetten,0000-0002-4529-786X; 0000-0002-7588-5355,Australian National University,Australian National University,,1
DP250101026,2025,Active,594214,618137.0,University of Technology Sydney,3605,Screen and Digital Media,3605; 360502; 360505,Screen and Digital Media; Computer Gaming and Animation; Screen Media,Prof Rachel Landers; Mr Matthew Gidney; Dr Amy Bottomley; Dr Pat Grant; A/Prof Louise Cole,0000-0001-7593-3321; 0000-0002-0580-488X; 0000-0003-0255-0869; 0000-0002-8223-3064; 0000-0001-9206-9272,University of Technology Sydney,University of Technology Sydney,,1
DP250100999,2025,Active,605810,628841.0,University of Technology Sydney,3107,Microbiology,310112; 3107; 310704; 310799,Structural Biology (Incl. MacRomolecular Modelling); Microbiology; Microbial Genetics; Microbiology Not Elsewhere Classified,A/Prof Iain Duggin; Dr Yan Liao,0000-0003-4868-7350; 0000-0002-8492-2648,University of Technology Sydney,University of Technology Sydney,,1
DP250103612,2025,Active,572638,595516.0,University of Technology Sydney,4602,Artificial Intelligence,4602; 460204; 460806; 461103,Artificial Intelligence; Fuzzy Computation; Human-Computer Interaction; Deep Learning,Prof Chin-Teng Lin; Dr Zehong Cao; Dr Thomas Do,0000-0001-8371-8197; 0000-0003-3656-0328; 0000-0002-8597-5944,University of Technology Sydney,University of Technology Sydney,,1
DP250103803,2025,Active,540000,560774.0,University of Technology Sydney,4016,Materials Engineering,4016; 401602; 401605; 401703,"Materials Engineering; Composite and Hybrid Materials; Functional Materials; Energy Generation, Conversion and Storage (Excl. Chemical and Electrical)",Prof Zhenguo Huang; Prof Haibo Yu; Dr Limei Yang,0000-0003-1985-0884; 0000-0002-1099-2803; 0000-0003-0123-1540,University of Technology Sydney,University of Technology Sydney,,1
DP250101576,2025,Active,409935,427792.0,University of Technology Sydney,4611,Machine Learning,4611; 461103,Machine Learning; Deep Learning,A/Prof Guodong Long; Prof Chengqi Zhang,0000-0003-3740-9515; 0000-0001-5715-7154,University of Technology Sydney,University of Technology Sydney,,1
DP250102651,2025,Active,738998,768384.0,Monash University,3101,Biochemistry and Cell Biology,3101; 310102,"Biochemistry and Cell Biology; Cell Development, Proliferation and Death",Dr Kate McArthur; Prof Michael Ryan,0000-0002-8838-4146; 0000-0003-2586-8829,Monash University,Monash University,,1
DP250101775,2025,Active,576807,599789.0,Western Sydney University,3302,Building,3302; 330202,Building; Building Construction Management and Project Planning,Prof Vivian Tam; A/Prof Khoa Le,0000-0002-1074-8018; 0000-0003-1405-3843,Western Sydney University,Western Sydney University,,1
DP250100833,2025,Active,364958,377846.0,The University of Queensland,5201,Applied and Developmental Psychology,5201; 520101; 520401,Applied and Developmental Psychology; Child and Adolescent Development; Cognition,Prof Thomas Suddendorf; Dr Sarah Coundouris; Dr Kristy Armitage,0000-0003-3328-7442; 0000-0003-2084-2929; 0000-0002-1898-8622,University of Queensland,University of Queensland,,1
DP250104147,2025,Active,631860,661722.0,The University of Western Australia,3103,Ecology,3103; 310301; 310405,Ecology; Behavioural Ecology; Evolutionary Ecology,Dr Natasha LeBas; Prof Leigh Simmons,,University of Western Australia,University of Western Australia,,1
DP250102837,2025,Active,830000,863605.0,Monash University,3101,Biochemistry and Cell Biology,3101; 310102; 310110; 310199,"Biochemistry and Cell Biology; Cell Development, Proliferation and Death; Receptors and Membrane Biology; Biochemistry and Cell Biology Not Elsewhere Classified",Dr Kate McArthur,0000-0002-8838-4146,Monash University,Monash University,,1
DP250105063,2025,Active,910239,947249.0,The University of Queensland,3209,Neurosciences,320499; 3209; 320903,Immunology Not Elsewhere Classified; Neurosciences; Central Nervous System,A/Prof Jana Vukovic,0000-0002-3739-1688,University of Queensland,University of Queensland,,1
DP250101673,2025,Active,678542,705486.0,Swinburne University of Technology,5101,Astronomical Sciences,5101; 510103,Astronomical Sciences; Cosmology and Extragalactic Astronomy,Prof Duncan Forbes; Prof Kenji Bekki; Prof Warrick Couch; Prof Jean Brodie,0000-0001-5590-5518; 0000-0002-9658-8763,Swinburne University of Technology,Swinburne University of Technology,,1
DP250100727,2025,Active,807114,830096.0,The University of New South Wales,5204,Cognitive and Computational Psychology,5204; 520401; 520402,Cognitive and Computational Psychology; Cognition; Decision Making,Prof Brett Hayes; Prof Andrew Perfors,0000-0003-1415-0088; 0000-0002-6976-0732,University of New South Wales,University of New South Wales,,1
DP250101606,2025,Active,836000,870582.0,Monash University,3101,Biochemistry and Cell Biology,3101; 310102; 320407,"Biochemistry and Cell Biology; Cell Development, Proliferation and Death; Innate Immunity",A/Prof Kate Lawlor; A/Prof Thomas Naderer,0000-0003-0471-6842; 0000-0003-2691-0283,Monash University,Monash University,,1
DP250100004,2025,Active,471300,489349.0,The University of New South Wales,4903,Numerical and Computational Mathematics,490103; 490108; 4903; 490304,"Calculus of Variations, Mathematical Aspects of Systems Theory and Control Theory; Operations Research; Numerical and Computational Mathematics; Optimisation",Prof Vaithilingam Jeyakumar; Prof Guoyin Li; Dr Mareike Dressler,0000-0002-2099-7974; 0000-0002-5684-4101,University of New South Wales,University of New South Wales,,1
DP250101672,2025,Active,574888,597349.0,The University of Adelaide,5202,Biological Psychology,420703; 520106; 5202; 520202,Motor Control; Psychology of Ageing; Biological Psychology; Behavioural Neuroscience,A/Prof John Semmler; Dr George Opie,0000-0003-0260-8047; 0000-0001-7771-7569,University of Adelaide,University of Adelaide,,1
DP250100026,2025,Active,534577,554357.0,Monash University,5104,Condensed Matter Physics,401804; 5104; 510404; 510407,Nanoelectronics; Condensed Matter Physics; Electronic and Magnetic Properties of Condensed Matter; Superconductivity; Surface Properties of Condensed Matter,Dr Mark Edmonds; Prof Michael Fuhrer,,Monash University,Monash University,,1
DP250100063,2025,Active,607919,632416.0,Monash University,3802,Econometrics,3802; 380202; 380204; 380205,Econometrics; Econometric and Statistical Methods; Panel Data Analysis; Time-Series Analysis,Prof Jiti Gao; Prof Bin Peng; Prof Shuping Shi; Dr WEI WEI; Dr Timothy Neal,0000-0003-4231-4713; 0000-0001-8571-3066; 0000-0001-8360-2469; 0000-0003-1125-4009,Monash University,Monash University,,1
DP250100091,2025,Active,665767,692385.0,Monash University,4401,Anthropology,310499; 320399; 4401; 440103,Evolutionary Biology Not Elsewhere Classified; Dentistry Not Elsewhere Classified; Anthropology; Biological (Physical) Anthropology,A/Prof Luca Fiorenza; A/Prof Jing Fu,0000-0001-7110-3398; 0000-0002-7752-5417,Monash University,Monash University,,1
DP250100158,2025,Active,1053670,1095379.0,Monash University,3101,Biochemistry and Cell Biology,3101; 310110; 340401,Biochemistry and Cell Biology; Receptors and Membrane Biology; Biologically Active Molecules,Prof Peter Scammells; Prof Arthur Christopoulos,0000-0003-2930-895X,Monash University,Monash University,,1
DP250100229,2025,Active,464003,479956.0,Monash University,4604,Cybersecurity and Privacy,4604; 460401; 460403,Cybersecurity and Privacy; Cryptography; Data Security and Protection,A/Prof Ron Steinfeld; A/Prof Amin Sakzad; Dr Muhammed Esgin,0000-0003-1745-4183; 0000-0003-4569-3384; 0000-0003-1650-3748,Monash University,Monash University,,1
DP250100230,2025,Active,549325,566679.0,Monash University,3301,Architecture,3301; 330101; 330110; 330301,Architecture; Architectural Computing and Visualisation Methods; Sustainable Architecture; Data Visualisation and Computational (Incl. Parametric and Generative) Design,Prof Jon McCormack; Prof Roland Snooks,0000-0001-6328-5064; 0000-0002-0201-9915,Monash University,Monash University,,1
DP250100242,2025,Active,667596,693942.0,Monash University,4013,Geomatic Engineering,4013; 401304,Geomatic Engineering; Photogrammetry and Remote Sensing,Prof Jeffrey Walker; Prof Jason Beringer; A/Prof Brian Ng; Dr Qiaoyun Xie,0000-0002-4619-8361; 0000-0002-8316-4996; 0000-0002-1576-6610,Monash University,Monash University,,1
DP250100262,2025,Active,790750,812947.0,Monash University,4611,Machine Learning,460208; 460304; 4611; 461103,Natural Language Processing; Computer Vision; Machine Learning; Deep Learning,Prof Dinh Phung; A/Prof Mehrtash Harandi; Dr Trung Le; Dr Jing Zhang; Prof Jianfei Cai,0000-0002-9977-8247; 0000-0002-6937-6300; 0000-0003-0414-9067; 0000-0002-8516-0913; 0000-0002-9444-3763,Monash University,Monash University,,1
DP250100272,2025,Active,515966,536552.0,Monash University,4602,Artificial Intelligence,4602; 460206; 460210; 461104,Artificial Intelligence; Knowledge Representation and Reasoning; Satisfiability and Optimisation; Neural Networks,Prof Peter Stuckey; Dr Alexey Ignatiev,0000-0003-2186-0459; 0000-0002-4535-2902,Monash University,Monash University,,1
DP250100291,2025,Active,700000,727861.0,Monash University,3204,Immunology,310504; 310505; 3204; 320405,Epigenetics (Incl. Genome Methylation and Epigenomics); Gene Expression (Incl. Microarray and Other Genome-Wide Approaches); Immunology; Humoural Immunology and Immunochemistry,Prof Kim Good-Jacobson,0000-0003-1891-7274,Monash University,Monash University,,1
DP250100464,2025,Active,715555,749924.0,Monash University,4101,Climate Change Impacts and Adaptation,310406; 4101; 410102; 410401,Evolutionary Impacts of Climate Change; Climate Change Impacts and Adaptation; Ecological Impacts of Climate Change and Ecological Adaptation; Conservation and Biodiversity,Prof Andrew Mackintosh; Prof Steven Chown; Dr Justine Shaw,0000-0002-6430-4711; 0000-0001-6069-5105; 0000-0002-9603-2271,Monash University,Monash University,,1
DP250100501,2025,Active,539742,561640.0,Monash University,3103,Ecology,3103; 310301,Ecology; Behavioural Ecology,Prof Bob Wong,0000-0001-9352-6500,Monash University,Monash University,,1
DP250100659,2025,Active,981389,1012441.0,Monash University,3103,Ecology,3103; 310302; 410102; 410204,Ecology; Community Ecology (Excl. Invasive Species Ecology); Ecological Impacts of Climate Change and Ecological Adaptation; Ecosystem Services (Incl. Pollination),Prof Melodie McGeoch; Dr David Dehling,0000-0003-3388-2241; 0000-0002-2863-5580,Monash University,Monash University,,1
DP250100785,2025,Active,361558,375663.0,Monash University,3509,"Transportation, Logistics and Supply Chains",350701; 3509; 350909; 440299,"Corporate Governance; Transportation, Logistics and Supply Chains; Supply Chains; Criminology Not Elsewhere Classified",Prof Dayna Simpson; Dr Yi Zhou; Prof Marie Segrave,0000-0003-1698-4043; 0000-0001-7878-7569; 0000-0002-1539-8942,Monash University,Monash University,,1
DP250100935,2025,Active,563591,586465.0,Monash University,5104,Condensed Matter Physics,5104; 510401; 510402; 510404,Condensed Matter Physics; Condensed Matter Characterisation Technique Development; Condensed Matter Imaging; Electronic and Magnetic Properties of Condensed Matter; Superconductivity,A/Prof Scott Findlay,0000-0003-4862-4827,Monash University,Monash University,,1
DP250100953,2025,Active,549734,558248.0,Monash University,4803,International and Comparative Law,4803; 480308,International and Comparative Law; International Trade and Investment Law,A/Prof Caroline Henckels; Dr Elizabeth Sheargold; A/Prof Jonathan Bonnitcha,0000-0002-1833-4610; 0000-0001-7638-4184; 0000-0002-1149-6983,Monash University,Monash University,,1
DP250101009,2025,Active,573825,597894.0,Monash University,4008,Electrical Engineering,4008; 400802; 461306,Electrical Engineering; Electrical Circuits and Systems; Numerical Computation and Mathematical Software,Prof Malin Premaratne,0000-0002-2419-4431,Monash University,Monash University,,1
DP250101167,2025,Active,670000,695662.0,Monash University,3202,Clinical Sciences,3202; 320222; 510502,Clinical Sciences; Radiology and Organ Imaging; Medical Physics,A/Prof Marcus Kitchen; A/Prof Timur Gureyev; Prof Stuart Hooper,0000-0002-0029-6660; 0000-0002-1103-0649,Monash University,Monash University,,1
DP250101202,2025,Active,889969,926110.0,Monash University,3101,Biochemistry and Cell Biology,3101; 310101; 310112; 320404,Biochemistry and Cell Biology; Analytical Biochemistry; Structural Biology (Incl. MacRomolecular Modelling); Cellular Immunology,A/Prof JEROME LE NOURS; Prof Anthony Purcell,0000-0002-2221-7636; 0000-0003-0532-8331,Monash University,Monash University,,1
DP250101283,2025,Active,596500,618679.0,Monash University,4410,Sociology,4410; 441011,Sociology; Sociology of Health,Prof Alan Petersen; Dr Claire Tanner,0000-0002-2755-0227,Monash University,Monash University,,1
DP250101360,2025,Active,501618,523391.0,Monash University,4014,Manufacturing Engineering,4014; 401401; 401607,Manufacturing Engineering; Additive Manufacturing; Metals and Alloy Materials,Prof Aijun Huang; Prof Peter Hodgson,0000-0002-9795-2168,Monash University,Monash University,,1
DP250101586,2025,Active,815374,847062.0,Monash University,3101,Biochemistry and Cell Biology,3101; 310106; 310112; 310701,Biochemistry and Cell Biology; Enzymes; Structural Biology (Incl. MacRomolecular Modelling); Bacteriology,Dr Stanley Cheng Xie; Prof Leann Tilley; Dr Glen Carter,0000-0001-7003-4677; 0000-0002-7306-9362,Monash University,Monash University,,1
DP250101727,2025,Active,540000,561996.0,Monash University,4003,Biomedical Engineering,4003; 400302,Biomedical Engineering; Biomaterials,A/Prof Angus Johnston; Prof Georgina Such,0000-0001-5611-4515; 0000-0002-2868-5799,Monash University,Monash University,,1
DP250101768,2025,Active,956200,983206.0,Monash University,5202,Biological Psychology,310910; 320904; 5202; 520203,Animal Physiology - Systems; Computational Neuroscience (Incl. Mathematical Neuroscience and Theoretical Neuroscience); Biological Psychology; Cognitive Neuroscience,Prof Marcello Rosa; Dr Daisuke Shimaoka; Dr James Pang,0000-0002-2461-2760,Monash University,Monash University,,1
DP250101843,2025,Active,533628,544087.0,Monash University,3304,Urban and Regional Planning,3304; 330406; 330409; 330410,Urban and Regional Planning; Regional Analysis and Development; Transport Planning; Urban Analysis and Development,A/Prof Liton Kamruzzaman; Prof Hai Vu; Prof Graham Currie,0000-0001-7113-942X; 0000-0001-6984-2060,Monash University,Monash University,,1
DP250101863,2025,Active,689493,715532.0,Monash University,3104,Evolutionary Biology,3104; 310408; 310505,Evolutionary Biology; Life Histories; Gene Expression (Incl. Microarray and Other Genome-Wide Approaches),A/Prof Christen Mirth; A/Prof Matthew Piper,0000-0002-9765-4021; 0000-0003-3245-7219,Monash University,Monash University,,1
DP250101965,2025,Active,799927,823598.0,Monash University,3104,Evolutionary Biology,3104; 310403; 310405; 310407,Evolutionary Biology; Biological Adaptation; Evolutionary Ecology; Host-Parasite Interactions,Prof Damian Dowling; Dr Heather Flores,0000-0003-2209-3458; 0000-0001-5003-7547,Monash University,Monash University,,1
DP250102064,2025,Active,728445,759589.0,Monash University,5104,Condensed Matter Physics,401605; 401809; 5104; 510404,Functional Materials; Nanophotonics; Condensed Matter Physics; Electronic and Magnetic Properties of Condensed Matter; Superconductivity,Prof Michael Fuhrer; Prof Dr Stefan Maier,,Monash University,Monash University,,1
DP250102065,2025,Active,1028188,1069601.0,Monash University,3101,Biochemistry and Cell Biology,3101; 310110; 310112; 320404,Biochemistry and Cell Biology; Receptors and Membrane Biology; Structural Biology (Incl. MacRomolecular Modelling); Cellular Immunology,Prof Jamie Rossjohn; Prof Anthony Purcell,0000-0003-0532-8331,Monash University,Monash University,,1
DP250102067,2025,Active,601000,624951.0,Monash University,4104,Environmental Management,4104; 410401,Environmental Management; Conservation and Biodiversity,Prof David Chapple; Dr Jodi Rowley; Dr Jessica Walsh; A/Prof Conrad Hoskin,0000-0002-7720-6280; 0000-0002-2011-9143; 0000-0002-5284-4323; 0000-0001-8116-6085,Monash University,Monash University,,1
DP250102224,2025,Active,1107087,1140134.0,Monash University,5202,Biological Psychology,5202; 520203,Biological Psychology; Cognitive Neuroscience,A/Prof Trevor Chong; A/Prof James Coxon,0000-0001-7764-3811; 0000-0003-2351-8489,Monash University,Monash University,,1
DP250102271,2025,Active,783398,813337.0,Monash University,3214,Pharmacology and Pharmaceutical Sciences,3214; 321404; 401807,Pharmacology and Pharmaceutical Sciences; Pharmaceutical Delivery Technologies; Nanomaterials,Dr Jie Tang; Prof Michelle McIntosh,0000-0001-8210-9015,Monash University,Monash University,,1
DP250102391,2025,Active,978943,1013158.0,Monash University,3106,Industrial Biotechnology,3106; 310607,Industrial Biotechnology; Nanobiotechnology,A/Prof Angus Johnston; Dr Enyuan Cao,0000-0001-5611-4515; 0000-0002-9689-4517,Monash University,Monash University,,1
DP250102452,2025,Active,728000,757328.0,Monash University,3109,Zoology,310103; 3109; 310910; 310914,Cell Metabolism; Zoology; Animal Physiology - Systems; Vertebrate Biology,A/Prof Natalie Trevaskis; Dr Sarah Turpin-Nolan,0000-0001-9538-549X; 0000-0002-7469-7934,Monash University,Monash University,,1
DP250102553,2025,Active,837277,862406.0,Monash University,3105,Genetics,3105; 310511; 310906,Genetics; Neurogenetics; Animal Neurobiology,Prof Roger Pocock,0000-0002-5515-3608,Monash University,Monash University,,1
DP250102726,2025,Active,753501,782126.0,Monash University,3107,Microbiology,310205; 3107; 310701; 321401,Proteomics and Metabolomics; Microbiology; Bacteriology; Basic Pharmacology,Dr Meiling Han; Prof Jian Li; Dr Nitin Patil,0000-0002-0861-2437; 0000-0003-0422-9411,Monash University,Monash University,,1
DP250102783,2025,Active,966172,996097.0,Monash University,3406,Physical Chemistry,3406; 340604,Physical Chemistry; Electrochemistry,A/Prof Alexandr Simonov; Em/Prof Douglas MacFarlane; Dr Andrew Christofferson,0000-0003-3063-6539; 0000-0001-5963-9659; 0000-0003-0904-6630,Monash University,Monash University,,1
DP250102787,2025,Active,165762,170108.0,Monash University,5003,Philosophy,500199; 5003; 500321,Applied Ethics Not Elsewhere Classified; Philosophy; Social and Political Philosophy,A/Prof Stephanie Collins; A/Prof Terry Macdonald; A/Prof Luara Ferracioli,0000-0002-9105-8886; 0000-0001-9784-0302,Monash University,Monash University,,1
DP250102830,2025,Active,621344,643709.0,Monash University,4905,Statistics,4905; 490502,Statistics; Biostatistics,A/Prof Jessica Kasza; Prof Andrew Forbes,0000-0002-8940-0136; 0000-0003-4269-914X,Monash University,Monash University,,1
DP250102842,2025,Active,615670,639231.0,Monash University,3403,Macromolecular and Materials Chemistry,3403; 340305; 340603,Macromolecular and Materials Chemistry; Physical Properties of Materials; Colloid and Surface Chemistry,Dr Karolina Matuszek; Em/Prof Douglas MacFarlane; Prof Rico Tabor,0000-0001-8979-5927; 0000-0001-5963-9659; 0000-0003-2926-0095,Monash University,Monash University,,1
DP250102951,2025,Active,636811,660893.0,Monash University,3214,Pharmacology and Pharmaceutical Sciences,310110; 310112; 3214; 321401,Receptors and Membrane Biology; Structural Biology (Incl. MacRomolecular Modelling); Pharmacology and Pharmaceutical Sciences; Basic Pharmacology,Dr Tracy Josephs; Prof Patrick Sexton,0000-0002-7799-3683,Monash University,Monash University,,1
DP250102966,2025,Active,588848,610694.0,Monash University,3406,Physical Chemistry,340202; 3406; 340605; 401699,Crystallography; Physical Chemistry; Molecular Imaging (Incl. Electron Microscopy and Neutron Diffraction); Materials Engineering Not Elsewhere Classified,Dr Amelia Liu; Dr Timothy Petersen,0000-0001-7764-5067; 0000-0002-8714-1484,Monash University,Monash University,,1
DP250102988,2025,Active,684175,709970.0,Monash University,3406,Physical Chemistry,321404; 3406; 340603,Pharmaceutical Delivery Technologies; Physical Chemistry; Colloid and Surface Chemistry,A/Prof John Quinn; Prof Benjamin Boyd; Dr Wye Khay Fong,0000-0002-4593-1170; 0000-0001-5434-590X; 0000-0002-0437-9332,Monash University,Monash University,,1
DP250103030,2025,Active,366222,381139.0,Monash University,3405,Organic Chemistry,3405; 340501; 340503; 340505,Organic Chemistry; Free Radical Chemistry; Organic Chemical Synthesis; Physical Organic Chemistry,Prof David Lupton,0000-0002-0958-4298,Monash University,Monash University,,1
DP250103032,2025,Active,651227,664552.0,Monash University,5204,Cognitive and Computational Psychology,5204; 520401,Cognitive and Computational Psychology; Cognition,A/Prof Sharna Jamadar; Prof Gary Egan,0000-0001-7222-7181; 0000-0002-3186-4026,Monash University,Monash University,,1
DP250103072,2025,Active,679420,708393.0,Monash University,3101,Biochemistry and Cell Biology,3101; 310102; 310111,"Biochemistry and Cell Biology; Cell Development, Proliferation and Death; Signal Transduction",Prof Kieran Harvey,,Monash University,Monash University,,1
DP250103243,2025,Active,511740,536637.0,Monash University,3104,Evolutionary Biology,3104; 310403; 310406,Evolutionary Biology; Biological Adaptation; Evolutionary Impacts of Climate Change,Prof Carla Sgro; Prof Ary Hoffmann,0000-0001-7950-2246; 0000-0001-9497-7645,Monash University,Monash University,,1
DP250103251,2025,Active,563680,586294.0,Monash University,4602,Artificial Intelligence,4602; 460203; 461199; 490108,Artificial Intelligence; Evolutionary Computation; Machine Learning Not Elsewhere Classified; Operations Research,Prof Andreas Ernst; Prof Xiaodong Li; Dr Yuan Sun,0000-0002-1101-8359; 0000-0003-2911-0070,Monash University,Monash University,,1
DP250103521,2025,Active,576850,597872.0,Monash University,3107,Microbiology,3107; 310701; 310704,Microbiology; Bacteriology; Microbial Genetics,Prof Dena Lyras; Dr Yogitha Srikhanta,,Monash University,Monash University,,1
DP250103525,2025,Active,794523,825776.0,Monash University,4016,Materials Engineering,4016; 401607,Materials Engineering; Metals and Alloy Materials,Prof Jian-Feng Nie,,Monash University,Monash University,,1
DP250103575,2025,Active,878182,905630.0,Monash University,4016,Materials Engineering,4016; 401607,Materials Engineering; Metals and Alloy Materials,Prof Christopher Hutchinson,,Monash University,Monash University,,1
DP250103601,2025,Active,540000,561385.0,Monash University,4904,Pure Mathematics,4904; 490409,"Pure Mathematics; Ordinary Differential Equations, Difference Equations and Dynamical Systems",Prof Warwick Tucker,0000-0001-9888-944X,Monash University,Monash University,,1
DP250103746,2025,Active,476124,495074.0,Monash University,5108,Quantum Physics,5108; 510801,Quantum Physics; Degenerate Quantum Gases and Atom Optics,Prof Meera Parish; A/Prof Jesper Levinsen,0000-0001-8705-0171; 0000-0002-2010-3512,Monash University,Monash University,,1
DP250103750,2025,Active,208399,216008.0,Monash University,4303,Historical Studies,4303; 430308; 430314,"Historical Studies; European History (Excl. British, Classical Greek and Roman); History of Religion",Prof Julie Kalman,0000-0002-4495-8179,Monash University,Monash University,,1
DP250103795,2025,Active,1396173,1456939.0,Monash University,3101,Biochemistry and Cell Biology,3101; 310110; 310112; 321401,Biochemistry and Cell Biology; Receptors and Membrane Biology; Structural Biology (Incl. MacRomolecular Modelling); Basic Pharmacology,Prof Patrick Sexton; Dr Matthew Belousoff,0000-0002-3229-474X,Monash University,Monash University,,1
DP250103974,2025,Active,572105,594068.0,Monash University,3405,Organic Chemistry,3405; 340503,Organic Chemistry; Organic Chemical Synthesis,Prof Philip Chan,0000-0002-8786-6143,Monash University,Monash University,,1
DP250104109,2025,Active,1026616,1057795.0,Monash University,3209,Neurosciences,3209; 320903; 520202; 520403,"Neurosciences; Central Nervous System; Behavioural Neuroscience; Learning, Motivation and Emotion",Prof Zane Andrews,0000-0002-9097-7944,Monash University,Monash University,,1
DP250104165,2025,Active,743667,772745.0,Monash University,3209,Neurosciences,3209; 320903; 320904; 520404,Neurosciences; Central Nervous System; Computational Neuroscience (Incl. Mathematical Neuroscience and Theoretical Neuroscience); Memory and Attention,Dr Maureen Hagan; A/Prof Yan Wong,0000-0003-4965-2731; 0000-0002-5281-8221,Monash University,Monash University,,1
DP250104201,2025,Active,435000,451497.0,Monash University,4903,Numerical and Computational Mathematics,4903; 490304,Numerical and Computational Mathematics; Optimisation,Dr James Saunderson,0000-0002-5456-0180,Monash University,Monash University,,1
DP250104240,2025,Active,1117985,1151590.0,Monash University,3101,Biochemistry and Cell Biology,3101; 310103; 310110; 310111,Biochemistry and Cell Biology; Cell Metabolism; Receptors and Membrane Biology; Signal Transduction,Prof Christina Mitchell; Dr Meagan McGrath,0000-0002-9414-6558,Monash University,Monash University,,1
DP250104242,2025,Active,801000,832649.0,Monash University,3101,Biochemistry and Cell Biology,3101; 310106; 310110; 310111,Biochemistry and Cell Biology; Enzymes; Receptors and Membrane Biology; Signal Transduction,Prof Christina Mitchell; Prof Ian Smyth; Dr Elizabeth Davies,0000-0003-1838-536X,Monash University,Monash University,,1
DP250104274,2025,Active,623274,648504.0,Monash University,3209,Neurosciences,3209; 320903; 320906; 321401,Neurosciences; Central Nervous System; Peripheral Nervous System; Basic Pharmacology,A/Prof Wendy Imlach; Prof Arthur Christopoulos,0000-0002-7521-9969,Monash University,Monash University,,1
DP250104378,2025,Active,701415,731230.0,Monash University,4003,Biomedical Engineering,4003; 400302; 400309,Biomedical Engineering; Biomaterials; Neural Engineering,Prof John Forsythe; Em/Prof Helena Parkington; A/Prof Levin Kuhlmann; Prof Marie-Isabel Aguilar,0000-0003-2849-229X; 0000-0002-0590-651X; 0000-0002-5108-6348; 0000-0002-0234-4064,Monash University,Monash University,,1
DP250104571,2025,Active,669050,694992.0,Monash University,3215,Reproductive Medicine,3215; 321503,Reproductive Medicine; Reproduction,Prof Karla Hutt; Dr Jessica Stringer; Dr Amy Winship,0000-0002-5111-8389; 0000-0003-4729-3026; 0000-0001-7848-1447,Monash University,Monash University,,1
DP250104773,2025,Active,841033,870367.0,Monash University,3101,Biochemistry and Cell Biology,3101; 310102; 310109; 310702,"Biochemistry and Cell Biology; Cell Development, Proliferation and Death; Proteomics and Intermolecular Interactions (Excl. Medical Proteomics); Infectious Agents",Prof Darren Creek; A/Prof Danny Wilson,0000-0001-7497-7082; 0000-0002-5073-1405,Monash University,Monash University,,1
DP250104894,2025,Active,720000,749328.0,Monash University,3105,Genetics,3105; 310504; 310505,Genetics; Epigenetics (Incl. Genome Methylation and Epigenomics); Gene Expression (Incl. Microarray and Other Genome-Wide Approaches),Prof Chen Davidovich,0000-0002-1085-6094,Monash University,Monash University,,1
DP250105091,2025,Active,498891,517471.0,Monash University,3801,Applied Economics,3801; 380104,Applied Economics; Economics of Education,A/Prof Rigissa Megalokonomou,0000-0002-5687-671X,Monash University,Monash University,,1
DP250103744,2025,Active,569636,592024.0,The Australian National University,4904,Pure Mathematics,4904; 490406; 490410,"Pure Mathematics; Lie Groups, Harmonic and Fourier Analysis; Partial Differential Equations",A/Prof Po-Lam Yung; Prof Neil Trudinger,0000-0002-0441-3625,Australian National University,Australian National University,,1
DP250100759,2025,Active,540000,543666.0,The Australian National University,3708,Oceanography,3708; 370803,Oceanography; Physical Oceanography,Dr Adele Morrison; Prof Matthew England; Dr Madelaine Gamble Rosevear,0000-0002-9904-4980; 0000-0003-4254-843X,Australian National University,Australian National University,,1
DP250101115,2025,Active,803784,842716.0,The University of Adelaide,3105,Genetics,3105; 310503; 310510; 310599,Genetics; Developmental Genetics (Incl. Sex Determination); Molecular Evolution; Genetics Not Elsewhere Classified,Prof Paul Thomas,,University of Adelaide,University of Adelaide,,1
DP250100915,2025,Active,741300,772285.0,The University of New South Wales,4018,Nanotechnology,340301; 4018; 401810,Inorganic Materials (Incl. Nanomaterials); Nanotechnology; Nanoscale Characterisation,Prof Richard Tilley; Dr Minkyung Kang; Dr Priyank Vijaya Kumar,0000-0003-3248-8496; 0000-0002-8203-7223,University of New South Wales,University of New South Wales,,1
DP250104348,2025,Active,493106,517295.0,Queensland University of Technology,3403,Macromolecular and Materials Chemistry,340101; 3403; 340308,Analytical Spectrometry; Macromolecular and Materials Chemistry; Supramolecular Chemistry,A/Prof Kathleen Mullen; Dr David Marshall,0000-0003-4480-0985; 0000-0002-1711-2338,Queensland University of Technology,Queensland University of Technology,,1
DP250101396,2025,Active,596429,626628.0,The University of New South Wales,4612,Software Engineering,460208; 460406; 4612; 461208,"Natural Language Processing; Software and Application Security; Software Engineering; Software Testing, Verification and Validation",A/Prof Yulei Sui; Dr Hammond Pearce,0000-0002-9510-6574; 0000-0002-3488-7004,University of New South Wales,University of New South Wales,,1
DP250100107,2025,Active,897000,932071.0,The University of Sydney,5205,Social and Personality Psychology,5205; 520505,Social and Personality Psychology; Social Psychology,Prof Fiona White; Dr Mike Seymour,0000-0002-8477-1202,University of Sydney,University of Sydney,,1
DP250101007,2025,Active,753024,781766.0,The University of New South Wales,5202,Biological Psychology,5202; 520202; 520403,"Biological Psychology; Behavioural Neuroscience; Learning, Motivation and Emotion",Dr Karly Turner; Prof Andrew Killcross,0000-0003-3714-5118,University of New South Wales,University of New South Wales,,1
DP250101156,2025,Active,640350,666332.0,Charles Sturt University,3401,Analytical Chemistry,3401; 340108; 340301; 401210,Analytical Chemistry; Sensor Technology (Incl. Chemical Aspects); Inorganic Materials (Incl. Nanomaterials); Microfluidics and Nanofluidics,Prof Muhammad J. A. Shiddiky; Prof Chamindie Punyadeera; Dr Tanveer Hussain; Dr Kevin Koo,0000-0003-4526-4109; 0000-0001-9039-8259; 0000-0003-1973-4584; 0000-0002-2652-1985,Charles Sturt University,Charles Sturt University,,1
DP250100171,2025,Active,852831,886241.0,The University of Newcastle,5202,Biological Psychology,520106; 5202; 520203,Psychology of Ageing; Biological Psychology; Cognitive Neuroscience,Prof Frini Karayanidis; Prof Mitchell Duncan; Prof Suzanne Snodgrass,0000-0002-3317-9954; 0000-0002-9166-6195; 0000-0003-3515-4758,University of Newcastle,University of Newcastle,,1
DP250101405,2025,Active,421502,446683.0,The University of New South Wales,3101,Biochemistry and Cell Biology,3101; 310106; 310112,Biochemistry and Cell Biology; Enzymes; Structural Biology (Incl. MacRomolecular Modelling),A/Prof Alastair Stewart,0000-0002-2070-6030,University of New South Wales,University of New South Wales,,1
DP250100690,2025,Active,528908,550404.0,The Australian National University,5101,Astronomical Sciences,5101; 510103,Astronomical Sciences; Cosmology and Extragalactic Astronomy,Prof Stuart Wyithe; Prof Cathryn Trott; Dr Yuxiang Qin,0000-0001-6324-1766; 0000-0002-4314-1810,Australian National University,Australian National University,,1
DP250101149,2025,Active,536877,548762.0,The University of Melbourne,4005,Civil Engineering,4005; 400502,Civil Engineering; Civil Geotechnical Engineering,Prof Yinghui Tian; Prof Mark Cassidy,0000-0002-0874-2346,University of Melbourne,University of Melbourne,,1
DP250100643,2025,Active,733179,761961.0,University of South Australia,3101,Biochemistry and Cell Biology,3101; 310102; 310199; 310902,"Biochemistry and Cell Biology; Cell Development, Proliferation and Death; Biochemistry and Cell Biology Not Elsewhere Classified; Animal Cell and Molecular Biology",Prof Sharad Kumar,0000-0001-7126-9814,University of South Australia,University of South Australia,,1
DP250103776,2025,Active,508427,528739.0,Charles Darwin University,4410,Sociology,440601; 4410; 441002; 441007,Cultural Geography; Sociology; Environmental Sociology; Sociology and Social Studies of Science and Technology,Dr Michaela Spencer; Dr Matthew Campbell; Prof Adrian MacKenzie; Prof Michael Christie,0000-0003-2936-7343; 0000-0002-5709-658X,Charles Darwin University,Charles Darwin University,,1
DP250102207,2025,Active,437000,454352.0,The University of Queensland,3101,Biochemistry and Cell Biology,3101; 310102; 310111; 310199,"Biochemistry and Cell Biology; Cell Development, Proliferation and Death; Signal Transduction; Biochemistry and Cell Biology Not Elsewhere Classified",Dr Sabrina Burgener,0000-0002-9332-7998,University of Queensland,University of Queensland,,1
DP250100725,2025,Active,406298,411658.0,Deakin University,4401,Anthropology,4401; 440107; 440610,Anthropology; Social and Cultural Anthropology; Social Geography,A/Prof Timothy Neale; Dr Kari Dahlgren; Prof Matthew Kearnes; Prof Teresa Lea; Dr Christopher Mayes,0000-0003-4703-5801; 0000-0002-3111-8891; 0000-0001-6267-9571; 0000-0002-0444-1466; 0000-0003-2674-6225,Deakin University,Deakin University,,1
DP250101119,2025,Active,689942,720136.0,The Australian National University,3706,Geophysics,3706; 370604,Geophysics; Geodynamics,Prof Rhodri Davies; A/Prof Maria Seton; Dr Mark Hoggard; Prof Joanne Whittaker,0000-0002-7662-9468; 0000-0001-8541-1367; 0000-0003-4310-3862; 0000-0002-3170-3935,Australian National University,Australian National University,,1
DP250101468,2025,Active,699300,727956.0,The University of New South Wales,4004,Chemical Engineering,300607; 321002; 4004; 400405,Food Technology; Food Properties (Incl. Characteristics and Health Benefits); Chemical Engineering; Food Engineering,Prof Cordelia Selomulya; Dr Yong Wang,0000-0003-3744-912X,University of New South Wales,University of New South Wales,,1
DP250103374,2025,Active,565891,588379.0,The University of Queensland,5102,"Atomic, Molecular and Optical Physics",5102; 510201; 510601; 510703,"Atomic, Molecular and Optical Physics; Atomic and Molecular Physics; Nuclear Physics; Particle Physics",A/Prof Jacinda Ginges; Dr Benjamin Roberts,0000-0003-0390-0891; 0000-0002-0345-6375,University of Queensland,University of Queensland,,1
DP250100735,2025,Active,615194,637241.0,The Australian National University,5101,Astronomical Sciences,5101; 510103,Astronomical Sciences; Cosmology and Extragalactic Astronomy,Prof Matthew Colless; A/Prof Edward Taylor,0000-0001-9552-8075; 0000-0002-5522-9107,Australian National University,Australian National University,,1
DP250101705,2025,Active,682637,708986.0,University of Wollongong,3401,Analytical Chemistry,310103; 3401; 340101; 340605,Cell Metabolism; Analytical Chemistry; Analytical Spectrometry; Molecular Imaging (Incl. Electron Microscopy and Neutron Diffraction),A/Prof Shane Ellis; Prof Christopher Hyland,0000-0002-3326-5991; 0000-0002-9963-5924,University of Wollongong,University of Wollongong,,1
DP250102068,2025,Active,368285,380940.0,Curtin University,4302,"Heritage, Archive and Museum Studies",4302; 430202; 430203; 440608,"Heritage, Archive and Museum Studies; Critical Heritage, Museum and Archive Studies; Cultural Heritage Management (Incl. World Heritage); Recreation, Leisure and Tourism Geography",Dr Tod Jones; A/Prof Susanna Castleden,0000-0003-3188-8359; 0000-0001-6713-006X,Curtin University,Curtin University,,1
DP250104314,2025,Active,401500,417386.0,University of South Australia,4005,Civil Engineering,4005; 400502,Civil Engineering; Civil Geotechnical Engineering,Prof Md Mizanur Rahman; Prof Arul Arulrajah; Prof Andries Fourie,0000-0002-0638-4055; 0000-0003-1512-9803,University of South Australia,University of South Australia,,1
DP250101781,2025,Active,700332,726519.0,Griffith University,4505,"Aboriginal and Torres Strait Islander Peoples, Society and Community",4505; 450505; 450506; 450521,"Aboriginal and Torres Strait Islander Peoples, Society and Community; Aboriginal and Torres Strait Islander Community and Regional Development; Aboriginal and Torres Strait Islander Community Governance and Decision Making; Aboriginal and Torres Strait Islander Politics",Dr Bartholomew Stanford; Prof Ciaran O'Faircheallaigh,0000-0002-7832-6102,Griffith University,Griffith University,,1
DP250100739,2025,Active,151346,159935.0,The University of New South Wales,4801,Commercial Law,4801; 480106; 480406,Commercial Law; Taxation Law; Law Reform,A/Prof Ann Kayis-Kumar; Prof Michael Walpole; Prof Jan Breckenridge,0000-0002-3445-9069; 0000-0002-5755-2768; 0000-0002-6379-0607,University of New South Wales,University of New South Wales,,1
DP250100418,2025,Active,677659,708728.0,The Australian National University,3108,Plant Biology,3108; 310802; 310803; 310806,Plant Biology; Plant Biochemistry; Plant Cell and Molecular Biology; Plant Physiology,Dr Kai Xun Chan; Prof Zhong-Hua Chen; Prof Caitlin Byrt,0000-0003-3554-7228; 0000-0002-7531-320X; 0000-0001-8549-2873,Australian National University,Australian National University,,1
DP250100594,2025,Active,699000,724539.0,University of Wollongong,3101,Biochemistry and Cell Biology,3101; 310106; 310112; 310508,Biochemistry and Cell Biology; Enzymes; Structural Biology (Incl. MacRomolecular Modelling); Genome Structure and Regulation,Dr Jacob Lewis; Dr Lisanne Spenkelink,0000-0002-9945-6133; 0000-0002-5511-8757,University of Wollongong,University of Wollongong,,1
DP250100461,2025,Active,660397,680909.0,Griffith University,4408,Political Science,4408; 440801,Political Science; Australian Government and Politics,Dr Erin O'Brien; Dr Ainsley Elbra; Dr Martijn Boersma,0000-0003-4593-8951; 0000-0002-1359-7673; 0000-0001-9789-1046,Griffith University,Griffith University,,1
DP250102801,2025,Active,365770,379611.0,Griffith University,3506,Marketing,3506; 350601; 470102,Marketing; Consumer Behaviour; Communication Technology and Digital Media Studies,Dr Sara Thaichon; A/Prof Isaac Cheah; A/Prof Park Thaichon; Prof Scott Weaven,0000-0002-0976-5179; 0000-0001-5064-7812; 0000-0001-7512-7362; 0000-0001-9150-7111,Griffith University,Griffith University,,1
DP250101460,2025,Active,519771,546638.0,The University of Queensland,3506,Marketing,3506; 350612,Marketing; Social Marketing,Prof Sara Dolnicar; Prof Marius Portmann; Dr Danyelle Greene; Dr Anna Zinn; Dr Siamak Layeghy,0000-0001-5176-3161; 0000-0003-1852-3961; 0000-0001-9568-449X; 0000-0002-3631-0372; 0000-0002-1229-2368,University of Queensland,University of Queensland,,1
DP250103673,2025,Active,1217672,1270537.0,The University of Queensland,3107,Microbiology,310410; 3107; 310701; 310704,Phylogeny and Comparative Analysis; Microbiology; Bacteriology; Microbial Genetics,Prof Philip Hugenholtz,0000-0001-5386-7925,University of Queensland,University of Queensland,,1
DP250102681,2025,Active,730968,765630.0,The Australian National University,3103,Ecology,3103; 310301; 310308,Ecology; Behavioural Ecology; Terrestrial Ecology,A/Prof Damien Farine; Prof Saul Cunningham; Dr Ross Crates,0000-0003-2208-7613; 0000-0003-0703-6893; 0000-0002-7660-309X,Australian National University,Australian National University,,1
DP250100715,2025,Active,1263789,1298519.0,The University of New South Wales,4003,Biomedical Engineering,4003; 400303; 420703,Biomedical Engineering; Biomechanical Engineering; Motor Control,Prof Lynne Bilston; Dr Peter Burke; Dr Bowen Dempsey,0000-0001-8250-9019; 0000-0002-6896-3298; 0000-0002-6441-8794,University of New South Wales,University of New South Wales,,1
DP250101885,2025,Active,648006,666385.0,The University of Sydney,4406,Human Geography,4406; 440612; 440714,Human Geography; Urban Geography; Urban Policy,Dr Sophia Maalsen; Prof Pauline McGuirk; Prof Robyn Dowling,0000-0001-6384-0785; 0000-0001-8998-2685,University of Sydney,University of Sydney,,1
DP250101508,2025,Active,1091246,1130794.0,The University of Queensland,3107,Microbiology,310509; 3107; 310703; 310704,Genomics; Microbiology; Microbial Ecology; Microbial Genetics,Prof Philip Hugenholtz,0000-0001-5386-7925,University of Queensland,University of Queensland,,1
DP250103019,2025,Active,617128,631566.0,The University of New South Wales,5101,Astronomical Sciences,5101; 510109,Astronomical Sciences; Stellar Astronomy and Planetary Systems,Dr Benjamin Montet; Prof Christopher Tinney,0000-0001-7516-8308; 0000-0002-7595-0970,University of New South Wales,University of New South Wales,,1
DP250100522,2025,Active,863257,889323.0,The University of Sydney,4301,Archaeology,4301; 430102,"Archaeology; Archaeology of Asia, Africa and the Americas",Prof Alison Betts; Dr Rebecca Hamilton; Dr Michael Spate,0000-0002-3664-6001; 0000-0002-5443-8353; 0000-0003-2844-735X,University of Sydney,University of Sydney,,1
DP250102295,2025,Active,646936,672612.0,Griffith University,3102,Bioinformatics and Computational Biology,310103; 3102; 310205,Cell Metabolism; Bioinformatics and Computational Biology; Proteomics and Metabolomics,Prof Katherine Andrews; Dr Ghizal Siddiqui; Dr Alain-Dominique Gorse,0000-0002-1591-8979; 0000-0002-3153-3198,Griffith University,Griffith University,,1
DP250101476,2025,Active,460410,484288.0,Flinders University,4106,Soil Sciences,401701; 410405; 4106; 410603,Acoustics and Noise Control (Excl. Architectural Acoustics); Environmental Rehabilitation and Restoration; Soil Sciences; Soil Biology,A/Prof Martin Breed; Dr Jake Robinson; Dr Craig Liddicoat; Prof Timothy Cavagnaro,0000-0001-7810-9696; 0000-0001-8108-3271; 0000-0002-4812-7524; 0000-0002-9922-5677,Flinders University,Flinders University,,1
DP250101568,2025,Active,423636,433316.0,University of Southern Queensland,5101,Astronomical Sciences,5101; 510109,Astronomical Sciences; Stellar Astronomy and Planetary Systems,Dr Xu Huang; Dr Yanjun Zhou; Prof Duncan Wright; Dr Thomas Evans-Soma,0000-0002-4891-3517; 0000-0001-7294-5386; 0000-0001-5442-1300,University of Southern Queensland,University of Southern Queensland,,1
DP250103080,2025,Active,662287,691650.0,The University of Sydney,4016,Materials Engineering,4016; 401605; 401807,Materials Engineering; Functional Materials; Nanomaterials,Prof Anita Ho-Baillie; Dr Jueming Bing,0000-0001-9849-4755; 0000-0002-3886-0757,University of Sydney,University of Sydney,,1
DP250100162,2025,Active,254965,265921.0,The University of Queensland,3801,Applied Economics,3801; 380106; 380109; 380304,Applied Economics; Experimental Economics; Industry Economics and Industrial Organisation; Microeconomic Theory,Dr Antonio Rosato; Dr Zachary Breig,0000-0003-1789-0225; 0000-0002-6755-277X,University of Queensland,University of Queensland,,1
DP250101510,2025,Active,579272,588733.0,The University of Sydney,4005,Civil Engineering,4005; 400502; 409903,Civil Engineering; Civil Geotechnical Engineering; Granular Mechanics,Dr Benjamin Marks; Prof Alexander Scheuermann,0000-0003-2928-9349; 0000-0002-5676-5403,University of Sydney,University of Sydney,,1
DP250101804,2025,Active,758537,788254.0,The University of Melbourne,4004,Chemical Engineering,310703; 4004; 400410; 400411,Microbial Ecology; Chemical Engineering; Wastewater Treatment Processes; Water Treatment Processes,Prof Benjamin Howden; Prof Linda Blackall; Dr Arash Zamyadi; A/Prof Michael Grace; Dr Rebekah Henry,0000-0003-0237-1473; 0000-0002-0982-8133; 0000-0001-6530-8557,University of Melbourne,University of Melbourne,,1
DP250101054,2025,Active,689566,715951.0,The University of Melbourne,4401,Anthropology,4401; 440107; 460806; 470102,Anthropology; Social and Cultural Anthropology; Human-Computer Interaction; Communication Technology and Digital Media Studies,Prof Tamara Kohn; Hon Prof Michael Arnold; Prof Martin Gibbs; Dr Bjørn Nansen; Dr Hannah Harewood Gould,0000-0002-1071-4168; 0000-0002-5796-4578; 0000-0002-1990-1955; 0000-0001-6215-8768; 0000-0003-4260-1085,University of Melbourne,University of Melbourne,,1
DP250100893,2025,Active,1025000,1055550.0,The Australian National University,3101,Biochemistry and Cell Biology,3101; 310110; 310112,Biochemistry and Cell Biology; Receptors and Membrane Biology; Structural Biology (Incl. MacRomolecular Modelling),Prof Ben Corry; Dr Zijing Zhou,0000-0002-6324-442X,Australian National University,Australian National University,,1
DP250101689,2025,Active,242634,254563.0,The University of Sydney,4303,Historical Studies,4303; 430302; 430304; 430316,Historical Studies; Australian History; British History; International History,Prof Christopher Hilliard; Dr Marco Duranti; Dr Isobelle Barrett Meyering,0000-0002-3847-3415; 0000-0001-6846-8505,University of Sydney,University of Sydney,,1
DP250102186,2025,Active,1076895,1111839.0,The University of Sydney,5202,Biological Psychology,5202; 520203,Biological Psychology; Cognitive Neuroscience,Dr Claire O'Callaghan; Prof James Shine; Dr Eli Muller,0000-0001-5698-6364; 0000-0003-1762-5499; 0000-0003-2497-0194,University of Sydney,University of Sydney,,1
DP250104899,2025,Active,638518,661989.0,The University of Western Australia,4015,Maritime Engineering,401299; 4015; 401503; 401504,Fluid Mechanics and Thermal Engineering Not Elsewhere Classified; Maritime Engineering; Ocean Engineering; Ship and Platform Structures (Incl. Maritime Hydrodynamics),Dr Hugh Wolgamot; Dr Jana Orszaghova; Dr Nataliia Sergiienko,0000-0003-2722-1340; 0000-0002-3418-398X,University of Western Australia,University of Western Australia,,1
DP250104267,2025,Active,570804,593446.0,The University of New South Wales,5101,Astronomical Sciences,5101; 510104; 510109,Astronomical Sciences; Galactic Astronomy; Stellar Astronomy and Planetary Systems,Prof Dennis Stello,0000-0002-4879-3519,University of New South Wales,University of New South Wales,,1
DP250102502,2025,Active,748746,776021.0,Queensland University of Technology,4016,Materials Engineering,4016; 401605,Materials Engineering; Functional Materials,Prof Hongxia Wang; Dr Yang Yang,0000-0003-0146-5259; 0000-0003-1325-7932,Queensland University of Technology,Queensland University of Technology,,1
DP250100812,2025,Active,768693,796249.0,The University of New South Wales,4008,Electrical Engineering,4008; 400806; 400911,Electrical Engineering; Electrical MacHines and Drives; Power Electronics,Prof Rukmi Dutta; Prof Muhammed Rahman; Prof Youguang Guo; Dr Guoyu Chu; A/Prof Victoria Timchenko,0000-0002-8232-3537; 0000-0001-6182-0684; 0000-0001-5466-1515; 0000-0002-1228-5344,University of New South Wales,University of New South Wales,,1
DP250104642,2025,Active,693896,715713.0,The University of Adelaide,4406,Human Geography,4406; 440699,Human Geography; Human Geography Not Elsewhere Classified,Dr Amy Clair; Prof Emma Baker; Prof Andrew Beer,0000-0001-5739-183X; 0000-0002-9390-0491; 0000-0002-9255-3985,University of Adelaide,University of Adelaide,,1
DP250104145,2025,Active,588188,612823.0,The University of Western Australia,4101,Climate Change Impacts and Adaptation,310305; 310801; 4101; 410102,Marine and Estuarine Ecology (Incl. Marine Ichthyology); Phycology (Incl. Marine Grasses); Climate Change Impacts and Adaptation; Ecological Impacts of Climate Change and Ecological Adaptation,Prof Thomas Wernberg,0000-0003-1185-9745,University of Western Australia,University of Western Australia,,1
DP250100937,2025,Active,877410,909315.0,Central Queensland University,3505,Human Resources and Industrial Relations,3505; 350505; 520299,Human Resources and Industrial Relations; Occupational and Workplace Health and Safety; Biological Psychology Not Elsewhere Classified,A/Prof Grace Vincent; Prof Sally Ferguson; Dr Madeline Sprajcer; A/Prof Matthew Thomas,0000-0002-7036-7823; 0000-0002-4966-871X,Central Queensland University,Central Queensland University,,1
DP250101589,2025,Active,575360,597356.0,The University of New South Wales,3101,Biochemistry and Cell Biology,3101; 310105; 310110,"Biochemistry and Cell Biology; Cellular Interactions (Incl. Adhesion, Matrix, Cell Wall); Receptors and Membrane Biology",A/Prof Kathryn Poole; Prof Boris Martinac,0000-0003-0879-6093,University of New South Wales,University of New South Wales,,1
DP250101445,2025,Active,650943,678059.0,The University of Queensland,3507,"Strategy, Management and Organisational Behaviour",3507; 350710,"Strategy, Management and Organisational Behaviour; Organisational Behaviour",Dr Caroline Knight; Prof Sharon Parker; Prof Nicole Gillespie,0000-0002-0978-1873,University of Queensland,University of Queensland,,1
DP250100542,2025,Active,408977,422568.0,Griffith University,5201,Applied and Developmental Psychology,350507; 5201; 520104,Workplace Wellbeing and Quality of Working Life; Applied and Developmental Psychology; Industrial and Organisational Psychology (Incl. Human Factors),Prof Michelle Hood; Prof Peter Creed; Prof Andrea Bialocerkowski; Dr Xi Wen (Carys) Chan,0000-0002-2240-030X; 0000-0001-5946-5679; 0000-0002-1301-4386,Griffith University,Griffith University,,1
DP250100922,2025,Active,535000,554063.0,RMIT University,4016,Materials Engineering,340109; 4016; 401605; 401805,"Separation Science; Materials Engineering; Functional Materials; Nanofabrication, Growth and Self Assembly",A/Prof Huacheng Zhang; Dr Jue Hou,0000-0001-5464-2947; 0000-0003-0325-6979,RMIT University,RMIT University,,1
DP250100973,2025,Active,649361,678313.0,RMIT University,5104,Condensed Matter Physics,5104; 510401; 510404; 510805,Condensed Matter Physics; Condensed Matter Characterisation Technique Development; Electronic and Magnetic Properties of Condensed Matter; Superconductivity; Quantum Technologies,A/Prof Jean-Philippe Tetienne; Prof Igor Aharonovich; Dr David Broadway,0000-0001-5796-2508; 0000-0003-4304-3935; 0000-0002-7375-8766,RMIT University,RMIT University,,1
DP250103135,2025,Active,523011,536234.0,The University of Sydney,4007,"Control Engineering, Mechatronics and Robotics",4007; 400706; 460205; 460304,"Control Engineering, Mechatronics and Robotics; Field Robotics; Intelligent Robotics; Computer Vision",Prof Stefan Williams; A/Prof Thierry Peynot; Dr Donald Dansereau,0000-0001-9416-5639; 0000-0003-2540-1639,University of Sydney,University of Sydney,,1
DP250104637,2025,Active,494844,506906.0,The University of Queensland,3107,Microbiology,3107; 310703; 310799,Microbiology; Microbial Ecology; Microbiology Not Elsewhere Classified,Prof Jianhua Guo; Dr Katherine Bowerman,0000-0002-4732-9175; 0000-0003-2339-114X,University of Queensland,University of Queensland,,1
DP250102885,2025,Active,672413,698828.0,Queensland University of Technology,4017,Mechanical Engineering,310602; 401607; 4017; 401706,"Bioprocessing, Bioproduction and Bioproducts; Metals and Alloy Materials; Mechanical Engineering; Numerical Modelling and Mechanical Characterisation",Prof Cheng Yan; Prof Zhanying Zhang,0000-0002-8041-0389,Queensland University of Technology,Queensland University of Technology,,1
DP250102887,2025,Active,683413,710561.0,Queensland University of Technology,4016,Materials Engineering,4016; 401607; 401706,Materials Engineering; Metals and Alloy Materials; Numerical Modelling and Mechanical Characterisation,Prof Cheng Yan; Dr Michael Jones; Dr Konstantin Faershteyn,0000-0002-0720-8715,Queensland University of Technology,Queensland University of Technology,,1
DP250100407,2025,Active,195000,206812.0,The University of Melbourne,3801,Applied Economics,3801; 380109; 380304,Applied Economics; Industry Economics and Industrial Organisation; Microeconomic Theory,Prof Simon Loertscher,0000-0003-1138-3775,University of Melbourne,University of Melbourne,,1
DP250102550,2025,Active,740000,768961.0,The University of Queensland,3204,Immunology,310103; 3204; 320407,Cell Metabolism; Immunology; Innate Immunity,Prof Matthew Sweet,0000-0002-0406-8139,University of Queensland,University of Queensland,,1
DP250101089,2025,Active,527724,542021.0,The University of Melbourne,5205,Social and Personality Psychology,5205; 520505,Social and Personality Psychology; Social Psychology,Prof Brock Bastian; Dr Kelly Kirkland,0000-0003-4619-3322; 0000-0001-7286-6506,University of Melbourne,University of Melbourne,,1
DP250103980,2025,Active,570767,594020.0,The University of New South Wales,4016,Materials Engineering,4016; 401605; 401805,"Materials Engineering; Functional Materials; Nanofabrication, Growth and Self Assembly",A/Prof Zi (Sophia) Gu; Dr Siddulu Naidu Talapaneni,,University of New South Wales,University of New South Wales,,1
DP250101240,2025,Active,588278,613099.0,Deakin University,4702,Cultural Studies,440601; 4702; 470209,Cultural Geography; Cultural Studies; Environment and Culture,Prof Emily Potter; Prof Donna Houston; A/Prof Fiona Miller; A/Prof Brigid Magner,0000-0002-4171-3002; 0000-0003-3181-3517; 0000-0003-4427-6466; 0000-0003-2294-2958,Deakin University,Deakin University,,1
DP250101811,2025,Active,526117,546060.0,RMIT University,4012,Fluid Mechanics and Thermal Engineering,400406; 4012; 401210; 401410,Powder and Particle Technology; Fluid Mechanics and Thermal Engineering; Microfluidics and Nanofluidics; Microtechnology,Prof Leslie Yeo; A/Prof Ravichandar Babarao,0000-0002-5949-9729; 0000-0003-3556-495X,RMIT University,RMIT University,,1
DP250100514,2025,Active,598386,627980.0,The University of Sydney,4011,Environmental Engineering,4011; 401105,Environmental Engineering; Life Cycle Assessment and Industrial Ecology,Prof Manfred Lenzen; Dr Mengyu Li; Prof Thomas Wiedmann; Dr Cameron Allen,0000-0002-6791-1170; 0000-0002-6395-8887; 0000-0001-9954-6684,University of Sydney,University of Sydney,,1
DP250100527,2025,Active,510011,529880.0,The Australian National University,4904,Pure Mathematics,4904; 490401; 490402; 490412,Pure Mathematics; Algebra and Number Theory; Algebraic and Differential Geometry; Topology,Prof Uri Onn; Dr David Baraglia; Dr Ian Le; A/Prof Masoud Kamgarpour,0000-0001-6787-7147; 0000-0001-6751-0898; 0000-0001-9522-256X,Australian National University,Australian National University,,1
DP250102084,2025,Active,748781,767967.0,Queensland University of Technology,3505,Human Resources and Industrial Relations,3505; 350504; 460806,Human Resources and Industrial Relations; Industrial and Employee Relations; Human-Computer Interaction,Prof Paula McDonald; A/Prof Penelope Williams; A/Prof Ben Matthews,0000-0002-3549-4691; 0000-0002-2680-9129; 0000-0003-1128-729X,Queensland University of Technology,Queensland University of Technology,,1
DP250101244,2025,Active,625501,659143.0,The University of Sydney,4005,Civil Engineering,4005; 400502,Civil Engineering; Civil Geotechnical Engineering,Prof Abbas El-Zein; Prof Balwant Singh; A/Prof Pierre Rognon,0000-0002-9751-2971; 0000-0001-7071-2247,University of Sydney,University of Sydney,,1
DP250101036,2025,Active,435000,452108.0,The University of Queensland,4903,Numerical and Computational Mathematics,4903; 490304,Numerical and Computational Mathematics; Optimisation,Prof Fred Roosta; Dr Lindon Roberts,0000-0002-6920-7072; 0000-0001-6438-9703,University of Queensland,University of Queensland,,1
DP250100955,2025,Active,677700,705532.0,The University of New South Wales,4005,Civil Engineering,4005; 400510,Civil Engineering; Structural Engineering,Prof Chongmin Song; Prof Ean Tat Ooi,0000-0001-8791-9068,University of New South Wales,University of New South Wales,,1
DP250104537,2025,Active,671006,692096.0,The Australian National University,4009,"Electronics, Sensors and Digital Hardware",370609; 4009; 400909; 510302,"Seismology and Seismic Exploration; Electronics, Sensors and Digital Hardware; Photonic and Electro-Optical Devices, Sensors and Systems (Excl. Communications); Classical and Physical Optics",A/Prof Bram Slagmolen; Prof Phil Cummins,0000-0002-2471-3828,Australian National University,Australian National University,,1
DP250101137,2025,Active,577752,600718.0,The University of New South Wales,4004,Chemical Engineering,4004; 400407; 400705,Chemical Engineering; Process Control and Simulation; Control Engineering,Prof Jie Bao,0000-0002-6774-9863,University of New South Wales,University of New South Wales,,1
DP250103453,2025,Active,547886,568744.0,The University of Adelaide,3405,Organic Chemistry,3405; 340503,Organic Chemistry; Organic Chemical Synthesis,Dr Thomas Fallon,0000-0002-6495-5282,University of Adelaide; University of Newcastle,University of Adelaide; University of Newcastle,,2
DP250102044,2025,Active,742533,758686.0,The University of New South Wales,4803,International and Comparative Law,4803; 480307; 480309; 480703,International and Comparative Law; International Humanitarian and Human Rights Law; Ocean Law and Governance; Domestic Human Rights Law,Prof Justine Nolan; Prof Natalie Klein; Prof Shelley Marshall,0000-0002-9744-020X; 0000-0003-4059-3309,University of New South Wales,University of New South Wales,,1
DP250102643,2025,Active,675265,697912.0,The University of New South Wales,4803,International and Comparative Law,4803; 480307; 480309; 480310,International and Comparative Law; International Humanitarian and Human Rights Law; Ocean Law and Governance; Public International Law,Prof Natalie Klein; Prof Sarah Williams,,University of New South Wales,University of New South Wales,,1
DP250100728,2025,Active,448919,474213.0,The Australian National University,4303,Historical Studies,4303; 430302; 430319,Historical Studies; Australian History; Migration History,A/Prof Francesco Ricatti; Prof Nathalie Nguyen; Prof Tanya Evans; Dr Alexandra Dellios; Dr Liz Allen,0000-0002-0745-7287; 0000-0002-5468-1759; 0000-0003-3701-9736; 0000-0002-3485-005X,Australian National University,Australian National University,,1
DP250100890,2025,Active,417743,429600.0,The University of Melbourne,5204,Cognitive and Computational Psychology,460802; 5204; 520403; 520599,"Affective Computing; Cognitive and Computational Psychology; Learning, Motivation and Emotion; Social and Personality Psychology Not Elsewhere Classified",A/Prof Peter Koval; Prof Vassilis Kostakos,0000-0003-2460-0943; 0000-0003-2804-6038,University of Melbourne,University of Melbourne,,1
DP250101112,2025,Active,483000,501574.0,The University of New South Wales,4903,Numerical and Computational Mathematics,490103; 4903; 490304,"Calculus of Variations, Mathematical Aspects of Systems Theory and Control Theory; Numerical and Computational Mathematics; Optimisation",Prof Guoyin Li; Prof Vaithilingam Jeyakumar,0000-0002-2099-7974,University of New South Wales,University of New South Wales,,1
DP250100762,2025,Active,572736,594721.0,The University of Sydney,4904,Pure Mathematics,4904; 490401; 490403; 490405,"Pure Mathematics; Algebra and Number Theory; Category Theory, K Theory, Homological Algebra; Group Theory and Generalisations",Dr Daniel Tubbenhauer; A/Prof Kevin Coulembier,0000-0001-7265-5047; 0000-0003-0996-3965,University of Sydney,University of Sydney,,1
DP250101852,2025,Active,728736,760252.0,The University of New South Wales,4016,Materials Engineering,340210; 4016; 401605; 510406,Solid State Chemistry; Materials Engineering; Functional Materials; Structural Properties of Condensed Matter,A/Prof Terry Frankcombe; Prof Yun Liu; Dr Cheng Yang,0000-0002-5404-3909; 0000-0002-2497-7014,University of New South Wales,University of New South Wales,,1
DP250100184,2025,Active,532363,553355.0,Macquarie University,4804,Law In Context,4804; 480408,"Law In Context; Law, Science and Technology",A/Prof Rita Matulionyte; Prof Farah Magrabi; Prof Amin Beheshti,0000-0002-5202-1351; 0000-0002-8426-5588; 0000-0002-5988-5494,Macquarie University,Macquarie University,,1
DP250101443,2025,Active,833154,868191.0,The University of Sydney,4406,Human Geography,4406; 440603; 440703; 441004,Human Geography; Economic Geography; Economic Development Policy; Social Change,Dr Gareth Bryant; Dr Sophie Webber; Dr Benjamin Spies-Butcher; Dr Claire Parfitt; Dr Svenja Keele,0000-0002-7597-4622; 0000-0002-0427-5082; 0000-0002-5205-5746; 0000-0001-8363-9165,University of Sydney,University of Sydney,,1
DP250100824,2025,Active,595956,601359.0,The University of Melbourne,4904,Pure Mathematics,4904; 490401; 490405; 490406,"Pure Mathematics; Algebra and Number Theory; Group Theory and Generalisations; Lie Groups, Harmonic and Fourier Analysis",A/Prof Ting Xue; Prof Kari Vilonen,0000-0003-4231-2910,University of Melbourne,University of Melbourne,,1
DP250103140,2025,Active,500021,517865.0,James Cook University,5205,Social and Personality Psychology,5205; 520505,Social and Personality Psychology; Social Psychology,Dr Helena Radke; Prof Michelle Ryan; Dr Emina Subasic,0000-0002-9451-1535; 0000-0003-1091-9275; 0000-0001-7987-4859,James Cook University,James Cook University,,1
DP250101190,2025,Active,618971,640658.0,RMIT University,4018,Nanotechnology,400302; 400307; 4018; 401810,Biomaterials; Mechanobiology; Nanotechnology; Nanoscale Characterisation,Dr Amy Gelmi,0000-0003-1636-6448,RMIT University,RMIT University,,1
DP250102748,2025,Active,610710,640776.0,The University of Queensland,4001,Aerospace Engineering,4001; 400106; 400107,"Aerospace Engineering; Hypersonic Propulsion and Hypersonic Aerothermodynamics; Satellite, Space Vehicle and Missile Design and Testing",Dr David Gildfind; Prof Timothy McIntyre; Dr Tristan Vanyai,0000-0003-1678-2660; 0000-0002-6590-3564; 0000-0002-5248-2545,University of Queensland,University of Queensland,,1
DP250101530,2025,Active,656338,681344.0,The University of Sydney,4003,Biomedical Engineering,320210; 320606; 4003; 400302,Geriatrics and Gerontology; Regenerative Medicine (Incl. Stem Cells); Biomedical Engineering; Biomaterials,Prof Hala Zreiqat,,University of Sydney,University of Sydney,,1
DP250100104,2025,Active,765067,788588.0,The University of New South Wales,3101,Biochemistry and Cell Biology,3101; 310106; 310109; 310113,Biochemistry and Cell Biology; Enzymes; Proteomics and Intermolecular Interactions (Excl. Medical Proteomics); Synthetic Biology,Prof Marc Wilkins; Dr Joshua Hamey,0000-0002-0463-8955,University of New South Wales,University of New South Wales,,1
DP250102415,2025,Active,532924,543018.0,The University of New South Wales,3502,"Banking, Finance and Investment",3502; 350206; 350208,"Banking, Finance and Investment; Insurance Studies; Investment and Risk Management",A/Prof Yang Shen; A/Prof Jonathan Ziveyi,0000-0002-0559-2231; 0000-0001-9029-8039,University of New South Wales,University of New South Wales,,1
DP250101655,2025,Active,552481,562614.0,The University of Sydney,4099,Other Engineering,4099; 409903,Other Engineering; Granular Mechanics,A/Prof Pierre Rognon; Prof David Airey; Dr Benjamin Marks,0000-0001-7071-2247; 0000-0002-1474-0697; 0000-0003-2928-9349,University of Sydney,University of Sydney,,1
DP250100304,2025,Active,597196,621362.0,Southern Cross University,3703,Geochemistry,3703; 370302; 370505,Geochemistry; Inorganic Geochemistry; Mineralogy and Crystallography,Prof Edward Burton; A/Prof Luke Mosley; Prof Robert Fitzpatrick,0000-0002-9628-089X; 0000-0002-7446-8955,Southern Cross University,Southern Cross University,,1
DP250100582,2025,Active,506636,525847.0,RMIT University,4604,Cybersecurity and Privacy,4604; 460402; 460403,Cybersecurity and Privacy; Data and Information Privacy; Data Security and Protection,Prof Ibrahim Khalil; Dr Xiaoyu Xia,0000-0001-5512-114X; 0000-0003-3526-3217,RMIT University,RMIT University,,1
DP250100343,2025,Active,486393,501743.0,The University of Sydney,4701,Communication and Media Studies,4701; 470107,Communication and Media Studies; Media Studies,Dr Joanne Gray; Prof Marcus Carter; Dr Ben Egliston,0000-0001-5425-4979; 0000-0002-4866-4928; 0000-0002-7878-7208,University of Sydney,University of Sydney,,1
DP250100738,2025,Active,708401,733663.0,The University of Western Australia,3406,Physical Chemistry,3406; 340603; 340604,Physical Chemistry; Colloid and Surface Chemistry; Electrochemistry,Prof Rob Atkin; Prof Gregory Warr; Prof Debbie Silvester; Dr Karolina Matuszek,0000-0001-8781-7854; 0000-0002-6893-1253; 0000-0002-7678-7482; 0000-0001-8979-5927,University of Western Australia,University of Western Australia,,1
DP250100850,2025,Active,629178,654895.0,Queensland University of Technology,4003,Biomedical Engineering,310105; 4003; 400307; 400311,"Cellular Interactions (Incl. Adhesion, Matrix, Cell Wall); Biomedical Engineering; Mechanobiology; Tissue Engineering",A/Prof Laura Bray; Prof Carlos Salomon,0000-0002-1174-0018; 0000-0003-4474-0046,Queensland University of Technology,Queensland University of Technology,,1
DP250103993,2025,Active,724942,753685.0,University of South Australia,4410,Sociology,4410; 441005; 441007,Sociology; Social Theory; Sociology and Social Studies of Science and Technology,Prof Anthony Elliott AM,0000-0002-0765-4467,University of South Australia,University of South Australia,,1
DP250101962,2025,Active,619744,643897.0,The University of New South Wales,3801,Applied Economics,3801; 380106; 380111,Applied Economics; Experimental Economics; Labour Economics,Prof Pauline Grosjean; Dr Ieda Rodrigues Matavelli; A/Prof Victoria Baranov,0000-0003-4777-6466,University of New South Wales,University of New South Wales,,1
DP250100366,2025,Active,592000,615829.0,Queensland University of Technology,4901,Applied Mathematics,4901; 490102; 490303,Applied Mathematics; Biological Mathematics; Numerical Solution of Differential and Integral Equations,Dr Qianqian Yang; A/Prof Viktor Vegh,0000-0002-4331-5059; 0000-0002-4310-1421,Queensland University of Technology,Queensland University of Technology,,1
DP250101228,2025,Active,715617,741417.0,La Trobe University,3705,Geology,3705; 370506; 430101,Geology; Palaeontology (Incl. Palynology); Archaeological Science,Prof Andy Herries; A/Prof Justin Adams; Dr Angeline Leece,0000-0002-2905-2002; 0000-0002-6214-9850; 0000-0003-3348-3726,La Trobe University,La Trobe University,,1
DP250104787,2025,Active,1269449,1295389.0,The University of Western Australia,4016,Materials Engineering,340601; 400408; 4016; 401605,Catalysis and Mechanisms of Reactions; Reaction Engineering (Excl. Nuclear Reactions); Materials Engineering; Functional Materials,Prof Hongqi Sun,0000-0003-0907-5626,University of Western Australia,University of Western Australia,,1
DP250103212,2025,Active,657915,684065.0,The University of Queensland,3101,Biochemistry and Cell Biology,3101; 310105; 310903,"Biochemistry and Cell Biology; Cellular Interactions (Incl. Adhesion, Matrix, Cell Wall); Animal Developmental and Reproductive Biology",Dr Melanie White,0000-0002-7399-8348,University of Queensland,University of Queensland,,1
DP250100134,2025,Active,929546,979041.0,Australian Catholic University,3903,Education Systems,3903; 390302; 390405,Education Systems; Early Childhood Education; Educational Technology and Computing,Prof Susan Edwards; Prof Michael Henderson; Prof Jane Page; Prof Amanda Third; Dr Victoria Minson,0000-0002-5945-0597; 0000-0002-6389-8300; 0000-0002-2310-4051; 0000-0002-4437-0340; 0000-0001-9999-0582,Australian Catholic University,Australian Catholic University,,1
DP250103542,2025,Active,558403,580741.0,Deakin University,4004,Chemical Engineering,4004; 400404; 401401; 461103,Chemical Engineering; Electrochemical Energy Storage and Conversion; Additive Manufacturing; Deep Learning,Prof Ying Ian Chen; Dr Baozhi Yu; Dr Xuequan Lu,0000-0002-7322-2224; 0000-0002-4401-7141; 0000-0003-0959-408X,Deakin University,Deakin University,,1
DP250100998,2025,Active,767243,796618.0,Griffith University,3404,Medicinal and Biomolecular Chemistry,300409; 310112; 3404; 340401,"Crop and Pasture Protection (Incl. Pests, Diseases and Weeds); Structural Biology (Incl. MacRomolecular Modelling); Medicinal and Biomolecular Chemistry; Biologically Active Molecules",A/Prof Thomas Ve; Dr Santosh Rudrawar,0000-0002-0113-1905; 0000-0002-4548-6433,Griffith University,Griffith University,,1
DP250100698,2025,Active,686295,706377.0,Flinders University,3109,Zoology,3109; 310901; 310906; 320907,Zoology; Animal Behaviour; Animal Neurobiology; Sensory Systems,Prof Karin Nordstrom,0000-0002-6020-6348,Flinders University,Flinders University,,1
DP250104387,2025,Active,644976,672539.0,Griffith University,4003,Biomedical Engineering,4003; 400307; 401210,Biomedical Engineering; Mechanobiology; Microfluidics and Nanofluidics,Prof Michael Simmonds; Prof Daniel Kolarich; Dr Lennart Kuck; A/Prof Jason Peart,0000-0001-8145-6787; 0000-0002-8452-1350; 0000-0003-2394-6547; 0000-0002-1027-9995,Griffith University,Griffith University,,1
DP250102499,2025,Active,455058,469771.0,The University of Queensland,4701,Communication and Media Studies,4701; 470102; 470106; 470203,Communication and Media Studies; Communication Technology and Digital Media Studies; Media Industry Studies; Consumption and Everyday Life,Prof Nicholas Carah; Dr Thao Phan; Prof Mark Andrejevic,0000-0002-0378-1303; 0000-0002-2013-3359,University of Queensland,University of Queensland,,1
DP250101095,2025,Active,445000,462108.0,Queensland University of Technology,4901,Applied Mathematics,4901; 490101; 490109,Applied Mathematics; Approximation Theory and Asymptotic Methods; Theoretical and Applied Mechanics,Prof Scott McCue; Dr Michael Dallaston,0000-0001-5304-2384; 0000-0001-8993-6961,Queensland University of Technology,Queensland University of Technology,,1
DP250102285,2025,Active,214000,217666.0,Australian Catholic University,4703,Language Studies,430305; 4703; 470316; 470513,Classical Greek and Roman History; Language Studies; Latin and Classical Greek Languages; Latin and Classical Greek Literature,Dr Michael Hanaghan; A/Prof Stephen Carlson; Prof Bronwen Neil,0000-0002-5055-703X; 0000-0002-9519-6389,Australian Catholic University,Australian Catholic University,,1
DP250101822,2025,Active,735082,775010.0,The University of New South Wales,3605,Screen and Digital Media,3605; 360599; 460206; 470299,Screen and Digital Media; Screen and Digital Media Not Elsewhere Classified; Knowledge Representation and Reasoning; Cultural Studies Not Elsewhere Classified,Prof Jill Bennett; Prof Michael Thielscher; Mr Volker Kuchelmeister,,University of New South Wales,University of New South Wales,,1
DP250100818,2025,Active,626397,651540.0,The University of Melbourne,4101,Climate Change Impacts and Adaptation,4101; 410103; 440602,Climate Change Impacts and Adaptation; Human Impacts of Climate Change and Human Adaptation; Development Geography,Prof Celia McMichael; Dr Annah Piggott-McKellar; Prof Karen McNamara,0000-0002-4572-602X; 0000-0002-2810-9812; 0000-0002-4511-8403,University of Melbourne,University of Melbourne,,1
DP250101771,2025,Active,328469,345659.0,Macquarie University,3502,"Banking, Finance and Investment",3502; 350202,"Banking, Finance and Investment; Finance",Prof Tom Smith; Prof Yin Liao; A/Prof Di Bu; Dr Natasha Fernandes; Prof Niloufer Selvadurai,0000-0002-5343-0579; 0000-0002-8714-6808; 0000-0002-9212-7839; 0000-0002-0426-7357,Macquarie University,Macquarie University,,1
DP250100324,2025,Active,838583,867759.0,The Australian National University,4501,"Aboriginal and Torres Strait Islander Culture, Language and History",4501; 450103; 450105; 450114,"Aboriginal and Torres Strait Islander Culture, Language and History; Aboriginal and Torres Strait Islander Cultural History; Aboriginal and Torres Strait Islander Curatorial, Archives and Museum Studies; Aboriginal and Torres Strait Islander Repatriation",Prof Cressida Fforde; Prof Daryle Rigney; A/Prof Steve Hemming; Prof Craig Longman,0000-0001-5095-5444; 0000-0002-9642-9906; 0000-0002-3284-1264; 0000-0002-4718-9838,Australian National University,Australian National University,,1
DP250100058,2025,Active,546940,568938.0,The University of Melbourne,4406,Human Geography,4406; 440601; 440612,Human Geography; Cultural Geography; Urban Geography,Prof David Bissell; Prof Ilan Wiesel,0000-0002-7244-1775,University of Melbourne,University of Melbourne,,1
DP250102621,2025,Active,483108,502166.0,RMIT University,3303,Design,3303; 330315; 470206,Design; Textile and Fashion Design; Cultural Studies of Nation and Region,Prof Alice Payne; A/Prof Tiziana Ferrero-Regis; Dr Zoe Mellick,0000-0002-1570-6378; 0000-0003-4673-2680; 0000-0002-8101-1742,RMIT University,RMIT University,,1
DP250100078,2025,Active,538596,547269.0,The University of New South Wales,3502,"Banking, Finance and Investment",3502; 350206; 350208,"Banking, Finance and Investment; Insurance Studies; Investment and Risk Management",Prof Qihe Tang; Prof Elise Payzan-LeNestour,0000-0002-5985-8939; 0000-0001-8658-3208,University of New South Wales,University of New South Wales,,1
DP250101273,2025,Active,567816,596012.0,University of Southern Queensland,5101,Astronomical Sciences,5101; 510109,Astronomical Sciences; Stellar Astronomy and Planetary Systems,Prof Robert Wittenmyer; Prof Jonathan Horner,0000-0002-1160-7970,University of Southern Queensland,University of Southern Queensland,,1
DP250103952,2025,Active,550000,571385.0,The Australian National University,4904,Pure Mathematics,4904; 490402; 490410,Pure Mathematics; Algebraic and Differential Geometry; Partial Differential Equations,Dr Mat Langford; Prof James McCoy; Prof Benjamin Andrews,0000-0001-6053-5144,Australian National University,Australian National University,,1
DP250100714,2025,Active,518288,541663.0,The University of New South Wales,4016,Materials Engineering,4016; 401602; 401609,Materials Engineering; Composite and Hybrid Materials; Polymers and Plastics,Dr Shuhua Peng; Dr Liya Zhao; Dr Tao Wan,0000-0002-6229-4871; 0000-0001-9345-8624,University of New South Wales,University of New South Wales,,1
DP250101265,2025,Active,201638,209940.0,The Australian National University,4303,Historical Studies,4303; 430302,Historical Studies; Australian History,A/Prof Amanda Laugesen; Dr Karen Fox,0000-0002-3290-6574; 0000-0001-5308-930X,Australian National University,Australian National University,,1
DP250101269,2025,Active,550392,577196.0,The University of Queensland,4003,Biomedical Engineering,4003; 400304; 400309; 510204,"Biomedical Engineering; Biomedical Imaging; Neural Engineering; Photonics, Optoelectronics and Optical Communications",Dr Martin Ploschner; A/Prof Jiawen Li; Dr Clarissa Whitmire,0000-0001-8818-6070; 0000-0001-5789-4293,University of Queensland,University of Queensland,,1
DP250100819,2025,Active,679667,706444.0,The University of Melbourne,3404,Medicinal and Biomolecular Chemistry,310106; 3404; 340401,Enzymes; Medicinal and Biomolecular Chemistry; Biologically Active Molecules,Prof Spencer Williams,0000-0001-6341-4364,University of Melbourne,University of Melbourne,,1
DP250101215,2025,Active,655607,675294.0,RMIT University,3404,Medicinal and Biomolecular Chemistry,310607; 3404; 340403,Nanobiotechnology; Medicinal and Biomolecular Chemistry; Characterisation of Biological MacRomolecules,Dr Nicholas Reynolds; Dr Sarah Annesley; Prof Thiruma Arumugam; Dr Eugeniu Balaur,0000-0003-4360-1335; 0000-0002-7604-3985; 0000-0002-3377-0939; 0000-0003-4029-2055,RMIT University; La Trobe University,RMIT University; La Trobe University,,2
DP250101942,2025,Active,1020143,1059674.0,The University of Sydney,4016,Materials Engineering,4016; 401607,Materials Engineering; Metals and Alloy Materials,Prof Julie Cairney; Dr Ranming Niu; A/Prof Patrick Burr,0000-0001-8190-552X; 0000-0003-4796-9110,University of Sydney,University of Sydney,,1
DP250100297,2025,Active,573990,596100.0,University of Wollongong,4904,Pure Mathematics,4904; 490401; 490408,Pure Mathematics; Algebra and Number Theory; Operator Algebras and Functional Analysis,Prof Aidan Sims; Prof Jacqui Ramagge; Dr Nathan Brownlowe; Dr Anna Duwenig,0000-0002-1965-6451; 0000-0001-9376-5712; 0000-0001-6042-2561,University of Wollongong,University of Wollongong,,1
DP250101107,2025,Active,831600,865522.0,The University of Sydney,3101,Biochemistry and Cell Biology,3101; 310110; 310111; 310112,Biochemistry and Cell Biology; Receptors and Membrane Biology; Signal Transduction; Structural Biology (Incl. MacRomolecular Modelling),A/Prof Ronald Clarke; Prof Frances Separovic; Prof Boris Martinac; Dr Sameer Kulkarni,0000-0002-6484-2763; 0000-0001-5896-9568,University of Sydney,University of Sydney,,1
DP250101828,2025,Active,650167,676333.0,The University of Melbourne,4902,Mathematical Physics,4902; 490205; 490402; 510702,"Mathematical Physics; Mathematical Aspects of Quantum and Conformal Field Theory, Quantum Gravity and String Theory; Algebraic and Differential Geometry; Field Theory and String Theory",Dr Johanna Knapp; Dr Jock McOrist,0000-0001-7715-6175; 0000-0001-6005-5431,University of Melbourne,University of Melbourne,,1
DP250100300,2025,Active,472682,491521.0,The University of Melbourne,4007,"Control Engineering, Mechatronics and Robotics",4007; 400705; 460202; 490103,"Control Engineering, Mechatronics and Robotics; Control Engineering; Autonomous Agents and Multiagent Systems; Calculus of Variations, Mathematical Aspects of Systems Theory and Control Theory",Prof Dragan Nesic,,University of Melbourne,University of Melbourne,,1
DP250101122,2025,Active,1193746,1229897.0,University of Tasmania,3706,Geophysics,3706; 370609; 370902,Geophysics; Seismology and Seismic Exploration; Glaciology,Prof Anya Reading; Dr Tobias Staal; Dr Felicity McCormack,0000-0002-4323-6748; 0000-0002-2324-2120,University of Tasmania,University of Tasmania,,1
DP250103808,2025,Active,594228,617217.0,Macquarie University,4904,Pure Mathematics,4904; 490402; 490410,Pure Mathematics; Algebraic and Differential Geometry; Partial Differential Equations,Dr Paul Bryan; Prof Benjamin Andrews; Dr Julie Clutterbuck,0000-0001-8155-6091,Macquarie University,Macquarie University,,1
DP250104633,2025,Active,616215,640462.0,The University of New South Wales,4016,Materials Engineering,4016; 401603; 401699,Materials Engineering; Compound Semiconductors; Materials Engineering Not Elsewhere Classified,Prof Sean Li; Prof Shujun Zhang; Dr Junjie Shi,0000-0001-6139-6887; 0000-0002-8460-2361,University of New South Wales,University of New South Wales,,1
DP250103477,2025,Active,900265,935525.0,The University of Queensland,3204,Immunology,300304; 310111; 3204; 320407,Animal Protection (Incl. Pests and Pathogens); Signal Transduction; Immunology; Innate Immunity,Dr Larisa Labzin; Prof Ricardo Soares Magalhaes,0000-0001-9098-4493; 0000-0001-9157-8470,University of Queensland,University of Queensland,,1
DP250103199,2025,Active,551600,574192.0,The University of Melbourne,4902,Mathematical Physics,4902; 490206; 490506,"Mathematical Physics; Statistical Mechanics, Physical Combinatorics and Mathematical Aspects of Condensed Matter; Probability Theory",Prof Jan de Gier; A/Prof Sophie Hautphenne; A/Prof Michael Wheeler,0000-0001-5415-3318; 0000-0002-8361-1901; 0000-0001-5403-3914,University of Melbourne,University of Melbourne,,1
DP250102495,2025,Active,2175460,2227220.0,Western Sydney University,4701,Communication and Media Studies,420318; 4701; 470102,People With Disability; Communication and Media Studies; Communication Technology and Digital Media Studies,Prof Gerard Goggin; Prof Kathleen Ellis; Prof Jennifer Smith-Merry; Prof Simon Darcy; Prof Paul Harpur; Prof Bree Hadley; Prof Michael Kent; A/Prof Dinesh Wadiwel; Dr Natasha Layton; A/Prof Mary-Ann O'Donovan; Prof Scott Avery,0000-0002-2954-5309; 0000-0001-9560-2378; 0000-0002-6705-2652; 0000-0002-3350-0381; 0000-0002-1923-6481; 0000-0002-3549-3808; 0000-0002-1939-1975; 0000-0002-3213-8069; 0000-0002-3378-5305; 0000-0001-5286-2022,Western Sydney University,Western Sydney University,,1
DP250100753,2025,Active,679839,705920.0,The University of New South Wales,3405,Organic Chemistry,340209; 3405; 340505,Organometallic Chemistry; Organic Chemistry; Physical Organic Chemistry,Dr Martin Peeks; Prof Leslie Field,0000-0002-9057-9444,University of New South Wales,University of New South Wales,,1
DP250100971,2025,Active,481928,502494.0,RMIT University,5103,Classical Physics,340601; 5103; 510301,Catalysis and Mechanisms of Reactions; Classical Physics; Acoustics and Acoustical Devices; Waves,A/Prof Amgad Rezk; A/Prof Hamid Arandiyan; Dr Peter Sherrell,0000-0002-3556-5621; 0000-0001-5633-3945; 0000-0003-4644-6238,RMIT University,RMIT University,,1
DP250100822,2025,Active,827760,858600.0,The University of Sydney,3406,Physical Chemistry,3406; 340603; 401807,Physical Chemistry; Colloid and Surface Chemistry; Nanomaterials,Prof Gregory Warr; Prof Rob Atkin; Dr Haihui Joy Jiang,0000-0002-6893-1253; 0000-0001-8781-7854; 0000-0002-7302-755X,University of Sydney,University of Sydney,,1
DP250102188,2025,Active,966533,1003970.0,The University of Melbourne,4016,Materials Engineering,340701; 4016; 401605; 401807,Computational Chemistry; Materials Engineering; Functional Materials; Nanomaterials,Prof Frank Caruso; Prof Irene Yarovsky; Dr Yi Ju,0000-0002-0197-497X; 0000-0002-4033-5150; 0000-0003-0103-1207,University of Melbourne,University of Melbourne,,1
DP250100932,2025,Active,730000,751996.0,Deakin University,3105,Genetics,3105; 310503; 310504; 310909,Genetics; Developmental Genetics (Incl. Sex Determination); Epigenetics (Incl. Genome Methylation and Epigenomics); Animal Physiology - Cell,Prof Severine Lamon; Prof Vincent Harley; Prof Nir Eynon; A/Prof David Scott; Dr Steven O'Bryan,0000-0002-3271-6551; 0000-0002-2405-1262; 0000-0003-4046-8276; 0000-0001-5226-1972; 0000-0001-8094-640X,Deakin University,Deakin University,,1
DP250103550,2025,Active,780000,809328.0,University of Southern Queensland,3108,Plant Biology,300704; 3108; 310805; 310899,Forest Health and Pathology; Plant Biology; Plant Pathology; Plant Biology Not Elsewhere Classified,A/Prof Sambasivam Periyannan; Prof Levente Kiss,0000-0002-5421-2872; 0000-0002-4785-4308,University of Southern Queensland,University of Southern Queensland,,1
DP250103141,2025,Active,556004,576959.0,The University of Queensland,4003,Biomedical Engineering,320222; 4003; 400304; 460303,Radiology and Organ Imaging; Biomedical Engineering; Biomedical Imaging; Computational Imaging,Dr Steffen Bollmann; Dr Lena Oestreich,0000-0002-2909-0906; 0000-0002-4978-7794,University of Queensland,University of Queensland,,1
DP250100648,2025,Active,784652,806534.0,Flinders University,3209,Neurosciences,3209; 320901; 320906; 320907,Neurosciences; Autonomic Nervous System; Peripheral Nervous System; Sensory Systems,Prof Nick Spencer,,Flinders University,Flinders University,,1
DP250103648,2025,Active,254018,264184.0,University of Tasmania,4303,Historical Studies,4303; 430302; 430307,Historical Studies; Australian History; Environmental History,A/Prof Alessandro Antonello,0000-0002-7549-1436,University of Tasmania; Flinders University,University of Tasmania; Flinders University,,2
DP250100702,2025,Active,625494,655077.0,Monash University,3802,Econometrics,3802; 380203; 490108; 490501,Econometrics; Economic Models and Forecasting; Operations Research; Applied Statistics,A/Prof Anastasios Panagiotelis; Prof George Athanasopoulos; Dr Hung Ho-Nguyen; Prof Robin Hyndman; Prof Petr Radchenko,0000-0001-8678-7294; 0000-0003-4464-7730; 0000-0001-8826-9239,Monash University; University of Sydney,Monash University; University of Sydney,,2
DP250103133,2025,Active,699465,731288.0,The University of New South Wales,3105,Genetics,310299; 3105; 310505,Bioinformatics and Computational Biology Not Elsewhere Classified; Genetics; Gene Expression (Incl. Microarray and Other Genome-Wide Approaches),A/Prof Robert Weatheritt; Prof Eduardo Eyras; Dr Nikolay Shirokikh; Dr Ksenia Skvortsova,0000-0003-3716-1783; 0000-0003-0793-6218; 0000-0001-8249-358X; 0000-0003-1400-1998,University of New South Wales,University of New South Wales,,1
DP250101306,2025,Active,512052,537577.0,The University of Sydney,4016,Materials Engineering,401401; 4016; 401609,Additive Manufacturing; Materials Engineering; Polymers and Plastics,Prof Fariba Dehghani; Dr Sepehr Talebian; Dr Sina Naficy,0000-0002-4735-0986,University of Sydney,University of Sydney,,1
DP250100603,2025,Active,378678,391105.0,Australian Catholic University,4303,Historical Studies,4303; 430305; 470513,Historical Studies; Classical Greek and Roman History; Latin and Classical Greek Literature,A/Prof Kylie Crabbe; Dr Estelle Strazdins; Dr Sarah Gador-Whyte; Dr Tatiana Bur,0000-0002-5223-4138; 0000-0002-7792-5111; 0000-0003-2935-653X; 0000-0001-6474-6344,Australian Catholic University,Australian Catholic University,,1
DP250100019,2025,Active,457623,476630.0,Deakin University,5202,Biological Psychology,520101; 5202; 520203; 520207,Child and Adolescent Development; Biological Psychology; Cognitive Neuroscience; Social and Affective Neuroscience,Prof Tim Silk; Dr Nandita Vijayakumar; Prof Sarah Whittle; Dr Michelle Byrne,0000-0002-7290-512X; 0000-0002-5622-9547; 0000-0003-3145-1528; 0000-0002-4180-8095,Deakin University,Deakin University,,1
DP250100074,2025,Active,512091,533951.0,Queensland University of Technology,4701,Communication and Media Studies,4701; 470102,Communication and Media Studies; Communication Technology and Digital Media Studies,A/Prof Michelle Riedlinger; Prof Peta Mitchell; Dr Jake Goldenfein; Prof Jean Burgess; Dr Aaron Snoswell; Dr Kevin Witzenberger,0000-0003-4402-4824; 0000-0003-4523-6685; 0000-0002-0242-8559; 0000-0002-4770-1627; 0000-0003-0960-0144; 0000-0002-7643-701X,Queensland University of Technology,Queensland University of Technology,,1
DP250104554,2025,Active,400731,418692.0,The University of Western Australia,5201,Applied and Developmental Psychology,5201; 520101; 520302,Applied and Developmental Psychology; Child and Adolescent Development; Clinical Psychology,Prof Kathryn Modecki; Prof Bep Uink; Prof Allison Waters; Prof Melanie Zimmer-Gembeck; Prof Lara Farrell; Prof Caroline Donovan,0000-0002-9937-9748; 0000-0002-4030-6261; 0000-0003-2453-793X; 0000-0002-4231-2227; 0000-0001-6380-635X,University of Western Australia,University of Western Australia,,1
DP250104625,2025,Active,520686,540549.0,University of South Australia,3301,Architecture,3301; 330101; 430106; 430204,Architecture; Architectural Computing and Visualisation Methods; Digital Archaeology; Digital Heritage,A/Prof Erik Champion; Dr Anna Kotarba; A/Prof Kelly Greenop; Prof Martin Gibbs,0000-0002-5362-6176; 0000-0002-0069-3834; 0000-0003-2145-5277; 0000-0001-8158-7613,University of South Australia,University of South Australia,,1
DP250104755,2025,Active,579372,610205.0,The Australian National University,5101,Astronomical Sciences,5101; 510101; 510102; 510204,"Astronomical Sciences; Astrobiology; Astronomical Instrumentation; Photonics, Optoelectronics and Optical Communications",Prof Michael Ireland; A/Prof Ludovic Rapp; Prof Steve Madden,0000-0002-6194-043X; 0000-0002-9256-2048; 0000-0003-3146-285X,Australian National University,Australian National University,,1
DP250103613,2025,Active,750292,778759.0,University of South Australia,3105,Genetics,310102; 3105; 310505,"Cell Development, Proliferation and Death; Genetics; Gene Expression (Incl. Microarray and Other Genome-Wide Approaches)",A/Prof Philip Gregory; Dr Katherine Pillman,0000-0002-0999-0632; 0000-0002-5869-889X,University of South Australia,University of South Australia,,1
DP250101690,2025,Active,500072,516015.0,James Cook University,3104,Evolutionary Biology,3104; 310406; 310510; 319902,Evolutionary Biology; Evolutionary Impacts of Climate Change; Molecular Evolution; Global Change Biology,Prof Jan Strugnell; A/Prof Ira Cooke,0000-0003-2994-637X; 0000-0001-6520-1397,James Cook University,James Cook University,,1
DP250103225,2025,Active,426446,437954.0,The University of Queensland,4408,Political Science,4408; 440808,Political Science; International Relations,Prof Shahar Hameiri; Dr Kelly Gerard; Dr Annabel Dulhunty,0000-0001-7262-2448; 0000-0002-4725-6703; 0000-0002-1962-2470,University of Queensland,University of Queensland,,1
DP250100778,2025,Active,581236,604724.0,The University of New South Wales,4016,Materials Engineering,4016; 401601; 401805,"Materials Engineering; Ceramics; Nanofabrication, Growth and Self Assembly",Prof Danyang Wang; Prof Shujun Zhang; Dr Aditya Rawal; Dr Jack Yang,0000-0002-7883-8001; 0000-0001-6139-6887; 0000-0003-3589-6807,University of New South Wales,University of New South Wales,,1
DP250103889,2025,Active,594127,618411.0,Macquarie University,4016,Materials Engineering,400910; 4016; 401602,Photovoltaic Devices (Solar Cells); Materials Engineering; Composite and Hybrid Materials,Prof Shujuan Huang; Prof Xiaoke Yi; Dr Binesh Puthen Veettil,0000-0003-3468-4773; 0000-0001-9701-0034,Macquarie University,Macquarie University,,1
DP250100166,2025,Active,805228,838222.0,The University of Queensland,3108,Plant Biology,300103; 310504; 3108; 310803,Agricultural Molecular Engineering of Nucleic Acids and Proteins; Epigenetics (Incl. Genome Methylation and Epigenomics); Plant Biology; Plant Cell and Molecular Biology,Dr Peter Crisp; Prof Lee Hickey; Prof Emma Mace; Prof David Jordan; Prof Ian Godwin,0000-0002-3655-0130; 0000-0001-6909-7101; 0000-0002-5337-8168,University of Queensland,University of Queensland,,1
DP250100871,2025,Active,561608,575085.0,The University of Sydney,3505,Human Resources and Industrial Relations,3505; 350504; 440803; 449901,Human Resources and Industrial Relations; Industrial and Employee Relations; Comparative Government and Politics; Studies of Asian Society,Prof Michele Ford; A/Prof Aim Sinpeng; A/Prof Petr Matous; A/Prof Jie Yin,0000-0002-4917-6758; 0000-0002-6140-6843; 0000-0002-2063-8437,University of Sydney,University of Sydney,,1
DP250101982,2025,Active,457500,467642.0,Australian Catholic University,4704,Linguistics,390104; 390306; 4704; 470401,"English and Literacy Curriculum and Pedagogy (Excl. Lote, Esl and Tesol); Secondary Education; Linguistics; Applied Linguistics and Educational Linguistics",Dr Yaegan Doran; Prof Len Unsworth; Prof James Martin,0000-0002-3611-5702,Australian Catholic University,Australian Catholic University,,1
DP250100658,2025,Active,624591,657090.0,The University of Sydney,4012,Fluid Mechanics and Thermal Engineering,4012; 401208; 401213,Fluid Mechanics and Thermal Engineering; Geophysical and Environmental Fluid Flows; Turbulent Flows,Prof Steven Armfield; A/Prof Nicholas Williamson; Prof Simon Mitrovic,0000-0001-7246-8356,University of Sydney,University of Sydney,,1
DP250103393,2025,Active,681211,711432.0,The University of Sydney,5205,Social and Personality Psychology,520304; 5205; 520505,Health Psychology; Social and Personality Psychology; Social Psychology,Dr Jasmine Fardouly; Dr Marilyn Bromberg; Em/Prof Marika Tiggemann; A/Prof Paul Harrigan; A/Prof Delia Hendrie,0000-0001-5648-6757; 0000-0002-9827-3095; 0000-0001-9729-5543; 0000-0003-2419-3153; 0000-0001-5022-5281,University of Sydney,University of Sydney,,1
DP250102421,2025,Active,420862,427181.0,University of Tasmania,4008,Electrical Engineering,400205; 4008; 400804; 401703,"Hybrid and Electric Vehicles and Powertrains; Electrical Engineering; Electrical Energy Storage; Energy Generation, Conversion and Storage (Excl. Chemical and Electrical)",Prof Xiaolin Wang; Prof Michael Negnevitsky; A/Prof Quang Ha,0000-0003-4293-7523; 0000-0002-5130-419X; 0000-0003-0978-1758,University of Tasmania,University of Tasmania,,1
DP250104954,2025,Active,663709,690934.0,The University of Melbourne,4104,Environmental Management,4104; 410401; 410402,Environmental Management; Conservation and Biodiversity; Environmental Assessment and Monitoring,Prof Emily Nicholson,0000-0003-2199-3446,University of Melbourne,University of Melbourne,,1
DP250103627,2025,Active,908968,949555.0,The University of Queensland,5202,Biological Psychology,320907; 5202; 520203; 520406,"Sensory Systems; Biological Psychology; Cognitive Neuroscience; Sensory Processes, Perception and Performance",Prof Ross Cunnington; Prof Markus Barth,0000-0002-0520-1843,University of Queensland,University of Queensland,,1
DP250100454,2025,Active,723881,751997.0,The University of Sydney,3604,Performing Arts,330104; 3604; 360403,"Architectural History, Theory and Criticism; Performing Arts; Drama, Theatre and Performance Studies",Prof Dr Xiaohuan Zhao; Prof Dr Duanfang Lu,,University of Sydney,University of Sydney,,1
DP250103567,2025,Active,387346,402716.0,University of the Sunshine Coast,3009,Veterinary Sciences,3009; 300909; 310109; 310407,Veterinary Sciences; Veterinary Parasitology; Proteomics and Intermolecular Interactions (Excl. Medical Proteomics); Host-Parasite Interactions,A/Prof Tianfang Wang; Prof Scott Cummins; Prof Travis Beddoe,0000-0002-4876-7767; 0000-0002-1454-2076; 0000-0003-4550-2277,University of the Sunshine Coast,University of the Sunshine Coast,,1
DP250101973,2025,Active,359272,373560.0,The University of Melbourne,3107,Microbiology,310199; 3107; 310706,Biochemistry and Cell Biology Not Elsewhere Classified; Microbiology; Virology,Prof Jason Mackenzie; Prof Peter White; Dr Alice McSweeney,,University of Melbourne,University of Melbourne,,1
DP250103558,2025,Active,765000,799216.0,The University of Sydney,4003,Biomedical Engineering,4003; 400301; 400311; 400399,Biomedical Engineering; Biofabrication; Tissue Engineering; Biomedical Engineering Not Elsewhere Classified,A/Prof Khoon Lim; A/Prof Giselle Yeo; A/Prof Andrew Hoy,0000-0002-2486-196X; 0000-0001-6071-8899; 0000-0003-3922-1137,University of Sydney,University of Sydney,,1
DP250100907,2025,Active,825974,856627.0,The University of Sydney,4016,Materials Engineering,4016; 401605,Materials Engineering; Functional Materials,Prof Yuan Chen,0000-0001-9059-3839,University of Sydney,University of Sydney,,1
DP250102961,2025,Active,414908,434660.0,The University of Sydney,4004,Chemical Engineering,340601; 4004; 400408; 401807,Catalysis and Mechanisms of Reactions; Chemical Engineering; Reaction Engineering (Excl. Nuclear Reactions); Nanomaterials,A/Prof Sarina Sarina; Dr Chung Nguyen,0000-0003-1559-0456; 0000-0002-5171-4447,University of Sydney,University of Sydney,,1
DP250100118,2025,Active,793945,822851.0,The University of Sydney,5204,Cognitive and Computational Psychology,320907; 5204; 520406,"Sensory Systems; Cognitive and Computational Psychology; Sensory Processes, Perception and Performance",Dr Reuben Rideaux; Prof David Alais,,University of Sydney,University of Sydney,,1
DP250104172,2025,Active,729225,765885.0,The Australian National University,3108,Plant Biology,310103; 3108; 310806; 370203,Cell Metabolism; Plant Biology; Plant Physiology; Greenhouse Gas Inventories and Fluxes,Dr Andrew Scafaro,0000-0003-3738-1145,Australian National University,Australian National University,,1
DP250103149,2025,Active,440780,456285.0,The University of Queensland,4505,"Aboriginal and Torres Strait Islander Peoples, Society and Community",4505; 450502; 450518,"Aboriginal and Torres Strait Islander Peoples, Society and Community; Aboriginal and Torres Strait Islander Anthropology; Aboriginal and Torres Strait Islander Peoples and the Law",Dr Richard Martin,,University of Queensland,University of Queensland,,1
DP250100708,2025,Active,719024,750447.0,The University of New South Wales,5108,Quantum Physics,5108; 510805,Quantum Physics; Quantum Technologies,A/Prof Jarryd Pla; A/Prof Arne Laucht,0000-0002-7152-3453; 0000-0001-7892-7963,University of New South Wales,University of New South Wales,,1
DP250101368,2025,Active,578318,601710.0,The University of New South Wales,3401,Analytical Chemistry,310101; 3401; 340101,Analytical Biochemistry; Analytical Chemistry; Analytical Spectrometry,Prof William Donald; A/Prof Anna Wang,0000-0002-6622-8193; 0000-0002-2148-1996,University of New South Wales,University of New South Wales,,1
DP250100141,2025,Active,446165,450862.0,The University of New South Wales,3702,Climate Change Science,3702; 370201,Climate Change Science; Climate Change Processes,Dr Anna Ukkola; Prof Andrew Pitman,0000-0003-1207-3146,University of New South Wales,University of New South Wales,,1
DP250100827,2025,Active,534923,554043.0,The University of New South Wales,4410,Sociology,4410; 441002; 441007; 441011,Sociology; Environmental Sociology; Sociology and Social Studies of Science and Technology; Sociology of Health,Prof Deborah Lupton; Prof Mark Davis; Dr Kerryn Drysdale,0000-0003-2658-4430; 0000-0003-4075-0466; 0000-0001-5545-290X,University of New South Wales,University of New South Wales,,1
DP250100311,2025,Active,612547,637053.0,RMIT University,5110,Synchrotrons and Accelerators,310112; 510401; 5110; 511002,Structural Biology (Incl. MacRomolecular Modelling); Condensed Matter Characterisation Technique Development; Synchrotrons and Accelerators; Instruments and Techniques,A/Prof Andrew Martin; A/Prof Nadia Zatsepin; Prof Paul Ramsland,0000-0003-3704-1829; 0000-0003-1757-0205; 0000-0002-2107-2738,RMIT University,RMIT University,,1
DP250101834,2025,Active,492573,500317.0,The Australian National University,3507,"Strategy, Management and Organisational Behaviour",3507; 350710; 460806; 520104,"Strategy, Management and Organisational Behaviour; Organisational Behaviour; Human-Computer Interaction; Industrial and Organisational Psychology (Incl. Human Factors)",Prof Giles Hirst; Prof Gillian Yeo; Prof Sharon Parker; Prof Nicole Gillespie,0000-0001-9173-6096; 0000-0002-0978-1873,Australian National University,Australian National University,,1
DP250103825,2025,Active,685781,711824.0,Flinders University,3107,Microbiology,310201; 3107; 310704,Bioinformatic Methods Development; Microbiology; Microbial Genetics,Prof Robert Edwards; Dr Vijini Mallawaarachchi,0000-0001-8383-8949; 0000-0002-2651-8719,Flinders University,Flinders University,,1
DP250100663,2025,Active,1004964,1053956.0,University of Canberra,4302,"Heritage, Archive and Museum Studies",4302; 430205,"Heritage, Archive and Museum Studies; Heritage and Cultural Conservation",Dr Leonie Wain; Dr Melissa Marshall; Dr Tristen Jones; Prof Penelope King; Prof Dikai Liu; Prof Andrei Rode; Dr Ksenia Maximova,0000-0003-3258-1068; 0000-0002-3431-9007; 0000-0002-2962-674X; 0000-0002-8364-9168; 0000-0002-9869-9782; 0000-0001-9531-8529,University of Canberra,University of Canberra,,1
DP250104149,2025,Active,1538324,1571562.0,Charles Darwin University,4104,Environmental Management,310308; 4104; 410401,Terrestrial Ecology; Environmental Management; Conservation and Biodiversity,Prof Sam Banks; Prof Brett Murphy; Prof John Woinarski; Dr Teigan Cremona; Prof Sarah Legge,0000-0003-2415-0057; 0000-0001-7041-5189; 0000-0001-6968-2781,Charles Darwin University,Charles Darwin University,,1
DP250102634,2025,Active,510636,530825.0,Deakin University,4604,Cybersecurity and Privacy,4604; 460402; 460403,Cybersecurity and Privacy; Data and Information Privacy; Data Security and Protection,Prof Yong Xiang; Dr Leo Zhang,,Deakin University,Deakin University,,1
DP250102489,2025,Active,470095,488583.0,The University of New South Wales,4007,"Control Engineering, Mechatronics and Robotics",4007; 400707; 400709; 400711,"Control Engineering, Mechatronics and Robotics; Manufacturing Robotics; Medical Robotics; Simulation, Modelling, and Programming of Mechatronics Systems",Dr Liao Wu; A/Prof Zongyuan Ge,0000-0002-4554-7638; 0000-0002-5880-8673,University of New South Wales,University of New South Wales,,1
DP250104390,2025,Active,513848,534845.0,Edith Cowan University,4603,Computer Vision and Multimedia Computation,4603; 460304; 460308; 461199,Computer Vision and Multimedia Computation; Computer Vision; Pattern Recognition; Machine Learning Not Elsewhere Classified,Prof David Suter,0000-0001-6306-3023,Edith Cowan University,Edith Cowan University,,1
DP250101611,2025,Active,567116,589333.0,The University of New South Wales,4904,Pure Mathematics,4904; 490404,Pure Mathematics; Combinatorics and Discrete Mathematics (Excl. Physical Combinatorics),Prof Catherine Greenhill; Dr Mikhail Isaev; A/Prof Anita Liebenau; Prof Brendan McKay; Prof Ian Wanless,0000-0001-6998-2282; 0000-0002-5703-0951; 0000-0002-2840-0546; 0000-0002-3553-0496; 0000-0001-8085-0387,University of New South Wales,University of New South Wales,,1
DP250100305,2025,Active,762116,804800.0,The University of Sydney,3108,Plant Biology,3108; 310806,Plant Biology; Plant Physiology,A/Prof Andrew Merchant,0000-0001-8979-6786,University of Sydney,University of Sydney,,1
DP250102939,2025,Active,666653,695430.0,The University of Adelaide,3108,Plant Biology,3108; 310802; 310803,Plant Biology; Plant Biochemistry; Plant Cell and Molecular Biology,Dr Tatiana Soares da Costa; Dr Lesley Cheng,0000-0002-6275-7485; 0000-0002-8075-6144,University of Adelaide,University of Adelaide,,1
DP250101791,2025,Active,836572,868316.0,The Australian National University,5106,Nuclear and Plasma Physics,5106; 510601; 510899,Nuclear and Plasma Physics; Nuclear Physics; Quantum Physics Not Elsewhere Classified,Prof Mahananda Dasgupta; Dr Edward Simpson,0000-0002-1677-9421,Australian National University,Australian National University,,1
DP250104303,2025,Active,702936,731141.0,Curtin University,4016,Materials Engineering,340210; 400404; 4016; 401605,Solid State Chemistry; Electrochemical Energy Storage and Conversion; Materials Engineering; Functional Materials,Prof Dr Zongping Shao,,Curtin University,Curtin University,,1
DP250104816,2025,Active,439448,445065.0,The University of New South Wales,5001,Applied Ethics,5001; 500101; 500104,Applied Ethics; Bioethics; Human Rights and Justice Issues (Excl. Law),Prof Jeremy Moss; A/Prof Fei Huang,0000-0002-6478-863X,University of New South Wales,University of New South Wales,,1
DP250100531,2025,Active,623279,647842.0,The University of Melbourne,3103,Ecology,3103; 310301; 310403,Ecology; Behavioural Ecology; Biological Adaptation,Dr Iliana Medina,0000-0002-1021-5035,University of Melbourne,University of Melbourne,,1
DP250101065,2025,Active,901633,941213.0,The University of Melbourne,3403,Macromolecular and Materials Chemistry,3403; 340302; 340306; 490108,Macromolecular and Materials Chemistry; Macromolecular Materials; Polymerisation Mechanisms; Operations Research,Prof Greg Qiao; Prof Kate Smith-Miles; Dr Elnaz Hajizadeh,0000-0003-2718-7680; 0000-0001-7679-2233,University of Melbourne,University of Melbourne,,1
DP250101371,2025,Active,939699,963084.0,The University of Melbourne,4403,Demography,4403; 440305; 440607; 440705,"Demography; Population Trends and Policies; Population Geography; Gender, Policy and Administration",A/Prof Tania King; Prof Belinda Hewitt; Prof Lyndall Strazdins; Prof Anthony LaMontagne; Dr Humaira Maheen; Prof Gavin Turrell,0000-0002-1201-2485; 0000-0002-2525-8708; 0000-0002-5811-5906; 0000-0002-7474-7727,University of Melbourne,University of Melbourne,,1
DP250104174,2025,Active,999608,1026318.0,Batchelor Institute of Indigenous Tertiary Education,4502,Aboriginal and Torres Strait Islander Education,4502; 450205; 450209; 450210,Aboriginal and Torres Strait Islander Education; Aboriginal and Torres Strait Islander Higher Education; Aboriginal and Torres Strait Islander Secondary Education; Aboriginal and Torres Strait Islander Student Engagement and Teaching,A/Prof John Guenther; Dr Robyn Ober; Prof Rhonda Oliver; Dr Catherine Holmes,0000-0002-0080-1698; 0000-0001-6233-8750; 0000-0002-0248-3654,,,,0
DP250101888,2025,Active,461067,477303.0,The University of Adelaide,4303,Historical Studies,4303; 430302; 430309; 430313,"Historical Studies; Australian History; Gender History; History of Empires, Imperialism and Colonialism",Prof Amanda Nettelbeck; A/Prof Carolyn Holbrook; Dr Leah Lui-Chivizhe; A/Prof Benjamin Mountford; A/Prof Emma Robertson,0000-0002-3327-998X; 0000-0002-5945-6403; 0000-0002-5429-2921; 0000-0001-6193-0082,University of Adelaide,University of Adelaide,,1
DP250100530,2025,Active,412152,428834.0,The University of Sydney,3103,Ecology,3103; 310308; 410401,Ecology; Terrestrial Ecology; Conservation and Biodiversity,Dr Thomas White; A/Prof Tanya Latty; A/Prof Kate Umbers,0000-0002-3976-1734; 0000-0002-9375-4527,University of Sydney,University of Sydney,,1
DP250100615,2025,Active,819000,853460.0,Flinders University,3109,Zoology,310104; 3109; 310906,Cell Neurochemistry; Zoology; Animal Neurobiology,Dr Yee Lian Chew,0000-0001-6078-9312,Flinders University,Flinders University,,1
DP250104259,2025,Active,618299,644154.0,The University of Adelaide,4018,Nanotechnology,401605; 4018; 401807,Functional Materials; Nanotechnology; Nanomaterials,Prof Yan Jiao,0000-0003-1329-4290,University of Adelaide,University of Adelaide,,1
DP250102124,2025,Active,558761,587092.0,The University of Sydney,4005,Civil Engineering,4005; 400510,Civil Engineering; Structural Engineering,Prof Gianluca Ranzi; Prof Priyan Mendis,0000-0003-4068-8201,University of Sydney,University of Sydney,,1
DP250100986,2025,Active,745000,774328.0,The University of Queensland,3105,Genetics,310204; 3105; 310505; 310508,Genomics and Transcriptomics; Genetics; Gene Expression (Incl. Microarray and Other Genome-Wide Approaches); Genome Structure and Regulation,Prof Geoffrey Faulkner; Dr Charles Bell,0000-0001-5769-4494; 0000-0003-2194-8311,University of Queensland,University of Queensland,,1
DP250100393,2025,Active,480409,498798.0,La Trobe University,3505,Human Resources and Industrial Relations,330307; 3505; 350505; 350507,Ergonomics Design; Human Resources and Industrial Relations; Occupational and Workplace Health and Safety; Workplace Wellbeing and Quality of Working Life,Prof Jodi Oakman; Prof Amanda Cooklin; Prof Melissa Graham; A/Prof Liana Leach; Dr Katrina Lambert,0000-0002-0484-8442; 0000-0003-4268-9267; 0000-0002-0927-0002; 0000-0003-3686-2553; 0000-0002-9079-999X,La Trobe University,La Trobe University,,1
DP250100112,2025,Active,672905,699500.0,The Australian National University,4007,"Control Engineering, Mechatronics and Robotics",4007; 400705,"Control Engineering, Mechatronics and Robotics; Control Engineering",Prof Robert Mahony; Dr Timothy Molloy; Prof Girish Nair,0000-0002-7803-2868; 0000-0002-6797-5617,Australian National University,Australian National University,,1
DP250101200,2025,Active,582603,602016.0,The University of Queensland,5204,Cognitive and Computational Psychology,5204; 520406,"Cognitive and Computational Psychology; Sensory Processes, Perception and Performance",Prof Derek Arnold,0000-0003-1027-6222,University of Queensland,University of Queensland,,1
DP250101401,2025,Active,724734,754037.0,The University of New South Wales,4018,Nanotechnology,401605; 4018; 401807,Functional Materials; Nanotechnology; Nanomaterials,A/Prof Kang Liang; A/Prof Jiangtao Xu; Dr Jieying Liang; Dr Aditya Rawal,0000-0003-3985-7688; 0000-0002-9020-7018; 0000-0003-1959-9917,University of New South Wales,University of New South Wales,,1
DP250103150,2025,Active,352234,362943.0,Charles Sturt University,4610,Library and Information Studies,4610; 461006,Library and Information Studies; Library Studies,Prof Jia Tina Du; Prof Helen Partridge,0000-0002-3243-5768,Charles Sturt University,Charles Sturt University,,1
DP250101435,2025,Active,176420,180239.0,The University of Queensland,4401,Anthropology,4401; 440101; 440106; 449901,Anthropology; Anthropology of Development; Medical Anthropology; Studies of Asian Society,Dr Jenny Munro,0000-0003-4869-6986,University of Queensland,University of Queensland,,1
DP250104611,2025,Active,525225,546301.0,The University of Western Australia,5101,Astronomical Sciences,5101; 510103,Astronomical Sciences; Cosmology and Extragalactic Astronomy,Dr Luke Davies; Prof Aaron Robotham,0000-0003-0429-3579,University of Western Australia,University of Western Australia,,1
DP250101050,2025,Active,875853,911495.0,The University of Sydney,4503,Aboriginal and Torres Strait Islander Environmental Knowledges and Management,300210; 300602; 4503; 450301,Sustainable Agricultural Development; Food Chemistry and Food Sensory Science; Aboriginal and Torres Strait Islander Environmental Knowledges and Management; Aboriginal and Torres Strait Islander Agriculture and Forestry,A/Prof Thomas Roberts; Dr Claudia Keitel; A/Prof Tina Bell; Dr Ali Khoddami; Dr Rebecca Cross; A/Prof Floris van Ogtrop,0000-0003-3831-3240; 0000-0003-3101-7529; 0000-0002-1690-2725; 0000-0002-1774-0000; 0000-0003-3582-5996; 0000-0002-5505-3869,University of Sydney,University of Sydney,,1
DP250102563,2025,Active,340744,365971.0,Curtin University,3406,Physical Chemistry,340103; 3406; 340604,Electroanalytical Chemistry; Physical Chemistry; Electrochemistry,A/Prof Nadim Darwish; Prof Simone Ciampi; A/Prof Melanie MacGregor,0000-0002-6565-1723; 0000-0002-8272-8454; 0000-0002-8671-181X,Curtin University,Curtin University,,1
DP250101069,2025,Active,459602,474214.0,The University of Melbourne,3802,Econometrics,3802; 380202; 490508,Econometrics; Econometric and Statistical Methods; Statistical Data Science,Prof Michael Smith; Prof David Frazier,0000-0002-3446-2516,University of Melbourne,University of Melbourne,,1
DP250104864,2025,Active,737676,764870.0,The University of Melbourne,3107,Microbiology,3107; 310704,Microbiology; Microbial Genetics,Dr Christopher Goodman; Prof Stuart Ralph,0000-0002-8923-7594; 0000-0003-0114-7808,University of Melbourne,University of Melbourne,,1
DP250100497,2025,Active,597818,622908.0,The University of Melbourne,4006,Communications Engineering,4006; 400605; 400909,"Communications Engineering; Optical Fibre Communication Systems and Technologies; Photonic and Electro-Optical Devices, Sensors and Systems (Excl. Communications)",Prof Christina Lim; Prof Elaine Wong; Prof Ampalavanapillai Nirmalathas,0000-0002-2561-3482; 0000-0001-7328-5359,University of Melbourne,University of Melbourne,,1
DP250102461,2025,Active,668000,692684.0,The University of Sydney,5203,Clinical and Health Psychology,5203; 520304; 520401; 520406,"Clinical and Health Psychology; Health Psychology; Cognition; Sensory Processes, Perception and Performance",Dr Jemma Todd; Prof Ann Louise Sharpe,0000-0002-4962-0847; 0000-0002-8790-6272,University of Sydney,University of Sydney,,1
DP250101763,2025,Active,339908,353550.0,The Australian National University,4007,"Control Engineering, Mechatronics and Robotics",4007; 400705,"Control Engineering, Mechatronics and Robotics; Control Engineering",Prof Iman Shames; Dr Timothy Molloy; Dr Philipp Braun,0000-0001-7308-3546; 0000-0002-6797-5617; 0000-0002-9619-1483,Australian National University,Australian National University,,1
DP250100855,2025,Active,507271,529267.0,The University of Queensland,4016,Materials Engineering,300210; 300411; 4016; 401609,Sustainable Agricultural Development; Fertilisers (Incl. Application); Materials Engineering; Polymers and Plastics,Prof Bronwyn Laycock; Prof Susanne Schmidt; Prof Steven Pratt; Prof Paul Lant; Dr Ian Levett,0000-0002-0251-844X; 0000-0001-8369-1238; 0000-0003-1030-9039; 0000-0002-5164-686X,University of Queensland,University of Queensland,,1
DP250102432,2025,Active,697582,724322.0,The University of Queensland,4016,Materials Engineering,310799; 401102; 4016; 401609,Microbiology Not Elsewhere Classified; Environmentally Sustainable Engineering; Materials Engineering; Polymers and Plastics,Prof Bronwyn Laycock; Prof Paul Lant; A/Prof Paul Dennis; Prof Steven Pratt; Dr Clement Matthew Chan,0000-0002-0251-844X; 0000-0002-4895-3105; 0000-0003-1030-9039; 0000-0001-5464-4790,University of Queensland,University of Queensland,,1
DP250100536,2025,Active,619780,643854.0,Swinburne University of Technology,4605,Data Management and Data Science,4605; 460503; 460506; 460509,"Data Management and Data Science; Data Models, Storage and Indexing; Graph, Social and Multimedia Data; Query Processing and Optimisation",Prof Chengfei Liu,,Swinburne University of Technology,Swinburne University of Technology,,1
DP250100860,2025,Active,509809,530725.0,Griffith University,4905,Statistics,4905; 490501; 490509,Statistics; Applied Statistics; Statistical Theory,Prof Shu-Kay Angus Ng; A/Prof Hien Nguyen,0000-0002-6865-9384; 0000-0002-9958-432X,Griffith University,Griffith University,,1
DP250103482,2025,Active,584498,606744.0,James Cook University,3107,Microbiology,310204; 3107; 310703; 310704,Genomics and Transcriptomics; Microbiology; Microbial Ecology; Microbial Genetics,Prof David Bourne; Prof David Miller; Dr Laura Rix,0000-0002-1492-8710; 0000-0002-1888-6597,James Cook University,James Cook University,,1
DP250101028,2025,Active,722523,749467.0,Flinders University,4003,Biomedical Engineering,320407; 4003; 400302; 401605,Innate Immunity; Biomedical Engineering; Biomaterials; Functional Materials,Prof Krasimir Vasilev; Prof John Hayball; Dr Richard Bright; A/Prof Kerrilyn Diener,0000-0002-3089-4506; 0000-0003-1988-0725; 0000-0001-8417-5542,Flinders University,Flinders University,,1
DP250104587,2025,Active,410028,424103.0,La Trobe University,4804,Law In Context,4804; 480405; 480703,Law In Context; Law and Society and Socio-Legal Research; Domestic Human Rights Law,A/Prof Piers Gooding; Prof Neeraj Gill; Prof Chris Maylea,0000-0001-5743-5708; 0000-0003-2106-9843; 0000-0003-3688-0487,La Trobe University,La Trobe University,,1
DP250103363,2025,Active,241436,254537.0,The University of Melbourne,5103,Classical Physics,5103; 510302; 510501,Classical Physics; Classical and Physical Optics; Biological Physics,Dr Daniel Fan,0000-0002-9765-3379,University of Melbourne,University of Melbourne,,1
DP250100022,2025,Active,670775,705854.0,The University of Sydney,3103,Ecology,3103; 310301; 410407,Ecology; Behavioural Ecology; Wildlife and Habitat Management,Prof Clare McArthur; Prof Peter Banks; Dr Malcolm Possell; Dr Catherine Price,0000-0002-7867-414X; 0000-0001-5376-8433; 0000-0001-9631-2479,University of Sydney,University of Sydney,,1
DP250102383,2025,Active,770078,800200.0,The University of Western Australia,4014,Manufacturing Engineering,370609; 4014; 401412; 401702,"Seismology and Seismic Exploration; Manufacturing Engineering; Precision Engineering; Dynamics, Vibration and Vibration Control",Prof Li Ju; A/Prof Chunnong Zhao; Em/Prof David Blair; Dr Carl Blair,0000-0001-5825-2401; 0000-0002-1501-2405; 0000-0003-4566-6888,University of Western Australia,University of Western Australia,,1
DP250101469,2025,Active,614000,639051.0,The University of New South Wales,3101,Biochemistry and Cell Biology,3101; 310110; 310112; 310199,Biochemistry and Cell Biology; Receptors and Membrane Biology; Structural Biology (Incl. MacRomolecular Modelling); Biochemistry and Cell Biology Not Elsewhere Classified,Prof Till Boecking; Dr James Walsh; Prof Paul Curmi,0000-0003-1165-3122; 0000-0003-0447-2323,University of New South Wales,University of New South Wales,,1
DP250104479,2025,Active,497847,517881.0,Queensland University of Technology,4018,Nanotechnology,340799; 401605; 4018; 401807,Theoretical and Computational Chemistry Not Elsewhere Classified; Functional Materials; Nanotechnology; Nanomaterials,Prof Dr Aijun Du,0000-0002-3369-3283,Queensland University of Technology,Queensland University of Technology,,1
DP250102552,2025,Active,602667,626206.0,The University of Melbourne,4902,Mathematical Physics,490101; 4902; 490299; 490406,"Approximation Theory and Asymptotic Methods; Mathematical Physics; Mathematical Physics Not Elsewhere Classified; Lie Groups, Harmonic and Fourier Analysis",Dr Mario Kieburg; Prof Peter Forrester,0000-0001-8864-6022,University of Melbourne,University of Melbourne,,1
DP250102623,2025,Active,561127,596166.0,The University of Queensland,4405,Gender Studies,420603; 4405; 440507; 441010,Health Promotion; Gender Studies; Studies of Men and Masculinities; Sociology of Gender,A/Prof Garth Stahl; Prof James Smith; Prof Murray Drummond; A/Prof Kootsy (Justin) Canuto; Dr Mair Underwood,0000-0002-1800-8495; 0000-0002-7348-4881; 0000-0002-7971-4625,University of Queensland,University of Queensland,,1
DP250104014,2025,Active,418171,435956.0,The University of Queensland,4405,Gender Studies,360599; 4405; 440507; 441011,Screen and Digital Media Not Elsewhere Classified; Gender Studies; Studies of Men and Masculinities; Sociology of Health,A/Prof Garth Stahl; Prof James Smith; Prof Murray Drummond; A/Prof Kootsy (Justin) Canuto; Dr Mair Underwood; A/Prof Elizabeth Edwards,0000-0002-1800-8495; 0000-0002-7348-4881; 0000-0002-7971-4625; 0000-0002-7549-205X,University of Queensland,University of Queensland,,1
DP250103176,2025,Active,892451,929144.0,The University of New South Wales,4104,Environmental Management,300304; 4104; 410401,Animal Protection (Incl. Pests and Pathogens); Environmental Management; Conservation and Biodiversity,A/Prof Katherine Moseby; Dr Todd McWhorter; Prof Patricia Fleming,0000-0003-0691-1625; 0000-0002-4746-4975; 0000-0002-0626-3851,University of New South Wales,University of New South Wales,,1
DP250103207,2025,Active,627538,651737.0,The University of Sydney,4016,Materials Engineering,4016; 401607; 401706; 401810,Materials Engineering; Metals and Alloy Materials; Numerical Modelling and Mechanical Characterisation; Nanoscale Characterisation,Prof Xiaozhou Liao,0000-0001-8565-1758,University of Sydney,University of Sydney,,1
DP250101080,2025,Active,535000,555774.0,The University of Western Australia,4904,Pure Mathematics,4904; 490410,Pure Mathematics; Partial Differential Equations,Prof Serena Dipierro; Prof Enrico Valdinoci; Dr Valentina-Mira Wheeler; Dr Glen Wheeler,0000-0003-3314-5647,University of Western Australia,University of Western Australia,,1
DP250101794,2025,Active,403272,418735.0,The University of Adelaide,5002,History and Philosophy of Specific Fields,380301; 5002; 500202; 500207,History of Economic Thought; History and Philosophy of Specific Fields; History and Philosophy of Law and Justice; History of Ideas,Prof Lisa Hill,,University of Adelaide,University of Adelaide,,1
DP250104980,2025,Active,780000,806884.0,The University of Melbourne,3105,Genetics,310199; 3105; 310505; 310508,Biochemistry and Cell Biology Not Elsewhere Classified; Genetics; Gene Expression (Incl. Microarray and Other Genome-Wide Approaches); Genome Structure and Regulation,A/Prof Vihandha Wickramasinghe,0000-0002-9438-3457,University of Melbourne,University of Melbourne,,1
DP250102180,2025,Active,1081809,1123542.0,The University of Sydney,3709,Physical Geography and Environmental Geoscience,310306; 370201; 3709; 370904,Palaeoecology; Climate Change Processes; Physical Geography and Environmental Geoscience; Palaeoclimatology,Prof Jody Webster; Prof Helen McGregor; Prof Gregory Webb; A/Prof Tristan Salles,0000-0002-0005-6448; 0000-0002-4031-2282; 0000-0002-9206-978X; 0000-0001-6095-7689,University of Sydney,University of Sydney,,1
DP250103284,2025,Active,625342,649093.0,La Trobe University,4704,Linguistics,451310; 4704; 470409; 470410,"Pacific Peoples Linguistics and Languages; Linguistics; Linguistic Structures (Incl. Phonology, Morphology and Syntax); Phonetics and Speech Science",Prof Marija Tabain,0000-0002-1193-1244,La Trobe University,La Trobe University,,1
DP250104711,2025,Active,1342738,1382558.0,The University of Western Australia,5201,Applied and Developmental Psychology,380199; 440301; 5201; 520101,Applied Economics Not Elsewhere Classified; Family and Household Studies; Applied and Developmental Psychology; Child and Adolescent Development,Prof Francis Mitrou; Dr Vincent Mancini; A/Prof Jacqui Macdonald; Dr Jan Kabatek; Dr Zac Seidler; Em/Prof Stephen Zubrick,0000-0002-6639-2030; 0000-0002-4845-8104; 0000-0001-9451-2709; 0000-0002-5947-7941; 0000-0002-6854-1554; 0000-0002-6369-1713,University of Western Australia,University of Western Australia,,1
DP250103927,2025,Active,501636,521458.0,The University of New South Wales,4604,Cybersecurity and Privacy,4604; 460402; 460403,Cybersecurity and Privacy; Data and Information Privacy; Data Security and Protection,Prof Jiankun Hu,0000-0003-0230-1432,University of New South Wales,University of New South Wales,,1
DP250102223,2025,Active,345000,358442.0,The University of Sydney,4303,Historical Studies,4303; 430305,Historical Studies; Classical Greek and Roman History,Prof Julia Kindt,,University of Sydney,University of Sydney,,1
DP250100431,2025,Active,534527,554930.0,Macquarie University,4203,Health Services and Systems,4203; 420311; 420320,Health Services and Systems; Health Systems; Residential Client Care,A/Prof Magdalena Raban; Prof Johanna Westbrook; A/Prof Annie Lau; Dr Amy Nguyen,0000-0002-6995-2849; 0000-0003-1083-8192; 0000-0002-3028-4222; 0000-0003-4603-564X,Macquarie University,Macquarie University,,1
DP250102628,2025,Active,641610,666088.0,The University of New South Wales,5201,Applied and Developmental Psychology,480504; 5201; 520103,Legal Institutions (Incl. Courts and Justice Systems); Applied and Developmental Psychology; Forensic Psychology,Prof Richard Kemp; Prof Jill Hunter,,University of New South Wales,University of New South Wales,,1
DP250102398,2025,Active,402221,423722.0,University of South Australia,4005,Civil Engineering,4005; 400510,Civil Engineering; Structural Engineering,Prof Yan Zhuge; Dr Jun-Jie Zeng; Dr Yue Liu; Prof Guomin Zhang,0000-0003-1620-6743; 0000-0003-0893-6623,University of South Australia,University of South Australia,,1
DP250100067,2025,Active,500419,523832.0,The University of Melbourne,4406,Human Geography,4406; 440601; 441012; 441015,Human Geography; Cultural Geography; Sociology of Inequalities; Sociology of the Life Course,Prof David Bissell; Prof Leah Ruppanner; Dr Brendan Churchill,0000-0002-6111-1914; 0000-0003-3625-4574,University of Melbourne,University of Melbourne,,1
DP250100886,2025,Active,767430,792446.0,University of Tasmania,3104,Evolutionary Biology,310306; 3104; 310406; 370801,Palaeoecology; Evolutionary Biology; Evolutionary Impacts of Climate Change; Biological Oceanography,Dr Linda Armbrecht; Dr João Teixeira; Dr Jane Younger; A/Prof Christopher Bolch,0000-0002-1213-1257; 0000-0001-6417-4702; 0000-0001-5974-7350; 0000-0001-9047-2391,University of Tasmania,University of Tasmania,,1
DP250100125,2025,Active,526283,549277.0,RMIT University,5102,"Atomic, Molecular and Optical Physics",5102; 510203; 510406; 510805,"Atomic, Molecular and Optical Physics; Nonlinear Optics and Spectroscopy; Structural Properties of Condensed Matter; Quantum Technologies",Dr Philipp Reineck; Prof Jared Cole; Dr Blanca del Rosal Rabes,0000-0003-1549-937X; 0000-0002-8943-6518; 0000-0001-9174-8097,RMIT University,RMIT University,,1
DP250101335,2025,Active,650000,675662.0,The University of Newcastle,3214,Pharmacology and Pharmaceutical Sciences,3214; 321405; 410401,Pharmacology and Pharmaceutical Sciences; Pharmaceutical Sciences; Conservation and Biodiversity,A/Prof Susan Hua; Dr Hayley Stannard; A/Prof Joanne Connolly,0000-0001-7840-3115; 0000-0002-6657-5435; 0000-0002-8797-1007,University of Newcastle,University of Newcastle,,1
DP250101477,2025,Active,965408,1004508.0,University of the Sunshine Coast,3101,Biochemistry and Cell Biology,3101; 310109; 310110; 310111,Biochemistry and Cell Biology; Proteomics and Intermolecular Interactions (Excl. Medical Proteomics); Receptors and Membrane Biology; Signal Transduction,Prof Robert Harvey; Dr Nela Durisic,0000-0001-5956-6664; 0000-0002-7668-1039,University of the Sunshine Coast,University of the Sunshine Coast,,1
DP250101662,2025,Active,844766,876978.0,University of the Sunshine Coast,3101,Biochemistry and Cell Biology,300401; 3101; 310110; 340402,Agrochemicals and Biocides (Incl. Application); Biochemistry and Cell Biology; Receptors and Membrane Biology; Biomolecular Modelling and Design,Prof Robert Harvey; A/Prof Kate Mounsey; Prof Robert Vandenberg; Prof Megan O'Mara,0000-0001-5956-6664; 0000-0003-0579-9424; 0000-0003-1523-4814; 0000-0002-8764-1585,University of the Sunshine Coast,University of the Sunshine Coast,,1
DP250101090,2025,Active,683324,702705.0,Macquarie University,4701,Communication and Media Studies,350502; 450525; 4701; 470107,Employment Equity and Diversity; Aboriginal and Torres Strait Islander Sociology; Communication and Media Studies; Media Studies,Prof Bronwyn Carlson; A/Prof Debbie Bargallie; A/Prof David Nolan; Dr Archie Thomas,0000-0002-3825-743X; 0000-0002-4878-6407; 0000-0001-5445-5543; 0000-0002-5460-5641,Macquarie University,Macquarie University,,1
DP250100240,2025,Active,849473,880352.0,The University of Melbourne,3101,Biochemistry and Cell Biology,3101; 310104; 310109,Biochemistry and Cell Biology; Cell Neurochemistry; Proteomics and Intermolecular Interactions (Excl. Medical Proteomics),Prof Daniel Hatters,0000-0002-9965-2847,University of Melbourne,University of Melbourne,,1
DP250102112,2025,Active,594791,618525.0,The University of Queensland,4006,Communications Engineering,4006; 400601; 400608,Communications Engineering; Antennas and Propagation; Wireless Communication Systems and Technologies (Incl. Microwave and Millimetrewave),Prof Christophe Fumeaux; Dr Sasan Ahdi Rezaeieh,0000-0002-7416-4775,University of Queensland,University of Queensland,,1
DP250101953,2025,Active,564099,587142.0,The University of Sydney,3103,Ecology,3103; 310303; 310907; 490102,Ecology; Ecological Physiology; Animal Physiological Ecology; Biological Mathematics,Prof Frank Seebacher; Prof Martin Wechselberger,,University of Sydney,University of Sydney,,1
DP250101740,2025,Active,924198,942298.0,The University of Western Australia,5204,Cognitive and Computational Psychology,520104; 5204; 520401,Industrial and Organisational Psychology (Incl. Human Factors); Cognitive and Computational Psychology; Cognition,Prof Shayne Loft; Dr Luke Strickland; Prof Simon Farrell; Dr Vanessa Bowden,0000-0002-5434-0348; 0000-0002-6071-6022; 0000-0001-5553-3400,University of Western Australia,University of Western Australia,,1
DP250102236,2025,Active,338513,347659.0,The University of Melbourne,5205,Social and Personality Psychology,5205; 520505,Social and Personality Psychology; Social Psychology,Dr Katharine Greenaway,0000-0002-0271-5312,University of Melbourne,University of Melbourne,,1
DP250102020,2025,Active,639416,663882.0,Curtin University,5101,Astronomical Sciences,5101; 510104,Astronomical Sciences; Galactic Astronomy,A/Prof Natasha Hurley-Walker,0000-0002-5119-4808,Curtin University,Curtin University,,1
DP250102518,2025,Active,544078,566301.0,The University of Adelaide,4005,Civil Engineering,4005; 400508; 400510,Civil Engineering; Infrastructure Engineering and Asset Management; Structural Engineering,Prof Ching Tai Ng; Prof Andrei Kotooussov; Dr Tingyuan Yin,0000-0003-4638-2756; 0000-0001-9337-5095; 0000-0002-6593-474X,University of Adelaide,University of Adelaide,,1
DP250102917,2025,Active,514201,533978.0,The University of Queensland,5101,Astronomical Sciences,5101; 510103,Astronomical Sciences; Cosmology and Extragalactic Astronomy,Prof Tamara Davis; Dr Cullan Howlett; Dr Samuel Hinton,0000-0002-4213-8783; 0000-0002-1081-9410; 0000-0003-2071-9349,University of Queensland,University of Queensland,,1
DP250103027,2025,Active,1486788,1547187.0,University of Canberra,4408,Political Science,4408; 440805; 480203,Political Science; Environmental Politics; Environmental Law,A/Prof Jonathan Pickering; A/Prof Madeline Taylor; Prof David Schlosberg; A/Prof Amanda Tattersall,0000-0002-1862-3623; 0000-0003-3649-3188; 0000-0003-0001-8633,University of Canberra,University of Canberra,,1
DP250100183,2025,Active,601303,625087.0,La Trobe University,4410,Sociology,440506; 4410; 441007,Sexualities; Sociology; Sociology and Social Studies of Science and Technology,Dr Dean Murphy; Prof Kane Race; Prof Andrew Gorman-Murray,,La Trobe University,La Trobe University,,1
DP250104903,2025,Active,707360,738405.0,The University of Newcastle,3209,Neurosciences,3209; 320903; 320907,Neurosciences; Central Nervous System; Sensory Systems,Prof Brett Graham,0000-0002-8070-0503,University of Newcastle,University of Newcastle,,1
DP250100117,2025,Active,343172,354960.0,Queensland University of Technology,3901,Curriculum and Pedagogy,3901; 390199; 390201; 390412,Curriculum and Pedagogy; Curriculum and Pedagogy Not Elsewhere Classified; Education Policy; Teacher and Student Wellbeing,A/Prof Anna Hogan; Dr Naomi Barnes; Prof Greg Thompson,0000-0003-1934-2548; 0000-0002-4049-1866; 0000-0003-0484-8175,Queensland University of Technology,Queensland University of Technology,,1
DP250103280,2025,Active,824458,838714.0,The University of Sydney,3801,Applied Economics,3801; 380103; 380108; 380111,Applied Economics; Economic History; Health Economics; Labour Economics,A/Prof Marian Vidal-Fernandez; Dr Jordi Vidal-Robert,0000-0002-2510-9075; 0000-0001-7014-9810,University of Sydney,University of Sydney,,1
DP250102847,2025,Active,508255,528090.0,The University of Queensland,3402,Inorganic Chemistry,3402; 340205; 340209,Inorganic Chemistry; Main Group Metal Chemistry; Organometallic Chemistry,A/Prof Rowan Young,0000-0001-7437-8944,University of Queensland,University of Queensland,,1
DP250103014,2025,Active,503489,521787.0,RMIT University,4701,Communication and Media Studies,4701; 470102,Communication and Media Studies; Communication Technology and Digital Media Studies,Dr Jessica Balanzategui; Dr César Albarrán Torres; Prof Ingrid Richardson; A/Prof Jordy Kaufman,0000-0002-2612-6862; 0000-0002-1285-0147; 0000-0001-8448-5778; 0000-0001-9881-371X,RMIT University,RMIT University,,1
DP250102263,2025,Active,820290,853703.0,The University of Queensland,3107,Microbiology,310112; 3107; 310701,Structural Biology (Incl. MacRomolecular Modelling); Microbiology; Bacteriology,Prof Mark Schembri; Prof Begoña Heras,0000-0003-3469-7988,University of Queensland,University of Queensland,,1
DP250101866,2025,Active,187754,196408.0,The University of New South Wales,4303,Historical Studies,4303; 430301,Historical Studies; Asian History,Prof Mina Roces,,University of New South Wales,University of New South Wales,,1
DP250104928,2025,Active,580387,604842.0,Macquarie University,4016,Materials Engineering,400404; 4016; 401605; 401810,Electrochemical Energy Storage and Conversion; Materials Engineering; Functional Materials; Nanoscale Characterisation,Prof Yijiao Jiang; Dr Doudou Zhang; Dr Heping Shen,0000-0002-6191-9825; 0000-0001-8784-5599; 0000-0002-8409-8839,Macquarie University,Macquarie University,,1
DP250100201,2025,Active,710000,739083.0,The University of Melbourne,3101,Biochemistry and Cell Biology,3101; 310109; 310111; 320803,Biochemistry and Cell Biology; Proteomics and Intermolecular Interactions (Excl. Medical Proteomics); Signal Transduction; Systems Physiology,A/Prof Benjamin Parker; Prof Natalie Sims,0000-0003-1421-8468,University of Melbourne,University of Melbourne,,1
DP250101864,2025,Active,675452,701038.0,The University of Queensland,3405,Organic Chemistry,3405; 340503; 340505,Organic Chemistry; Organic Chemical Synthesis; Physical Organic Chemistry,Prof Craig Williams; A/Prof Jeffrey Harmer,0000-0002-3834-7398; 0000-0003-4583-2401,University of Queensland,University of Queensland,,1
DP250102923,2025,Active,649793,673504.0,The University of Queensland,5108,Quantum Physics,5108; 510801,Quantum Physics; Degenerate Quantum Gases and Atom Optics,Prof Matthew Davis,0000-0001-8337-0784,University of Queensland,University of Queensland,,1
DP250103127,2025,Active,696475,725276.0,The University of Melbourne,3304,Urban and Regional Planning,3304; 330401; 330405; 440714,Urban and Regional Planning; Community Planning; Public Participation and Community Engagement; Urban Policy,Prof Sarah Bell; A/Prof Crystal Legacy,0000-0001-5289-4358; 0000-0002-8687-7297,University of Melbourne,University of Melbourne,,1
DP250101254,2025,Active,715254,736061.0,The University of New South Wales,3707,Hydrology,370401; 3707; 370704,Computational Modelling and Simulation In Earth Sciences; Hydrology; Surface Water Hydrology,Prof Ashish Sharma; Prof Lucy Marshall; Dr Hae Na Yoon,0000-0002-6758-0519; 0000-0003-0450-4292; 0000-0002-1844-2291,University of New South Wales,University of New South Wales,,1
DP250100676,2025,Active,755000,784572.0,The University of Melbourne,3101,Biochemistry and Cell Biology,3101; 310112,Biochemistry and Cell Biology; Structural Biology (Incl. MacRomolecular Modelling),Prof Michael Parker,0000-0002-3101-1138,University of Melbourne,University of Melbourne,,1
DP250101359,2025,Active,547873,575760.0,The University of Sydney,4611,Machine Learning,4611; 461199,Machine Learning; Machine Learning Not Elsewhere Classified,Prof Yiming Ying; Prof Dingxuan Zhou,0000-0001-7345-6672; 0000-0003-0224-9216,University of Sydney,University of Sydney,,1
DP250104311,2025,Active,637673,663321.0,The University of Sydney,4004,Chemical Engineering,4004; 400408; 401605; 401810,Chemical Engineering; Reaction Engineering (Excl. Nuclear Reactions); Functional Materials; Nanoscale Characterisation,Prof Dr Jun Huang; Dr Lizhuo Wang,0000-0001-8704-605X; 0000-0002-3370-5037,University of Sydney,University of Sydney,,1
DP250101739,2025,Active,480422,499281.0,The University of Sydney,4606,Distributed Computing and Systems Software,4606; 460605,Distributed Computing and Systems Software; Distributed Systems and Algorithms,Prof Vincent Gramoli; Prof Alan Fekete; A/Prof Qiang Tang,0000-0001-5632-8572; 0000-0003-3804-5450,University of Sydney,University of Sydney,,1
DP250102282,2025,Active,591594,615691.0,The University of Queensland,3403,Macromolecular and Materials Chemistry,310702; 3403; 340302; 401605,Infectious Agents; Macromolecular and Materials Chemistry; Macromolecular Materials; Functional Materials,Prof Michael Monteiro; Prof Megan O'Mara; Dr Julie McAuley,0000-0001-5624-7115; 0000-0002-8764-1585; 0000-0003-2493-3465,University of Queensland,University of Queensland,,1
DP250102606,2025,Active,563965,590218.0,The University of Melbourne,3109,Zoology,3109; 310913; 340307; 510501,Zoology; Invertebrate Biology; Structure and Dynamics of Materials; Biological Physics,Prof Devi Stuart-Fox,0000-0003-3362-1412,University of Melbourne,University of Melbourne,,1
DP250103407,2025,Active,776747,806482.0,The University of Melbourne,3107,Microbiology,310510; 3107; 310704,Molecular Evolution; Microbiology; Microbial Genetics,Prof Geoffrey McFadden; Dr Christopher Goodman,0000-0002-5351-1627; 0000-0002-8923-7594,University of Melbourne,University of Melbourne,,1
DP250103698,2025,Active,765837,798640.0,Macquarie University,5101,Astronomical Sciences,5101; 510102; 510103; 510104,Astronomical Sciences; Astronomical Instrumentation; Cosmology and Extragalactic Astronomy; Galactic Astronomy,Prof Jonathan Lawrence,,Macquarie University,Macquarie University,,1
DP250102381,2025,Active,640586,666414.0,The University of Melbourne,3104,Evolutionary Biology,310305; 3104; 310406,Marine and Estuarine Ecology (Incl. Marine Ichthyology); Evolutionary Biology; Evolutionary Impacts of Climate Change,Dr Hayley Cameron; Prof Dustin Marshall,0000-0001-5004-6646,University of Melbourne,University of Melbourne,,1
DP250101047,2025,Active,1118145,1143126.0,The University of New South Wales,3406,Physical Chemistry,340108; 3406; 340604; 340606,Sensor Technology (Incl. Chemical Aspects); Physical Chemistry; Electrochemistry; Photochemistry,Prof John Gooding; Dr Minkyung Kang,0000-0002-5398-0597; 0000-0003-3248-8496,University of New South Wales,University of New South Wales,,1
DP250103346,2025,Active,659673,686543.0,The University of Melbourne,4016,Materials Engineering,400404; 4016; 401605; 401807,Electrochemical Energy Storage and Conversion; Materials Engineering; Functional Materials; Nanomaterials,Prof Dan Li; Dr Mengran Li,0000-0003-3461-5751; 0000-0001-7858-0533,University of Melbourne,University of Melbourne,,1
DP250100373,2025,Active,633867,658330.0,The University of Melbourne,5107,Particle and High Energy Physics,510106; 5107; 510701; 510703,High Energy Astrophysics and Galactic Cosmic Rays; Particle and High Energy Physics; Astroparticle Physics and Particle Cosmology; Particle Physics,Prof Phillip Urquijo; Prof Eric Thrane,0000-0002-0887-7953; 0000-0002-4418-3895,University of Melbourne,University of Melbourne,,1
DP250104922,2025,Active,606405,620119.0,The University of Melbourne,5202,Biological Psychology,520101; 5202; 520202; 520207,Child and Adolescent Development; Biological Psychology; Behavioural Neuroscience; Social and Affective Neuroscience,Prof Kim Felmingham; Prof Amy Jordan; Dr Elise McGlashan; Prof Benjamin Harrison,0000-0002-0749-538X; 0000-0001-8561-9766; 0000-0002-3864-7198; 0000-0002-2226-2074,University of Melbourne,University of Melbourne,,1
DP250103234,2025,Active,697299,724559.0,Western Sydney University,4014,Manufacturing Engineering,4014; 401401; 401602,Manufacturing Engineering; Additive Manufacturing; Composite and Hybrid Materials,Prof Richard (Chunhui) Yang; Prof Yixia (Sarah) Zhang; Prof Wenyi Yan; Prof Brian Falzon,0000-0001-5598-958X; 0000-0003-1912-8277; 0000-0001-9006-6270,Western Sydney University,Western Sydney University,,1
DP250103500,2025,Active,836987,864386.0,The University of Melbourne,3204,Immunology,3204; 320404,Immunology; Cellular Immunology,Dr Susan Christo; Prof Laura Mackay,0000-0002-0139-7105; 0000-0002-8496-6632,University of Melbourne,University of Melbourne,,1
DP250102690,2025,Active,580336,603047.0,The University of Melbourne,5205,Social and Personality Psychology,520302; 5205; 520505,Clinical Psychology; Social and Personality Psychology; Social Psychology,Prof Nicholas Haslam,0000-0002-1913-2340,University of Melbourne,University of Melbourne,,1
DP250101051,2025,Active,898289,923574.0,Queensland University of Technology,4701,Communication and Media Studies,4701; 470107,Communication and Media Studies; Media Studies,Prof Amanda Lotz; Prof Anna Potter; A/Prof Stephen Harrington,0000-0002-6220-6501; 0000-0002-0475-8172; 0000-0001-5340-1906,Queensland University of Technology,Queensland University of Technology,,1
DP250101513,2025,Active,604172,633245.0,La Trobe University,4407,Policy and Administration,440608; 4407; 440705; 441003,"Recreation, Leisure and Tourism Geography; Policy and Administration; Gender, Policy and Administration; Rural Sociology",A/Prof Kirsty Forsdike; Prof Simone Fullagar; Prof Alexandra Parker; Dr Mary Woessner; Prof Leesa Hooker,0000-0001-7725-0831; 0000-0002-2398-6306; 0000-0001-7001-8407; 0000-0002-4499-1139,La Trobe University,La Trobe University,,1
DP250101934,2025,Active,647384,672501.0,The University of Melbourne,4005,Civil Engineering,4005; 400505; 400510,Civil Engineering; Construction Materials; Structural Engineering,Prof Tuan Ngo; Dr Tuan Nguyen; Prof Huu-Tai Thai,0000-0002-9831-8580; 0000-0003-0415-4798; 0000-0002-4461-9548,University of Melbourne,University of Melbourne,,1
DP250104808,2025,Active,504070,517515.0,Western Sydney University,4302,"Heritage, Archive and Museum Studies",430107; 4302; 430202; 470209,"Historical Archaeology (Incl. Industrial Archaeology); Heritage, Archive and Museum Studies; Critical Heritage, Museum and Archive Studies; Environment and Culture",Prof Denis Byrne; Prof Gay Hawkins; Prof Lara Lamb,,Western Sydney University,Western Sydney University,,1
DP250103322,2025,Active,756218,785234.0,The University of Melbourne,3215,Reproductive Medicine,310903; 3215; 321503,Animal Developmental and Reproductive Biology; Reproductive Medicine; Reproduction,Prof Evdokia Dimitriadis; Dr Wei Zhou; A/Prof Mark Green,0000-0003-1425-950X; 0000-0001-9636-7963; 0000-0002-6076-9781,University of Melbourne,University of Melbourne,,1
DP250103426,2025,Active,598555,622176.0,Western Sydney University,4101,Climate Change Impacts and Adaptation,310302; 4101; 410102,Community Ecology (Excl. Invasive Species Ecology); Climate Change Impacts and Adaptation; Ecological Impacts of Climate Change and Ecological Adaptation,Prof Scott Johnson; Dr Yolima Carrillo,0000-0002-8388-8345,Western Sydney University,Western Sydney University,,1
DP250104551,2025,Active,608491,631595.0,The Australian National University,3801,Applied Economics,3801; 380109,Applied Economics; Industry Economics and Industrial Organisation,Prof Fedor Iskhakov,0000-0002-9312-5122,Australian National University,Australian National University,,1
DP250104871,2025,Active,626022,655214.0,Queensland University of Technology,3406,Physical Chemistry,3406; 340601; 340603; 340606,Physical Chemistry; Catalysis and Mechanisms of Reactions; Colloid and Surface Chemistry; Photochemistry,Prof Dr Huai-Yong Zhu; Prof Eric Waclawik; A/Prof Wayde Martens,0000-0003-3276-0365; 0000-0002-0959-6838,Queensland University of Technology,Queensland University of Technology,,1
DP250100943,2025,Active,720518,749721.0,James Cook University,3108,Plant Biology,310303; 3108; 310806; 319902,Ecological Physiology; Plant Biology; Plant Physiology; Global Change Biology,Prof Lucas Cernusak; Prof Graham Farquhar,0000-0002-7575-5526,James Cook University,James Cook University,,1
DP250102035,2025,Active,450019,461455.0,The University of Queensland,5003,Philosophy,5003; 500317; 510802,Philosophy; Philosophy of Science (Excl. History and Philosophy of Specific Fields); Foundations of Quantum Mechanics,Dr Peter Evans; Dr Sally Shrapnel,0000-0003-0214-4748,University of Queensland,University of Queensland,,1
DP250101073,2025,Active,591176,615859.0,The University of Sydney,3107,Microbiology,3107; 310703; 410603,Microbiology; Microbial Ecology; Soil Biology,Prof Charles Warren; A/Prof Andrew Holmes; Dr Alistair Senior,0000-0002-0788-4713; 0000-0001-9805-7280,University of Sydney,University of Sydney,,1
DP250104494,2025,Active,767899,802147.0,Torrens University Australia,4206,Public Health,4206; 420603; 420606; 441011,Public Health; Health Promotion; Social Determinants of Health; Sociology of Health,Prof Paul Ward; Prof Megan Warin; Prof Sarah MacLean; Dr Belinda Lunnay; Prof Catherine Palmer,0000-0002-5559-9714; 0000-0002-8329-0722; 0000-0002-9103-0445; 0000-0001-8345-7556,Torrens University Australia,Torrens University Australia,,1
DP250104965,2025,Active,565816,587627.0,The University of Melbourne,4904,Pure Mathematics,4904; 490404,Pure Mathematics; Combinatorics and Discrete Mathematics (Excl. Physical Combinatorics),Prof Sanming Zhou; Dr Binzhou Xia,0000-0002-8031-2981,University of Melbourne,University of Melbourne,,1
DP250102294,2025,Active,359134,364458.0,The University of Sydney,3801,Applied Economics,3801; 380106; 380119; 380304,Applied Economics; Experimental Economics; Welfare Economics; Microeconomic Theory,Prof Dr Onur Kesten,0000-0002-9684-4093,University of Sydney,University of Sydney,,1
DP250103607,2025,Active,528617,549945.0,The University of Melbourne,4016,Materials Engineering,400404; 4016; 401605; 401807,Electrochemical Energy Storage and Conversion; Materials Engineering; Functional Materials; Nanomaterials,Prof Zhe Liu,0000-0002-5282-7945,University of Melbourne,University of Melbourne,,1
DP250103666,2025,Active,678966,704952.0,The University of New South Wales,3105,Genetics,3105; 310504; 310505; 310508,Genetics; Epigenetics (Incl. Genome Methylation and Epigenomics); Gene Expression (Incl. Microarray and Other Genome-Wide Approaches); Genome Structure and Regulation,Prof Kate Quinlan; Prof Merlin Crossley,0000-0002-5722-8183; 0000-0003-2057-3642,University of New South Wales,University of New South Wales,,1
DP250100450,2025,Active,691000,718739.0,The University of Melbourne,3101,Biochemistry and Cell Biology,3101; 310112; 310199,Biochemistry and Cell Biology; Structural Biology (Incl. MacRomolecular Modelling); Biochemistry and Cell Biology Not Elsewhere Classified,Dr Shabih Shakeel,0000-0003-3651-6087,University of Melbourne,University of Melbourne,,1
DP250101021,2025,Active,843458,877217.0,Queensland University of Technology,5202,Biological Psychology,5202; 520202; 520206; 520403,"Biological Psychology; Behavioural Neuroscience; Psychophysiology; Learning, Motivation and Emotion",Prof Ottmar Lipp; Dr Camilla Luck; Prof Allison Waters; Dr Luke Ney,0000-0001-6734-8608; 0000-0002-9364-1418; 0000-0003-2453-793X; 0000-0003-0209-8366,Queensland University of Technology,Queensland University of Technology,,1
DP250103594,2025,Active,604909,629052.0,The University of Western Australia,4019,Resources Engineering and Extractive Metallurgy,401707; 4019; 401902,Solid Mechanics; Resources Engineering and Extractive Metallurgy; Geomechanics and Resources Geotechnical Engineering,Prof Arcady Dyskin; Prof Elena Pasternak,0000-0002-8522-143X,University of Western Australia,University of Western Australia,,1
DP250102459,2025,Active,446000,469462.0,The University of New South Wales,3105,Genetics,310204; 3105; 310504; 320406,Genomics and Transcriptomics; Genetics; Epigenetics (Incl. Genome Methylation and Epigenomics); Immunogenetics (Incl. Genetic Immunology),Dr Ksenia Skvortsova; A/Prof Cecile King,0000-0003-1400-1998; 0000-0003-2193-2563,University of New South Wales,University of New South Wales,,1
DP250104228,2025,Active,998754,1038972.0,The Australian National University,3105,Genetics,3105; 310501; 430101; 440105,Genetics; Anthropological Genetics; Archaeological Science; Linguistic Anthropology,A/Prof Raymond Tobler; Prof Susan O'Connor; Dr Shimona Kealy,0000-0002-4603-1473; 0000-0002-0646-1313,Australian National University,Australian National University,,1
DP250102214,2025,Active,461729,480236.0,The Australian National University,4513,"Pacific Peoples Culture, Language and History",440107; 4513; 451301; 470407,"Social and Cultural Anthropology; Pacific Peoples Culture, Language and History; Archaeology of New Guinea and Pacific Islands (Excl. New Zealand); Language Documentation and Description",A/Prof Stuart Bedford; A/Prof Christopher Ballard; Dr Rosey Billington; A/Prof Nicholas Thieberger,0000-0001-6476-5617; 0000-0002-8455-6908; 0000-0003-2708-5027; 0000-0001-8797-1018,Australian National University,Australian National University,,1
DP250104339,2025,Active,1282104,1318098.0,Macquarie University,3109,Zoology,3109; 310901; 310906; 310913,Zoology; Animal Behaviour; Animal Neurobiology; Invertebrate Biology,A/Prof Ajay Narendra; Prof Marie Herberstein,0000-0002-1286-5373,Macquarie University,Macquarie University,,1
DP250104538,2025,Active,450000,468330.0,The Australian National University,4603,Computer Vision and Multimedia Computation,4603; 460304,Computer Vision and Multimedia Computation; Computer Vision,Prof Nicholas Barnes,0000-0002-9343-9535,Australian National University,Australian National University,,1
DP250100309,2025,Active,547113,569304.0,The University of New South Wales,4602,Artificial Intelligence,4602; 460203,Artificial Intelligence; Evolutionary Computation,Prof Ruhul Sarker; Dr Saber Elsayed,0000-0002-1363-2774; 0000-0003-0836-6122,University of New South Wales,University of New South Wales,,1
DP250100848,2025,Active,499601,522809.0,The University of Sydney,3403,Macromolecular and Materials Chemistry,340207; 3403; 340304; 340308,Metal Organic Frameworks; Macromolecular and Materials Chemistry; Optical Properties of Materials; Supramolecular Chemistry,Prof Deanna D'Alessandro; Prof Girish Lakhwani; Dr Carol Hua,0000-0002-1497-2543; 0000-0003-1070-5859; 0000-0002-4207-9963,University of Sydney,University of Sydney,,1
DP250103783,2025,Active,495000,515163.0,The University of Sydney,4604,Cybersecurity and Privacy,460309; 4604; 460407; 460502,Video Processing; Cybersecurity and Privacy; System and Network Security; Data Mining and Knowledge Discovery,A/Prof Bing Zhou; A/Prof Wei Bao; A/Prof Nguyen Tran; Prof Zhiyong Wang,0000-0003-1874-1766; 0000-0001-7323-9213; 0000-0002-8043-0312,University of Sydney,University of Sydney,,1
DP250104905,2025,Active,399621,413635.0,James Cook University,4401,Anthropology,300599; 310305; 4401; 440104,Fisheries Sciences Not Elsewhere Classified; Marine and Estuarine Ecology (Incl. Marine Ichthyology); Anthropology; Environmental Anthropology,A/Prof Simon Foale; Dr Michael Wood; Prof Paul Nelson; Dr Jennifer Gabriel; Prof Marcus Sheaves,0000-0003-0809-872X; 0000-0002-6216-142X; 0000-0002-0615-6407; 0000-0002-5889-3716,James Cook University,James Cook University,,1
DP250103686,2025,Active,1114960,1155756.0,Curtin University,4106,Soil Sciences,410101; 410405; 4106; 410604,Carbon Sequestration Science; Environmental Rehabilitation and Restoration; Soil Sciences; Soil Chemistry and Soil Carbon Sequestration (Excl. Carbon Sequestration Science),Prof Raphael Viscarra Rossel; Prof Kingsley Dixon; Dr Sarah Sapsford,0000-0003-1540-4748; 0000-0001-6019-5063,Curtin University,Curtin University,,1
DP250101514,2025,Active,560043,583269.0,The University of New South Wales,4016,Materials Engineering,401401; 4016; 401607,Additive Manufacturing; Materials Engineering; Metals and Alloy Materials,A/Prof Xiaopeng Li; Prof Michael Ferry,0000-0003-2541-8027,University of New South Wales,University of New South Wales,,1
DP250104964,2025,Active,385359,401412.0,The University of Sydney,4005,Civil Engineering,4005; 400510,Civil Engineering; Structural Engineering,A/Prof Hao Zhang; Dr Cao Wang,0000-0002-2802-1394,University of Sydney,University of Sydney,,1
DP250102201,2025,Active,468166,483295.0,University of Wollongong,4406,Human Geography,4406; 440603; 440604,Human Geography; Economic Geography; Environmental Geography,Dr Andrew Warren; Prof Christopher Gibson; A/Prof Leah Gibbs,0000-0003-1022-7578; 0000-0002-7242-8255; 0000-0003-3231-9238,University of Wollongong,University of Wollongong,,1
DP250100723,2025,Active,503043,524025.0,The University of Queensland,4705,Literary Studies,360201; 360403; 4705; 470502,"Creative Writing (Incl. Scriptwriting); Drama, Theatre and Performance Studies; Literary Studies; Australian Literature (Excl. Aboriginal and Torres Strait Islander Literature)",A/Prof Stephen Carleton; Prof Christopher Hay; A/Prof Adelle Sefton-Rowston,0000-0002-3385-9394; 0000-0001-8507-3556; 0000-0002-3441-0062,University of Queensland,University of Queensland,,1
DP250102568,2025,Active,289886,300021.0,Curtin University,3705,Geology,3705; 370502; 370503; 370505,Geology; Geochronology; Igneous and Metamorphic Petrology; Mineralogy and Crystallography,Prof Dr Axel Schmitt; Dr Luc Doucet; Prof Fred Jourdan; Dr Denis Fougerouse,0000-0002-7542-0582; 0000-0001-5626-4521,Curtin University,Curtin University,,1
DP250103324,2025,Active,682141,697942.0,The University of Western Australia,4104,Environmental Management,4104; 410401; 410406,Environmental Management; Conservation and Biodiversity; Natural Resource Management,Prof Graeme Cumming,0000-0002-3678-1326,University of Western Australia,University of Western Australia,,1
DP250102562,2025,Active,475184,493809.0,The University of Sydney,5101,Astronomical Sciences,5101; 510109,Astronomical Sciences; Stellar Astronomy and Planetary Systems,Dr Daniel Huber; Prof Timothy Bedding,0000-0001-8832-4488; 0000-0001-5222-4661,University of Sydney,University of Sydney,,1
DP250103036,2025,Active,683000,710861.0,Deakin University,3103,Ecology,3103; 310301; 310405; 410407,Ecology; Behavioural Ecology; Evolutionary Ecology; Wildlife and Habitat Management,Prof Matthew Symonds; A/Prof Michael Weston; Prof Lee Rollins,0000-0002-9785-6045; 0000-0002-8717-0410; 0000-0002-3279-7005,Deakin University,Deakin University,,1
DP250101526,2025,Active,426684,444064.0,The Australian National University,5101,Astronomical Sciences,5101; 510104; 510109,Astronomical Sciences; Galactic Astronomy; Stellar Astronomy and Planetary Systems,Prof Christoph Federrath,0000-0002-0706-2306,Australian National University,Australian National University,,1
DP250101688,2025,Active,717251,742786.0,The University of New South Wales,3304,Urban and Regional Planning,3304; 330407; 330412,Urban and Regional Planning; Regulatory Planning and Development Assessment; Urban Informatics,Prof Christopher Pettit; Prof Bill Randolph; Dr Ryan van den Nouwelant,0000-0002-1328-9830; 0000-0001-6740-9933,University of New South Wales,University of New South Wales,,1
DP250102252,2025,Active,727100,755335.0,The University of Adelaide,4016,Materials Engineering,400404; 4016; 401605; 401807,Electrochemical Energy Storage and Conversion; Materials Engineering; Functional Materials; Nanomaterials,Prof Zaiping Guo; Dr Shilin Zhang; Dr Gemeng Liang; Dr Kaihua Wen,0000-0002-3268-5708; 0000-0002-2302-4932; 0000-0002-2497-4307,University of Adelaide,University of Adelaide,,1
DP250104143,2025,Active,543084,565205.0,The Australian National University,3405,Organic Chemistry,3405; 340503; 340505,Organic Chemistry; Organic Chemical Synthesis; Physical Organic Chemistry,Prof Michael Sherburn,0000-0001-5098-0703,Australian National University,Australian National University,,1
DP250104770,2025,Active,647816,669661.0,Macquarie University,3209,Neurosciences,310301; 310906; 3209; 320907,Behavioural Ecology; Animal Neurobiology; Neurosciences; Sensory Systems,A/Prof Darrell Kemp; Dr Yuri Ogawa,0000-0002-5845-5513; 0000-0002-9708-7063,Macquarie University,Macquarie University,,1
DP250103951,2025,Active,247596,257278.0,The Australian National University,3507,"Strategy, Management and Organisational Behaviour",3507; 350710,"Strategy, Management and Organisational Behaviour; Organisational Behaviour",Prof Prashant Bordia; Dr Rajiv Amarnani; Prof Patrick Raymund James Garcia,0000-0002-4280-8724; 0000-0002-3697-5980; 0000-0002-1451-0752,Australian National University,Australian National University,,1
DP250103634,2025,Active,566337,588015.0,Queensland University of Technology,4603,Computer Vision and Multimedia Computation,4603; 460308; 461103,Computer Vision and Multimedia Computation; Pattern Recognition; Deep Learning,Prof Clinton Fookes; A/Prof Simon Denman; Dr Maryam Haghighat; Dr Dimity Miller; Em/Prof Sridha Sridharan; Dr Kien Nguyen,0000-0002-8515-6324; 0000-0002-0983-5480; 0000-0002-2080-8483; 0000-0001-6312-8325; 0000-0002-3466-9218,Queensland University of Technology,Queensland University of Technology,,1
DP250101806,2025,Active,725261,756141.0,The University of New South Wales,5108,Quantum Physics,5108; 510802; 510803; 510805,"Quantum Physics; Foundations of Quantum Mechanics; Quantum Information, Computation and Communication; Quantum Technologies",Prof Andrea Morello; Dr Danielle Holmes,0000-0001-7445-699X; 0000-0001-7040-5538,University of New South Wales,University of New South Wales,,1
DP250102392,2025,Active,480554,497795.0,Macquarie University,5001,Applied Ethics,5001; 500103,Applied Ethics; Ethical Use of New Technology,Prof Paul Formosa; A/Prof Rita Matulionyte; A/Prof Sarah Bankins; Dr Raphaël Millière,0000-0002-7490-0242; 0000-0002-5202-1351; 0000-0003-2290-3086; 0000-0001-6965-6073,Macquarie University,Macquarie University,,1
DP250100831,2025,Active,690669,718743.0,The University of Queensland,3101,Biochemistry and Cell Biology,3101; 310104; 310105; 310902,"Biochemistry and Cell Biology; Cell Neurochemistry; Cellular Interactions (Incl. Adhesion, Matrix, Cell Wall); Animal Cell and Molecular Biology",Dr Sean Coakley,0000-0002-2750-5426,University of Queensland,University of Queensland,,1
DP250102162,2025,Active,956929,989309.0,Griffith University,5108,Quantum Physics,500204; 5108; 510802; 510803,"History and Philosophy of Science; Quantum Physics; Foundations of Quantum Mechanics; Quantum Information, Computation and Communication",Prof Howard Wiseman; Dr Nora Tischler; A/Prof Eric Cavalcanti,0000-0002-4048-2185; 0000-0001-9627-0520,Griffith University,Griffith University,,1
DP250104939,2025,Active,567803,589590.0,The University of New South Wales,4005,Civil Engineering,4005; 400502,Civil Engineering; Civil Geotechnical Engineering,Prof Nasser Khalili; Dr Babak Shahbodagh; Dr Mohsen Mousavi,0000-0002-7624-6731; 0000-0002-0436-5176,University of New South Wales,University of New South Wales,,1
DP250103259,2025,Active,781756,792011.0,The University of Queensland,4006,Communications Engineering,4006; 400601; 400608,Communications Engineering; Antennas and Propagation; Wireless Communication Systems and Technologies (Incl. Microwave and Millimetrewave),Prof Amin Abbosh; Dr Lei Guo,0000-0002-8015-5883; 0000-0003-4340-5801,University of Queensland,University of Queensland,,1
DP250103847,2025,Active,553437,575100.0,RMIT University,4016,Materials Engineering,401401; 4016; 401607,Additive Manufacturing; Materials Engineering; Metals and Alloy Materials,Prof Qian Ma; Prof Martin Leary; Prof Milan Brandt; A/Prof Andy Song,0000-0001-9705-6913; 0000-0002-2135-1681,RMIT University,RMIT University,,1
DP250103852,2025,Active,563722,585624.0,RMIT University,4016,Materials Engineering,401401; 4016; 401607,Additive Manufacturing; Materials Engineering; Metals and Alloy Materials,Prof Qian Ma; Prof Milan Brandt; Prof Raj Das; Dr Yunhui Chen,0000-0001-9705-6913; 0000-0001-9977-6201; 0000-0002-1684-2507,RMIT University,RMIT University,,1
DP250101639,2025,Active,915547,951545.0,The University of Queensland,3101,Biochemistry and Cell Biology,3101; 310102; 320902,"Biochemistry and Cell Biology; Cell Development, Proliferation and Death; Cellular Nervous System",Prof Massimo Hilliard,,University of Queensland,University of Queensland,,1
DP250103235,2025,Active,693889,722740.0,The University of Adelaide,3406,Physical Chemistry,321407; 3406; 340603,Toxicology (Incl. Clinical Toxicology); Physical Chemistry; Colloid and Surface Chemistry,Dr Cameron Shearer; A/Prof Tak Kee; Prof Rebecca Robker,0000-0002-8192-3696; 0000-0002-4907-4663,University of Adelaide,University of Adelaide,,1
DP250102853,2025,Active,582472,606723.0,University of Tasmania,3709,Physical Geography and Environmental Geoscience,3709; 370902,Physical Geography and Environmental Geoscience; Glaciology,Prof Matt King; Prof Poul Christoffersen,0000-0001-5611-9498; 0000-0003-2643-8724,University of Tasmania,University of Tasmania,,1
DP250103040,2025,Active,561156,588513.0,University of Wollongong,4803,International and Comparative Law,4803; 480302; 480406,International and Comparative Law; Comparative Law; Law Reform,A/Prof Andrew Schmulow; Prof Jeannie Paterson; Prof Elise Bant; Prof Therese Wilson; Prof Jason Harris; Dr Nicola Howell,0000-0003-3347-474X; 0000-0002-4224-6485; 0000-0001-7099-4694; 0000-0003-1886-5304,University of Wollongong,University of Wollongong,,1
DP250104567,2025,Active,842802,868510.0,The University of Queensland,4704,Linguistics,360306; 4704; 470406; 470407,"Musicology and Ethnomusicology; Linguistics; Historical, Comparative and Typological Linguistics; Language Documentation and Description",Prof Felicity Meakins; Prof Myfany Turpin; Prof Linda Barwick,0000-0003-4487-4351; 0000-0003-0395-6756; 0000-0002-4832-7147,University of Queensland,University of Queensland,,1
DP250101878,2025,Active,623948,649381.0,University of Tasmania,3709,Physical Geography and Environmental Geoscience,3709; 370902,Physical Geography and Environmental Geoscience; Glaciology,Prof Poul Christoffersen; Dr Sue Cook; Dr Hongyuan Liu; Prof Andrew Chan,0000-0003-2643-8724; 0000-0001-9878-4218; 0000-0002-5437-4695; 0000-0003-0042-8448,University of Tasmania,University of Tasmania,,1
DP250103378,2025,Active,653891,679923.0,The University of Queensland,3001,Agricultural Biotechnology,3001; 300103; 310607; 310803,Agricultural Biotechnology; Agricultural Molecular Engineering of Nucleic Acids and Proteins; Nanobiotechnology; Plant Cell and Molecular Biology,Prof Bernard Carroll; A/Prof Li Li; Prof Neena Mitter; Dr Anne Sawyer; Dr Christopher Brosnan; Dr Andrew Eamens,0000-0001-6545-858X; 0000-0002-8892-2098; 0000-0002-6589-985X,University of Queensland,University of Queensland,,1
DP250103877,2025,Active,1134690,1157783.0,The University of Sydney,4101,Climate Change Impacts and Adaptation,4101; 410101; 410601,Climate Change Impacts and Adaptation; Carbon Sequestration Science; Land Capability and Soil Productivity,A/Prof Federico Maggi; Prof Alexander McBratney; Prof Budiman Minasny; Prof Damien Field,0000-0002-7878-8112; 0000-0002-1182-2371; 0000-0002-6877-8332,University of Sydney,University of Sydney,,1
DP250103991,2025,Active,1094000,1137991.0,The University of New South Wales,3102,Bioinformatics and Computational Biology,310109; 3102; 310204; 320407,Proteomics and Intermolecular Interactions (Excl. Medical Proteomics); Bioinformatics and Computational Biology; Genomics and Transcriptomics; Innate Immunity,A/Prof Cecile King; A/Prof Robert Weatheritt,0000-0003-2193-2563; 0000-0003-3716-1783,University of New South Wales,University of New South Wales,,1
DP250104934,2025,Active,458417,476481.0,The University of New South Wales,4612,Software Engineering,460607; 4612; 461201; 461204,High Performance Computing; Software Engineering; Automated Software Engineering; Programming Languages,Prof Jingling Xue,,University of New South Wales,University of New South Wales,,1
DP250104856,2025,Active,704099,715867.0,Western Sydney University,4702,Cultural Studies,470102; 4702; 470210,Communication Technology and Digital Media Studies; Cultural Studies; Globalisation and Culture,Prof Brett Neilson; Prof Ned Rossiter; Prof Teresa Lea; Prof Anna Cristina Pertierra; Dr Sean Dockray,0000-0003-0710-2109; 0000-0002-0444-1466; 0000-0003-4410-5528; 0000-0002-1955-9192,Western Sydney University,Western Sydney University,,1
DP250102777,2025,Active,618677,642246.0,The University of Sydney,4012,Fluid Mechanics and Thermal Engineering,4012; 401213,Fluid Mechanics and Thermal Engineering; Turbulent Flows,Prof Assaad Masri; A/Prof Agisilaos Kourmatzis,0000-0003-3932-0370,University of Sydney,University of Sydney,,1
DP250103420,2025,Active,751276,780499.0,The University of Adelaide,3709,Physical Geography and Environmental Geoscience,370303; 3709; 370905; 410102,Isotope Geochemistry; Physical Geography and Environmental Geoscience; Quaternary Environments; Ecological Impacts of Climate Change and Ecological Adaptation,A/Prof Jonathan Tyler; Dr Haidee Cadd; Dr Linda Armbrecht; Dr Alexander Francke; Prof Michelle Waycott,0000-0001-8046-0215; 0000-0001-5770-3557; 0000-0002-1213-1257; 0000-0002-0370-5802; 0000-0002-0822-0564,University of Adelaide,University of Adelaide,,1
DP250102625,2025,Active,523425,544746.0,Griffith University,4603,Computer Vision and Multimedia Computation,4603; 460306; 460308,Computer Vision and Multimedia Computation; Image Processing; Pattern Recognition,Prof Jun Zhou; Prof Kuldip Paliwal,0000-0001-5822-8233,Griffith University,Griffith University,,1
DP250101324,2025,Active,551903,573486.0,The University of New South Wales,4008,Electrical Engineering,4008; 400805; 400911,"Electrical Engineering; Electrical Energy Transmission, Networks and Systems; Power Electronics",A/Prof Georgios Konstantinou; A/Prof Hemanshu Pota; Prof Saad Mekhilef,0000-0002-4313-1647; 0000-0001-8544-8995,University of New South Wales,University of New South Wales,,1
DP250100584,2025,Active,882000,903507.0,Flinders University,4303,Historical Studies,4303; 430309; 430313; 451306,"Historical Studies; Gender History; History of Empires, Imperialism and Colonialism; Pacific Peoples Curatorial, Archives and Museum Studies",Prof Penny Edmonds; Prof Deirdre Coleman,0000-0002-2272-446X,Flinders University,Flinders University,,1
DP250102379,2025,Active,309360,319807.0,Edith Cowan University,4702,Cultural Studies,470102; 4702; 470214; 470299,Communication Technology and Digital Media Studies; Cultural Studies; Screen and Media Culture; Cultural Studies Not Elsewhere Classified,Prof Lelia Green; A/Prof Debra Dudek,0000-0003-4587-4679; 0000-0003-2882-8830,Edith Cowan University,Edith Cowan University,,1
DP250100980,2025,Active,629104,657263.0,RMIT University,4016,Materials Engineering,4016; 401605,Materials Engineering; Functional Materials,Prof Baohua Jia,0000-0002-6703-477X,RMIT University,RMIT University,,1
DP250104166,2025,Active,734581,765354.0,The University of Sydney,4017,Mechanical Engineering,4017; 401706; 401707,Mechanical Engineering; Numerical Modelling and Mechanical Characterisation; Solid Mechanics,Prof Qing Li; Dr Jianguang Fang,0000-0002-7930-2145; 0000-0003-0119-6108,University of Sydney,University of Sydney,,1
DP250103360,2025,Active,525902,545627.0,The University of Sydney,3104,Evolutionary Biology,3104; 310410; 310510,Evolutionary Biology; Phylogeny and Comparative Analysis; Molecular Evolution,Prof Simon Ho,0000-0002-0361-2307,University of Sydney,University of Sydney,,1
DP250102216,2025,Active,455037,462623.0,University of Wollongong,4804,Law In Context,4804; 480405; 480406; 480407,"Law In Context; Law and Society and Socio-Legal Research; Law Reform; Law, Gender and Sexuality (Incl. Feminist Legal Scholarship)",Prof Nan Seuffert; Dr Sarah Ailwood; Prof Cassandra Sharp; A/Prof Jane Wangmann,0000-0002-0489-5521; 0000-0002-9015-5668; 0000-0002-0812-4214,University of Wollongong,University of Wollongong,,1
DP250104187,2025,Active,1050000,1086660.0,The University of New South Wales,3101,Biochemistry and Cell Biology,3101; 310102; 310103; 310909,"Biochemistry and Cell Biology; Cell Development, Proliferation and Death; Cell Metabolism; Animal Physiology - Cell",Prof Tri Phan,0000-0002-4909-2984,University of New South Wales,University of New South Wales,,1
DP250105019,2025,Declined,737466,,,3109,Zoology,310404; 3109; 310906; 320903,Evolution of Developmental Systems; Zoology; Animal Neurobiology; Central Nervous System,A/Prof Rodrigo Suarez,0000-0001-5153-5652,University of Queensland,University of Queensland,,1
DP250103047,2025,Active,755887,786437.0,The University of Western Australia,3101,Biochemistry and Cell Biology,3101; 310112; 310803,Biochemistry and Cell Biology; Structural Biology (Incl. MacRomolecular Modelling); Plant Cell and Molecular Biology,Prof Charles Bond; Prof Ian Small,0000-0001-5300-1216,University of Western Australia,University of Western Australia,,1
DP250103655,2025,Active,787204,816786.0,The University of Queensland,3101,Biochemistry and Cell Biology,3101; 310110; 310112; 340403,Biochemistry and Cell Biology; Receptors and Membrane Biology; Structural Biology (Incl. MacRomolecular Modelling); Characterisation of Biological MacRomolecules,Dr Rosemary Cater,0000-0003-4503-002X,University of Queensland,University of Queensland,,1
DP250100677,2025,Active,353564,361311.0,Charles Sturt University,4610,Library and Information Studies,4610; 461006; 470102,Library and Information Studies; Library Studies; Communication Technology and Digital Media Studies,Prof Philip Hider; Dr Simon Wakeling; Dr Amber Marshall,0000-0001-6015-4958; 0000-0002-0611-9083; 0000-0002-2354-4284,Charles Sturt University,Charles Sturt University,,1
DP250102645,2025,Active,664105,689640.0,The University of Sydney,3104,Evolutionary Biology,3104; 310499; 310599,Evolutionary Biology; Evolutionary Biology Not Elsewhere Classified; Genetics Not Elsewhere Classified,Prof Nathan Lo; Prof Simon Ho; Dr Melissa Carew,0000-0003-2176-2840; 0000-0002-0361-2307,University of Sydney,University of Sydney,,1
DP250102570,2025,Active,661834,685986.0,The University of Adelaide,3703,Geochemistry,3703; 370302; 370511; 370604,Geochemistry; Inorganic Geochemistry; Structural Geology and Tectonics; Geodynamics,Prof Alan Collins; Dr Morgan Blades,0000-0002-3408-5474; 0000-0002-4653-4476,University of Adelaide,University of Adelaide,,1
DP250102864,2025,Active,431402,446541.0,University of Tasmania,4802,Environmental and Resources Law,4802; 480202; 480203,Environmental and Resources Law; Climate Change Law; Environmental Law,Prof Jan McDonald; Dr Manon Simon,0000-0002-9220-3969,University of Tasmania,University of Tasmania,,1
DP250104103,2025,Active,551479,575363.0,The University of Queensland,4301,Archaeology,4301; 430102; 430103; 430104,"Archaeology; Archaeology of Asia, Africa and the Americas; Archaeology of Australia (Excl. Aboriginal and Torres Strait Islander); Archaeology of Europe, the Mediterranean and the Levant",Prof Christopher Clarkson,0000-0002-8938-8974,University of Queensland,University of Queensland,,1
DP250103954,2025,Active,515565,535035.0,The University of Western Australia,5201,Applied and Developmental Psychology,5201; 520104,Applied and Developmental Psychology; Industrial and Organisational Psychology (Incl. Human Factors),Prof Gillian Yeo; A/Prof Serena Wee,0000-0001-9173-6096; 0000-0002-1609-7359,University of Western Australia,University of Western Australia,,1
DP250104110,2025,Active,1106062,1144617.0,La Trobe University,3204,Immunology,300104; 3204; 320404; 320406,Genetically Modified Animals; Immunology; Cellular Immunology; Immunogenetics (Incl. Genetic Immunology),Prof Marco Herold; Dr Emily Lelliott,0000-0001-7539-7581; 0000-0002-5028-6938,La Trobe University,La Trobe University,,1
DP250102931,2025,Active,635938,660675.0,The University of Sydney,4406,Human Geography,4406; 440612,Human Geography; Urban Geography,Prof Kurt Iveson; A/Prof Maria de Lourdes Melo Zurita,0000-0002-2362-4743; 0000-0002-8842-5542,University of Sydney,University of Sydney,,1
DP250104463,2025,Active,482778,492251.0,Swinburne University of Technology,4005,Civil Engineering,4005; 400505; 401602,Civil Engineering; Construction Materials; Composite and Hybrid Materials,A/Prof Lily (Yali) Li,0000-0001-6764-4749,Swinburne University of Technology,Swinburne University of Technology,,1
