code,scheme_name,funding_commencement_year,grant_status,funding_at_announcement,funding_current,administering_organisation
LP100100010,Linkage Projects,2010,Closed,324851,355723.0,RMIT University
LP100100017,Linkage Projects,2010,Closed,240546,251316.0,The University of Melbourne
LP100100032,Linkage Projects,2010,Closed,240000,250744.0,The University of Queensland
LP100100033,Linkage Projects,2010,Closed,1110000,1197470.0,University of Tasmania
LP100100037,Linkage Projects,2010,Closed,230000,0.0,RMIT University
LP100100045,Linkage Projects,2010,Closed,150000,156715.0,Federation University Australia
LP100100049,Linkage Projects,2010,Closed,200000,209033.0,Deakin University
LP100100050,Linkage Projects,2010,Closed,355000,371047.0,University of Tasmania
LP100100052,Linkage Projects,2010,Closed,192000,198740.0,The University of Sydney
LP100100056,Linkage Projects,2010,Closed,548000,601428.0,The University of New South Wales
LP100100066,Linkage Projects,2010,Closed,448000,0.0,Deakin University
LP100100068,Linkage Projects,2010,Closed,110000,94183.0,The University of Melbourne
LP100100069,Linkage Projects,2010,Closed,470000,506601.0,Deakin University
LP100100073,Linkage Projects,2010,Closed,308000,321004.0,Charles Darwin University
LP100100076,Linkage Projects,2010,Closed,132000,137909.0,The University of Melbourne
LP100100078,Linkage Projects,2010,Closed,1205904,1299959.0,Monash University
LP100100084,Linkage Projects,2010,Closed,172000,179659.0,Australian Catholic University
LP100100087,Linkage Projects,2010,Closed,300000,314867.0,Deakin University
LP100100091,Linkage Projects,2010,Closed,240000,250744.0,The University of Melbourne
LP100100092,Linkage Projects,2010,Closed,600000,626139.0,The University of Melbourne
LP100100103,Linkage Projects,2010,Closed,80007,99305.0,Victoria University
LP100100106,Linkage Projects,2010,Closed,325000,359671.0,The Australian National University
LP100100127,Linkage Projects,2010,Closed,330000,344492.0,The University of Melbourne
LP100100128,Linkage Projects,2010,Closed,1237600,1316664.0,The University of New South Wales
LP100100131,Linkage Projects,2010,Closed,157014,164411.0,The University of Melbourne
LP100100133,Linkage Projects,2010,Closed,228000,231743.0,The University of Newcastle
LP100100136,Linkage Projects,2010,Closed,285000,314030.0,Charles Sturt University
LP100100143,Linkage Projects,2010,Closed,233000,258127.0,The Australian National University
LP100100150,Linkage Projects,2010,Closed,580000,622746.0,The University of Western Australia
LP100100153,Linkage Projects,2010,Closed,64000,65842.0,The University of Adelaide
LP100100154,Linkage Projects,2010,Closed,420000,449605.0,Australian Catholic University
LP100100156,Linkage Projects,2010,Closed,273000,300683.0,The University of Queensland
LP100100158,Linkage Projects,2010,Closed,310000,319165.0,The University of Sydney
LP100100159,Linkage Projects,2010,Closed,182294,222229.0,Monash University
LP100100160,Linkage Projects,2010,Closed,210000,219401.0,Murdoch University
LP100100163,Linkage Projects,2010,Closed,395000,426749.0,Griffith University
LP100100165,Linkage Projects,2010,Closed,80007,98217.0,The University of Queensland
LP100100172,Linkage Projects,2010,Closed,80007,106240.0,The Australian National University
LP100100193,Linkage Projects,2010,Closed,177697,201738.0,The University of Melbourne
LP100100194,Linkage Projects,2010,Closed,600000,628497.0,Monash University
LP100100205,Linkage Projects,2010,Closed,132000,135704.0,Griffith University
LP100100208,Linkage Projects,2010,Closed,159106,166385.0,Deakin University
LP100100212,Linkage Projects,2010,Closed,87902,91756.0,The University of Adelaide
LP100100213,Linkage Projects,2010,Closed,140000,143757.0,University of Technology Sydney
LP100100215,Linkage Projects,2010,Closed,145000,149134.0,The University of Adelaide
LP100100222,Linkage Projects,2010,Closed,397000,442433.0,Swinburne University of Technology
LP100100223,Linkage Projects,2010,Closed,491000,518087.0,The University of Melbourne
LP100100225,Linkage Projects,2010,Closed,246000,271933.0,The University of Queensland
LP100100232,Linkage Projects,2010,Closed,320553,351201.0,Queensland University of Technology
LP100100236,Linkage Projects,2010,Closed,178676,201651.0,University of Wollongong
LP100100242,Linkage Projects,2010,Closed,360000,376155.0,The University of New South Wales
LP100100250,Linkage Projects,2010,Closed,151538,173206.0,The University of Melbourne
LP100100256,Linkage Projects,2010,Closed,340000,355025.0,Macquarie University
LP100100258,Linkage Projects,2010,Closed,322104,337274.0,Monash University
LP100100266,Linkage Projects,2010,Closed,169000,176582.0,Curtin University
LP100100272,Linkage Projects,2010,Closed,119000,139216.0,The University of Adelaide
LP100100283,Linkage Projects,2010,Closed,610000,662594.0,The University of New South Wales
LP100100285,Linkage Projects,2010,Closed,510000,541700.0,Curtin University
LP100100291,Linkage Projects,2010,Closed,290000,303061.0,The University of Melbourne
LP100100292,Linkage Projects,2010,Closed,175000,182674.0,Queensland University of Technology
LP100100294,Linkage Projects,2010,Closed,80007,98509.0,Monash University
LP100100296,Linkage Projects,2010,Closed,80007,98509.0,The University of Melbourne
LP100100299,Linkage Projects,2010,Closed,718000,810238.0,Monash University
LP100100300,Linkage Projects,2010,Closed,292000,0.0,The University of Sydney
LP100100302,Linkage Projects,2010,Closed,555000,570745.0,Queensland University of Technology
LP100100307,Linkage Projects,2010,Closed,269000,281154.0,The University of Melbourne
LP100100310,Linkage Projects,2010,Closed,253000,263701.0,The University of Sydney
LP100100311,Linkage Projects,2010,Closed,140000,144513.0,Deakin University
LP100100312,Linkage Projects,2010,Closed,600000,628377.0,Macquarie University
LP100100315,Linkage Projects,2010,Closed,66907,69037.0,Monash University
LP100100319,Linkage Projects,2010,Closed,228000,253128.0,The University of Sydney
LP100100321,Linkage Projects,2010,Closed,126669,130337.0,Central Queensland University
LP100100324,Linkage Projects,2010,Closed,348000,363823.0,Griffith University
LP100100325,Linkage Projects,2010,Closed,293000,338234.0,The University of Queensland
LP100100339,Linkage Projects,2010,Closed,600000,627818.0,The University of Adelaide
LP100100340,Linkage Projects,2010,Closed,240000,250744.0,University of South Australia
LP100100342,Linkage Projects,2010,Closed,385472,424149.0,The University of Queensland
LP100100344,Linkage Projects,2010,Closed,235000,276534.0,Griffith University
LP100100347,Linkage Projects,2010,Closed,230000,239816.0,The University of Sydney
LP100100356,Linkage Projects,2010,Closed,240546,251316.0,The University of Queensland
LP100100361,Linkage Projects,2010,Closed,130000,136299.0,The University of Newcastle
LP100100367,Linkage Projects,2010,Closed,450000,484506.0,The University of New South Wales
LP100100369,Linkage Projects,2010,Closed,665000,698484.0,Australian Catholic University
LP100100375,Linkage Projects,2010,Closed,213000,237351.0,The University of Queensland
LP100100380,Linkage Projects,2010,Closed,372000,389073.0,The University of Queensland
LP100100382,Linkage Projects,2010,Closed,215428,225506.0,The University of New South Wales
LP100100388,Linkage Projects,2010,Closed,168831,176590.0,The University of Melbourne
LP100100392,Linkage Projects,2010,Closed,300000,313430.0,The University of Melbourne
LP100100394,Linkage Projects,2010,Closed,435000,454473.0,The University of Queensland
LP100100396,Linkage Projects,2010,Closed,241669,249784.0,Griffith University
LP100100400,Linkage Projects,2010,Closed,285000,297479.0,The University of Queensland
LP100100404,Linkage Projects,2010,Closed,250000,260951.0,RMIT University
LP100100408,Linkage Projects,2010,Closed,371000,378567.0,The University of Queensland
LP100100411,Linkage Projects,2010,Closed,74000,77073.0,Griffith University
LP100100417,Linkage Projects,2010,Closed,57000,58665.0,University of Wollongong
LP100100418,Linkage Projects,2010,Closed,132000,138100.0,The University of Queensland
LP100100422,Linkage Projects,2010,Closed,298000,311356.0,Deakin University
LP100100424,Linkage Projects,2010,Closed,80000,82303.0,The University of New South Wales
LP100100427,Linkage Projects,2010,Closed,540000,610455.0,The Australian National University
LP100100428,Linkage Projects,2010,Closed,131054,136546.0,Monash University
LP100100433,Linkage Projects,2010,Closed,358000,374920.0,Curtin University
LP100100434,Linkage Projects,2010,Closed,270000,282087.0,Monash University
LP100100436,Linkage Projects,2010,Closed,229000,268995.0,The University of Western Australia
LP100100437,Linkage Projects,2010,Closed,445000,0.0,The University of New South Wales
LP100100438,Linkage Projects,2010,Closed,640000,680390.0,The University of Western Australia
LP100100440,Linkage Projects,2010,Closed,580000,620926.0,University of Wollongong
LP100100441,Linkage Projects,2010,Closed,302401,315571.0,The University of Melbourne
LP100100448,Linkage Projects,2010,Closed,140000,146906.0,Monash University
LP100100449,Linkage Projects,2010,Closed,340000,354690.0,University of South Australia
LP100100451,Linkage Projects,2010,Closed,335000,350157.0,The University of Sydney
LP100100454,Linkage Projects,2010,Closed,240000,250744.0,Deakin University
LP100100461,Linkage Projects,2010,Closed,532000,555670.0,The University of New South Wales
LP100100466,Linkage Projects,2010,Closed,628366,655676.0,The University of New South Wales
LP100100467,Linkage Projects,2010,Closed,318000,342574.0,The Australian National University
LP100100471,Linkage Projects,2010,Closed,253338,263186.0,The University of Sydney
LP100100477,Linkage Projects,2010,Closed,213000,222855.0,Monash University
LP100100481,Linkage Projects,2010,Closed,557000,581893.0,The University of New South Wales
LP100100494,Linkage Projects,2010,Closed,249000,260226.0,University of Technology Sydney
LP100100495,Linkage Projects,2010,Closed,710280,741948.0,The University of Queensland
LP100100500,Linkage Projects,2010,Closed,324000,333408.0,The University of Sydney
LP100100503,Linkage Projects,2010,Closed,206677,216235.0,The University of Melbourne
LP100100504,Linkage Projects,2010,Closed,240546,251316.0,The University of New South Wales
LP100100508,Linkage Projects,2010,Closed,105000,125003.0,Monash University
LP100100513,Linkage Projects,2010,Closed,68558,69981.0,La Trobe University
LP100100524,Linkage Projects,2010,Closed,650000,679414.0,The University of Melbourne
LP100100526,Linkage Projects,2010,Closed,99000,103432.0,Flinders University
LP100100529,Linkage Projects,2010,Closed,366000,382385.0,University of Tasmania
LP100100533,Linkage Projects,2010,Closed,235000,245360.0,The University of New South Wales
LP100100546,Linkage Projects,2010,Closed,320553,349825.0,The University of Melbourne
LP100100549,Linkage Projects,2010,Closed,161676,66450.0,University of Wollongong
LP100100554,Linkage Projects,2010,Closed,80007,99091.0,Victoria University
LP100100558,Linkage Projects,2010,Closed,80007,83568.0,Victoria University
LP100100562,Linkage Projects,2010,Closed,200000,205276.0,The University of New South Wales
LP100100565,Linkage Projects,2010,Closed,360000,376155.0,Queensland University of Technology
LP100100566,Linkage Projects,2010,Closed,301338,343056.0,The University of Sydney
LP100100567,Linkage Projects,2010,Closed,618004,660156.0,The Australian National University
LP100100570,Linkage Projects,2010,Closed,80007,83588.0,Queensland University of Technology
LP100100575,Linkage Projects,2010,Closed,240546,251316.0,Queensland University of Technology
LP100100586,Linkage Projects,2010,Closed,298000,311564.0,The University of Melbourne
LP100100588,Linkage Projects,2010,Closed,805000,860043.0,The Australian National University
LP100100589,Linkage Projects,2010,Closed,423520,442033.0,Southern Cross University
LP100100594,Linkage Projects,2010,Closed,400000,426969.0,The University of Sydney
LP100100596,Linkage Projects,2010,Closed,280000,293651.0,Flinders University
LP100100597,Linkage Projects,2010,Closed,208000,216975.0,The University of New South Wales
LP100100598,Linkage Projects,2010,Closed,150000,154286.0,The University of New South Wales
LP100100599,Linkage Projects,2010,Closed,132000,135897.0,Monash University
LP100100600,Linkage Projects,2010,Closed,365000,380180.0,The University of Sydney
LP100100609,Linkage Projects,2010,Closed,279000,291489.0,RMIT University
LP100100612,Linkage Projects,2010,Closed,288000,300790.0,The University of Sydney
LP100100613,Linkage Projects,2010,Closed,448000,468071.0,The University of Adelaide
LP100100614,Linkage Projects,2010,Closed,80007,98509.0,The University of Queensland
LP100100616,Linkage Projects,2010,Closed,896251,936700.0,University of South Australia
LP100100618,Linkage Projects,2010,Closed,420000,471186.0,University of Wollongong
LP100100619,Linkage Projects,2010,Closed,250000,260952.0,James Cook University
LP100100620,Linkage Projects,2010,Closed,461000,356131.0,The University of Western Australia
LP100100622,Linkage Projects,2010,Closed,470000,505679.0,Swinburne University of Technology
LP100100624,Linkage Projects,2010,Closed,312453,326439.0,Victoria University
LP100100640,Linkage Projects,2010,Closed,740000,782660.0,The University of Western Australia
LP100100647,Linkage Projects,2010,Closed,160000,164767.0,The University of Western Australia
LP100100650,Linkage Projects,2010,Closed,120000,97154.0,James Cook University
LP100100659,Linkage Projects,2010,Closed,1678558,1804099.0,The University of Queensland
LP100100668,Linkage Projects,2010,Closed,622997,650858.0,The University of Adelaide
LP100100672,Linkage Projects,2010,Closed,330000,360757.0,University of Wollongong
LP100100693,Linkage Projects,2010,Closed,240000,250064.0,Western Sydney University
LP100100696,Linkage Projects,2010,Closed,279215,291445.0,RMIT University
LP100100700,Linkage Projects,2010,Closed,160014,167176.0,University of Tasmania
LP100100702,Linkage Projects,2010,Closed,632000,675539.0,The University of New South Wales
LP100100704,Linkage Projects,2010,Closed,160000,164606.0,The University of Adelaide
LP100100712,Linkage Projects,2010,Closed,700994,762115.0,The University of New South Wales
LP100100713,Linkage Projects,2010,Closed,285000,297750.0,The University of New South Wales
LP100100720,Linkage Projects,2010,Closed,420000,441198.0,The University of Sydney
LP100100721,Linkage Projects,2010,Closed,93338,95294.0,The Australian National University
LP100100732,Linkage Projects,2010,Closed,260000,186236.0,The University of New South Wales
LP100100734,Linkage Projects,2010,Closed,90000,94029.0,Curtin University
LP100100738,Linkage Projects,2010,Closed,385000,399898.0,The University of Queensland
LP100100740,Linkage Projects,2010,Closed,625000,675547.0,The University of Sydney
LP100100741,Linkage Projects,2010,Closed,710000,530555.0,The Australian National University
LP100100746,Linkage Projects,2010,Closed,160014,197018.0,Monash University
LP100100755,Linkage Projects,2010,Closed,345000,360444.0,The University of Queensland
LP100100756,Linkage Projects,2010,Closed,240000,250744.0,The University of Melbourne
LP100100761,Linkage Projects,2010,Closed,142223,148656.0,The University of Queensland
LP100100776,Linkage Projects,2010,Closed,255000,281335.0,Murdoch University
LP100100791,Linkage Projects,2010,Closed,300000,313430.0,The University of Adelaide
LP100100792,Linkage Projects,2010,Closed,190858,199486.0,The University of Adelaide
LP100100793,Linkage Projects,2010,Closed,80007,84339.0,The University of Western Australia
LP100100797,Linkage Projects,2010,Closed,80007,98509.0,The University of Melbourne
LP100100798,Linkage Projects,2010,Closed,277198,288049.0,Charles Darwin University
LP100100799,Linkage Projects,2010,Closed,480000,501886.0,The University of Sydney
LP100100800,Linkage Projects,2010,Closed,318000,348178.0,The University of Melbourne
LP100100802,Linkage Projects,2010,Closed,228000,239261.0,University of Wollongong
LP100100804,Linkage Projects,2010,Closed,354897,370486.0,The University of New South Wales
LP100100805,Linkage Projects,2010,Closed,243000,253878.0,The University of Melbourne
LP100100806,Linkage Projects,2010,Closed,160014,167176.0,The University of New South Wales
LP100100808,Linkage Projects,2010,Closed,178000,185984.0,The Australian National University
LP100100810,Linkage Projects,2010,Closed,275000,204360.0,University of Canberra
LP100100812,Linkage Projects,2010,Closed,479000,544830.0,The University of Western Australia
LP100100814,Linkage Projects,2010,Closed,160014,197018.0,The University of New South Wales
LP100100816,Linkage Projects,2010,Closed,159106,166385.0,Deakin University
LP100100825,Linkage Projects,2010,Closed,520000,543758.0,The University of Melbourne
LP100100837,Linkage Projects,2010,Closed,201000,209359.0,Western Sydney University
LP100100847,Linkage Projects,2010,Closed,167779,172622.0,The University of New South Wales
LP100100852,Linkage Projects,2010,Closed,599662,656535.0,The University of New South Wales
LP100100854,Linkage Projects,2010,Closed,212000,56689.0,The University of Melbourne
LP100100863,Linkage Projects,2010,Closed,200395,204961.0,University of South Australia
LP100100868,Linkage Projects,2010,Closed,268000,280972.0,University of Wollongong
LP100100876,Linkage Projects,2010,Closed,80007,98509.0,Flinders University
LP100100880,Linkage Projects,2010,Closed,280000,292294.0,The University of New England
LP100100889,Linkage Projects,2010,Closed,348000,364992.0,Monash University
LP100100890,Linkage Projects,2010,Closed,162663,169932.0,University of South Australia
LP100100894,Linkage Projects,2010,Closed,240000,246909.0,Monash University
LP100100898,Linkage Projects,2010,Closed,150000,156634.0,Deakin University
LP100200002,Linkage Projects,2010,Closed,520000,566052.0,The University of Queensland
LP100200006,Linkage Projects,2010,Closed,270000,286469.0,Edith Cowan University
LP100200007,Linkage Projects,2010,Closed,255880,266845.0,The University of Adelaide
LP100200014,Linkage Projects,2010,Closed,207000,219639.0,Murdoch University
LP100200016,Linkage Projects,2010,Closed,317000,335801.0,The University of Western Australia
LP100200021,Linkage Projects,2010,Closed,425000,450762.0,The University of New South Wales
LP100200026,Linkage Projects,2010,Closed,80007,99821.0,University of Canberra
LP100200033,Linkage Projects,2010,Closed,270000,286484.0,Griffith University
LP100200034,Linkage Projects,2010,Closed,160014,199642.0,RMIT University
LP100200037,Linkage Projects,2010,Closed,270000,0.0,The University of New South Wales
LP100200038,Linkage Projects,2010,Closed,550000,583926.0,Queensland University of Technology
LP100200052,Linkage Projects,2010,Closed,349594,371056.0,Queensland University of Technology
LP100200056,Linkage Projects,2010,Closed,173000,182159.0,Queensland University of Technology
LP100200057,Linkage Projects,2010,Closed,150000,159162.0,Deakin University
LP100200065,Linkage Projects,2010,Closed,92673,98339.0,Flinders University
LP100200072,Linkage Projects,2010,Closed,510000,556678.0,Monash University
LP100200079,Linkage Projects,2010,Closed,240000,269574.0,The Australian National University
LP100200080,Linkage Projects,2010,Closed,320000,426563.0,University of Technology Sydney
LP100200084,Linkage Projects,2010,Closed,304000,321108.0,Queensland University of Technology
LP100200085,Linkage Projects,2010,Closed,210000,222809.0,The University of Western Australia
LP100200087,Linkage Projects,2010,Closed,84547,89778.0,Western Sydney University
LP100200088,Linkage Projects,2010,Closed,163700,172936.0,RMIT University
LP100200090,Linkage Projects,2010,Closed,370000,392934.0,Monash University
LP100200093,Linkage Projects,2010,Closed,233000,247097.0,Curtin University
LP100200094,Linkage Projects,2010,Closed,283000,299159.0,The University of Melbourne
LP100200096,Linkage Projects,2010,Closed,384000,422207.0,The University of New South Wales
LP100200102,Linkage Projects,2010,Closed,430000,456594.0,The University of Adelaide
LP100200107,Linkage Projects,2010,Closed,192500,222368.0,The University of Queensland
LP100200110,Linkage Projects,2010,Closed,240000,252455.0,The University of Sydney
LP100200112,Linkage Projects,2010,Closed,195000,206894.0,The University of Melbourne
LP100200113,Linkage Projects,2010,Closed,360000,383739.0,The University of Western Australia
LP100200114,Linkage Projects,2010,Closed,230000,241491.0,The University of Adelaide
LP100200118,Linkage Projects,2010,Closed,347000,385644.0,RMIT University
LP100200122,Linkage Projects,2010,Closed,1135000,1256080.0,University of Tasmania
LP100200125,Linkage Projects,2010,Closed,180000,205912.0,Curtin University
LP100200127,Linkage Projects,2010,Closed,192000,203625.0,The University of Adelaide
LP100200129,Linkage Projects,2010,Closed,625000,681162.0,The University of Melbourne
LP100200135,Linkage Projects,2010,Closed,2500000,2339926.0,The University of Western Australia
LP100200136,Linkage Projects,2010,Closed,560000,608856.0,The University of Western Australia
LP100200137,Linkage Projects,2010,Closed,170000,180350.0,The University of Western Australia
LP100200140,Linkage Projects,2010,Closed,150000,159162.0,Monash University
LP100200142,Linkage Projects,2010,Closed,278000,294121.0,The University of New South Wales
LP100200150,Linkage Projects,2010,Closed,371572,394286.0,The University of New South Wales
LP100200153,Linkage Projects,2010,Closed,199000,211256.0,Deakin University
LP100200156,Linkage Projects,2010,Closed,290000,323088.0,The University of Sydney
LP100200158,Linkage Projects,2010,Closed,210000,223497.0,The University of Melbourne
LP100200159,Linkage Projects,2010,Closed,220000,233517.0,The University of Queensland
LP100200160,Linkage Projects,2010,Closed,254000,269372.0,Swinburne University of Technology
LP100200162,Linkage Projects,2010,Closed,354008,375538.0,The University of Melbourne
LP100200164,Linkage Projects,2010,Closed,1285047,1424917.0,The University of Melbourne
LP100200165,Linkage Projects,2010,Closed,315000,334623.0,The University of New South Wales
LP100200170,Linkage Projects,2010,Closed,430000,455906.0,The University of Melbourne
LP100200173,Linkage Projects,2010,Closed,330000,365063.0,The University of Western Australia
LP100200176,Linkage Projects,2010,Closed,312831,332168.0,Deakin University
LP100200179,Linkage Projects,2010,Closed,405076,444977.0,La Trobe University
LP100200182,Linkage Projects,2010,Closed,130000,135561.0,The University of Melbourne
LP100200184,Linkage Projects,2010,Closed,240000,254653.0,The University of Melbourne
LP100200185,Linkage Projects,2010,Closed,234573,248413.0,Curtin University
LP100200197,Linkage Projects,2010,Closed,347406,383003.0,Monash University
LP100200198,Linkage Projects,2010,Closed,288052,304363.0,The University of Sydney
LP100200199,Linkage Projects,2010,Closed,300000,318299.0,The University of Melbourne
LP100200203,Linkage Projects,2010,Closed,240000,342328.0,The University of New South Wales
LP100200205,Linkage Projects,2010,Closed,80007,99821.0,Griffith University
LP100200206,Linkage Projects,2010,Closed,330000,141668.0,Monash University
LP100200208,Linkage Projects,2010,Closed,240000,254995.0,University of Wollongong
LP100200215,Linkage Projects,2010,Closed,469045,505201.0,The University of Queensland
LP100200216,Linkage Projects,2010,Closed,342000,32077.0,The University of New South Wales
LP100200218,Linkage Projects,2010,Closed,140000,145710.0,Griffith University
LP100200222,Linkage Projects,2010,Closed,290000,475626.0,The University of Queensland
LP100200223,Linkage Projects,2010,Closed,300000,333920.0,The University of Queensland
LP100200224,Linkage Projects,2010,Closed,135907,143776.0,The University of Melbourne
LP100200227,Linkage Projects,2010,Closed,140000,146138.0,University of Southern Queensland
LP100200229,Linkage Projects,2010,Closed,172951,183535.0,Griffith University
LP100200234,Linkage Projects,2010,Closed,73111,77222.0,La Trobe University
LP100200238,Linkage Projects,2010,Closed,270000,285376.0,The University of New South Wales
LP100200240,Linkage Projects,2010,Closed,200313,227841.0,The University of Melbourne
LP100200242,Linkage Projects,2010,Closed,270000,286469.0,Victoria University
LP100200245,Linkage Projects,2010,Closed,165000,190012.0,The University of Sydney
LP100200250,Linkage Projects,2010,Closed,150000,159366.0,The University of Queensland
LP100200252,Linkage Projects,2010,Closed,80007,84900.0,The University of Sydney
LP100200254,Linkage Projects,2010,Closed,343000,362357.0,University of Technology Sydney
LP100200259,Linkage Projects,2010,Closed,152000,176140.0,The University of New South Wales
LP100200261,Linkage Projects,2010,Closed,210000,223217.0,The University of Melbourne
LP100200265,Linkage Projects,2010,Closed,430000,472430.0,University of Wollongong
LP100200267,Linkage Projects,2010,Closed,150000,159162.0,Murdoch University
LP100200270,Linkage Projects,2010,Closed,509854,546980.0,Monash University
LP100200275,Linkage Projects,2010,Closed,160014,184721.0,The University of New South Wales
LP100200276,Linkage Projects,2010,Closed,258182,273807.0,The University of Queensland
LP100200277,Linkage Projects,2010,Closed,203694,216233.0,The University of Melbourne
LP100200280,Linkage Projects,2010,Closed,430000,455906.0,The University of Sydney
LP100200297,Linkage Projects,2010,Closed,359398,396399.0,The University of New South Wales
LP100200304,Linkage Projects,2010,Closed,244147,251202.0,The University of Melbourne
LP100200306,Linkage Projects,2010,Closed,345000,366057.0,Swinburne University of Technology
LP100200312,Linkage Projects,2010,Closed,210000,222403.0,Griffith University
LP100200318,Linkage Projects,2010,Closed,216000,229202.0,Queensland University of Technology
LP100200327,Linkage Projects,2010,Closed,91653,97093.0,James Cook University
LP100200328,Linkage Projects,2010,Closed,86207,91483.0,RMIT University
LP100200330,Linkage Projects,2010,Closed,164128,171166.0,Deakin University
LP100200339,Linkage Projects,2010,Closed,530000,563617.0,The University of Sydney
LP100200348,Linkage Projects,2010,Closed,340000,356770.0,The University of New South Wales
LP100200349,Linkage Projects,2010,Closed,286602,304373.0,The University of Queensland
LP100200359,Linkage Projects,2010,Closed,170000,180272.0,The Australian National University
LP100200362,Linkage Projects,2010,Closed,300000,317333.0,The University of New South Wales
LP100200366,Linkage Projects,2010,Closed,400000,422639.0,The University of Adelaide
LP100200376,Linkage Projects,2010,Closed,202551,229809.0,La Trobe University
LP100200380,Linkage Projects,2010,Closed,200000,211568.0,Murdoch University
LP100200387,Linkage Projects,2010,Closed,560000,617104.0,University of the Sunshine Coast
LP100200389,Linkage Projects,2010,Closed,220000,229410.0,The University of Melbourne
LP100200393,Linkage Projects,2010,Closed,140000,148863.0,Queensland University of Technology
LP100200397,Linkage Projects,2010,Closed,192000,204707.0,The University of Sydney
LP100200405,Linkage Projects,2010,Closed,280000,297304.0,Monash University
LP100200406,Linkage Projects,2010,Closed,169735,178963.0,Griffith University
LP100200409,Linkage Projects,2010,Closed,405000,428687.0,Flinders University
LP100200413,Linkage Projects,2010,Closed,273331,287141.0,Flinders University
LP100200415,Linkage Projects,2010,Closed,636000,688077.0,The Australian National University
LP100200417,Linkage Projects,2010,Closed,162383,98558.0,Monash University
LP100200418,Linkage Projects,2010,Closed,410000,448688.0,The University of Queensland
LP100200422,Linkage Projects,2010,Closed,540000,571986.0,The University of Queensland
LP100200427,Linkage Projects,2010,Closed,380000,403030.0,The University of Queensland
LP100200429,Linkage Projects,2010,Closed,272000,288634.0,The University of Western Australia
LP100200430,Linkage Projects,2010,Closed,255000,270558.0,The University of Melbourne
LP100200432,Linkage Projects,2010,Closed,210000,294471.0,Monash University
LP100200435,Linkage Projects,2010,Closed,180000,190991.0,University of Technology Sydney
LP100200442,Linkage Projects,2010,Closed,220000,232818.0,The University of New South Wales
LP100200446,Linkage Projects,2010,Closed,367289,416609.0,Griffith University
LP100200455,Linkage Projects,2010,Closed,466158,495215.0,James Cook University
LP100200456,Linkage Projects,2010,Closed,290000,311627.0,University of Tasmania
LP100200461,Linkage Projects,2010,Closed,460000,488550.0,University of Wollongong
LP100200462,Linkage Projects,2010,Closed,85000,0.0,The University of Queensland
LP100200463,Linkage Projects,2010,Closed,80850,0.0,The Australian National University
LP100200465,Linkage Projects,2010,Closed,170000,177273.0,Monash University
LP100200469,Linkage Projects,2010,Closed,222941,253118.0,Griffith University
LP100200475,Linkage Projects,2010,Closed,249786,265180.0,The University of Queensland
LP100200476,Linkage Projects,2010,Closed,440000,466220.0,Queensland University of Technology
LP100200479,Linkage Projects,2010,Closed,240546,255221.0,La Trobe University
LP100200482,Linkage Projects,2010,Closed,160000,166845.0,The University of Queensland
LP100200486,Linkage Projects,2010,Closed,220000,233784.0,The University of New South Wales
LP100200488,Linkage Projects,2010,Closed,580000,616429.0,The University of Newcastle
LP100200493,Linkage Projects,2010,Closed,104000,110099.0,The University of Adelaide
LP100200494,Linkage Projects,2010,Closed,320000,339358.0,The University of Adelaide
LP100200497,Linkage Projects,2010,Closed,80007,99821.0,RMIT University
LP100200499,Linkage Projects,2010,Closed,164469,113573.0,Victoria University
LP100200500,Linkage Projects,2010,Closed,410000,434365.0,Monash University
LP100200504,Linkage Projects,2010,Closed,225000,238864.0,The University of Queensland
LP100200507,Linkage Projects,2010,Closed,2094275,2282093.0,The University of Western Australia
LP100200524,Linkage Projects,2010,Closed,240000,254653.0,University of South Australia
LP100200526,Linkage Projects,2010,Closed,150000,159697.0,University of Wollongong
LP100200531,Linkage Projects,2010,Closed,80007,0.0,Charles Darwin University
LP100200532,Linkage Projects,2010,Closed,270000,286469.0,The University of New South Wales
LP100200533,Linkage Projects,2010,Closed,300000,348166.0,University of South Australia
LP100200538,Linkage Projects,2010,Closed,365000,387662.0,RMIT University
LP100200545,Linkage Projects,2010,Closed,204425,216450.0,The University of Melbourne
LP100200548,Linkage Projects,2010,Closed,146476,155472.0,Curtin University
LP100200549,Linkage Projects,2010,Closed,213769,241902.0,Flinders University
LP100200561,Linkage Projects,2010,Closed,340000,446440.0,James Cook University
LP100200571,Linkage Projects,2010,Closed,265000,296382.0,The University of Melbourne
LP100200573,Linkage Projects,2010,Closed,262000,277766.0,The University of New South Wales
LP100200574,Linkage Projects,2010,Closed,255000,270007.0,The University of New South Wales
LP100200579,Linkage Projects,2010,Closed,320000,340410.0,Monash University
LP100200584,Linkage Projects,2010,Closed,250000,231153.0,The University of Western Australia
LP100200586,Linkage Projects,2010,Closed,1450000,1580287.0,Macquarie University
LP100200590,Linkage Projects,2010,Closed,408000,433670.0,The University of Melbourne
LP100200593,Linkage Projects,2010,Closed,345000,381384.0,The University of New South Wales
LP100200596,Linkage Projects,2010,Closed,413000,461147.0,The University of Sydney
LP100200597,Linkage Projects,2010,Closed,80007,99821.0,University of South Australia
LP100200604,Linkage Projects,2010,Closed,375000,396971.0,The Australian National University
LP100200607,Linkage Projects,2010,Closed,150000,158959.0,The University of New South Wales
LP100200615,Linkage Projects,2010,Closed,180000,190875.0,The University of Sydney
LP100200616,Linkage Projects,2010,Closed,460000,503371.0,The University of Adelaide
LP100200617,Linkage Projects,2010,Closed,225000,239079.0,RMIT University
LP100200624,Linkage Projects,2010,Closed,430000,0.0,Flinders University
LP100200638,Linkage Projects,2010,Closed,160014,184721.0,RMIT University
LP100200656,Linkage Projects,2010,Closed,219000,232737.0,Swinburne University of Technology
LP100200662,Linkage Projects,2010,Closed,367100,297226.0,The University of Melbourne
LP100200663,Linkage Projects,2010,Closed,430000,456541.0,Macquarie University
LP100200665,Linkage Projects,2010,Closed,185000,195920.0,The University of Newcastle
LP100200680,Linkage Projects,2010,Closed,345000,367150.0,The University of Sydney
LP100200682,Linkage Projects,2010,Closed,345000,366057.0,Victoria University
LP100200685,Linkage Projects,2010,Closed,270000,286469.0,Monash University
LP100200687,Linkage Projects,2010,Closed,80007,84900.0,The University of New South Wales
LP100200689,Linkage Projects,2010,Closed,105000,111418.0,The University of Queensland
LP100200690,Linkage Projects,2010,Closed,295000,313155.0,The University of New South Wales
LP100200693,Linkage Projects,2010,Closed,300000,391053.0,La Trobe University
LP100200710,Linkage Projects,2010,Closed,163940,173975.0,RMIT University
LP100200711,Linkage Projects,2010,Closed,324364,344361.0,University of Wollongong
LP100200716,Linkage Projects,2010,Closed,149073,156710.0,La Trobe University
LP100200717,Linkage Projects,2010,Closed,460000,486860.0,The University of Newcastle
LP100200723,Linkage Projects,2010,Closed,41500,42695.0,Queensland University of Technology
LP100200728,Linkage Projects,2010,Closed,331521,351741.0,The University of Melbourne
LP100200730,Linkage Projects,2010,Closed,330000,364504.0,The University of Queensland
LP100200732,Linkage Projects,2010,Closed,303000,393582.0,Southern Cross University
LP100200742,Linkage Projects,2010,Closed,345000,367278.0,The University of Sydney
LP100200749,Linkage Projects,2010,Closed,177000,194882.0,The University of Western Australia
LP100200750,Linkage Projects,2010,Closed,420000,445288.0,University of Technology Sydney
LP100200755,Linkage Projects,2010,Closed,325000,346675.0,Deakin University
LP100200756,Linkage Projects,2010,Closed,220000,233327.0,The University of New South Wales
LP100200757,Linkage Projects,2010,Closed,344000,365713.0,La Trobe University
LP100200770,Linkage Projects,2010,Closed,560000,608931.0,The University of New South Wales
LP100200774,Linkage Projects,2010,Closed,300000,318311.0,University of Technology Sydney
LP100200782,Linkage Projects,2010,Closed,180000,187700.0,Monash University
LP100200785,Linkage Projects,2010,Closed,550000,607799.0,The University of Western Australia
LP100200792,Linkage Projects,2010,Closed,300000,333232.0,The University of New South Wales
LP100200797,Linkage Projects,2010,Closed,316384,335540.0,Western Sydney University
LP100200800,Linkage Projects,2010,Closed,130000,135561.0,The University of Adelaide
LP100200801,Linkage Projects,2010,Closed,324000,260100.0,The University of New South Wales
LP100200803,Linkage Projects,2010,Closed,170000,178365.0,Curtin University
LP100200808,Linkage Projects,2010,Closed,230000,35726.0,Murdoch University
LP100200822,Linkage Projects,2010,Closed,150000,156510.0,The University of Queensland
LP100200825,Linkage Projects,2010,Closed,520000,575215.0,The University of Sydney
LP100200834,Linkage Projects,2010,Closed,103527,109842.0,James Cook University
LP100200841,Linkage Projects,2010,Closed,386000,399815.0,The University of Queensland
LP100200842,Linkage Projects,2010,Closed,240000,250939.0,University of Technology Sydney
LP100200849,Linkage Projects,2010,Closed,277246,294396.0,Queensland University of Technology
LP100200859,Linkage Projects,2010,Closed,290000,307530.0,RMIT University
LP100200865,Linkage Projects,2010,Closed,80007,71292.0,Monash University
LP100200871,Linkage Projects,2010,Closed,290000,307731.0,The University of Newcastle
LP100200872,Linkage Projects,2010,Closed,375000,396452.0,The University of Newcastle
LP100200874,Linkage Projects,2010,Closed,258182,285232.0,The University of Western Australia
LP110100003,Linkage Projects,2011,Closed,293000,307554.0,Deakin University
LP110100008,Linkage Projects,2011,Closed,180000,189960.0,The University of Sydney
LP110100014,Linkage Projects,2011,Closed,90000,94980.0,Flinders University
LP110100017,Linkage Projects,2011,Closed,559000,574834.0,The University of Western Australia
LP110100018,Linkage Projects,2011,Closed,800000,841099.0,The University of Melbourne
LP110100020,Linkage Projects,2011,Closed,108958,115195.0,Queensland University of Technology
LP110100021,Linkage Projects,2011,Closed,327204,368553.0,The University of Sydney
LP110100031,Linkage Projects,2011,Closed,198000,207590.0,Murdoch University
LP110100033,Linkage Projects,2011,Closed,420000,439814.0,The University of Adelaide
LP110100035,Linkage Projects,2011,Closed,718245,756441.0,University of Technology Sydney
LP110100037,Linkage Projects,2011,Closed,169447,178849.0,University of the Sunshine Coast
LP110100039,Linkage Projects,2011,Closed,422000,457634.0,The University of Melbourne
LP110100040,Linkage Projects,2011,Closed,284000,298364.0,Monash University
LP110100046,Linkage Projects,2011,Closed,270000,284346.0,The University of Melbourne
LP110100047,Linkage Projects,2011,Closed,111000,117142.0,The University of Queensland
LP110100050,Linkage Projects,2011,Closed,225000,237449.0,RMIT University
LP110100054,Linkage Projects,2011,Closed,330000,347479.0,The University of New South Wales
LP110100056,Linkage Projects,2011,Closed,270000,283737.0,Queensland University of Technology
LP110100057,Linkage Projects,2011,Closed,336000,355272.0,Monash University
LP110100062,Linkage Projects,2011,Closed,654022,691080.0,Monash University
LP110100063,Linkage Projects,2011,Closed,253000,267078.0,The University of Melbourne
LP110100066,Linkage Projects,2011,Closed,132000,139541.0,Flinders University
LP110100069,Linkage Projects,2011,Closed,510000,539419.0,The University of New South Wales
LP110100070,Linkage Projects,2011,Closed,440586,471260.0,La Trobe University
LP110100080,Linkage Projects,2011,Closed,260200,273568.0,University of Tasmania
LP110100084,Linkage Projects,2011,Closed,286188,303367.0,Monash University
LP110100087,Linkage Projects,2011,Closed,275820,290300.0,The University of Adelaide
LP110100088,Linkage Projects,2011,Closed,102506,104481.0,Federation University Australia
LP110100109,Linkage Projects,2011,Closed,480000,506965.0,The University of Sydney
LP110100110,Linkage Projects,2011,Closed,240000,248470.0,The University of Sydney
LP110100115,Linkage Projects,2011,Closed,600000,632418.0,The University of Melbourne
LP110100121,Linkage Projects,2011,Closed,196692,205619.0,University of Canberra
LP110100126,Linkage Projects,2011,Closed,770000,818809.0,The Australian National University
LP110100127,Linkage Projects,2011,Closed,203000,214315.0,Queensland University of Technology
LP110100131,Linkage Projects,2011,Closed,237999,62343.0,University of Technology Sydney
LP110100132,Linkage Projects,2011,Closed,105000,110810.0,The University of Queensland
LP110100136,Linkage Projects,2011,Closed,540000,522236.0,University of South Australia
LP110100138,Linkage Projects,2011,Closed,200000,210275.0,The University of Melbourne
LP110100140,Linkage Projects,2011,Closed,245538,259125.0,RMIT University
LP110100150,Linkage Projects,2011,Closed,429099,466172.0,The University of New South Wales
LP110100156,Linkage Projects,2011,Closed,445000,469618.0,University of South Australia
LP110100166,Linkage Projects,2011,Closed,163332,172370.0,Flinders University
LP110100174,Linkage Projects,2011,Closed,409904,430821.0,The University of Western Australia
LP110100180,Linkage Projects,2011,Closed,420000,443037.0,Macquarie University
LP110100184,Linkage Projects,2011,Closed,320000,336914.0,The Australian National University
LP110100186,Linkage Projects,2011,Closed,393000,413316.0,Queensland University of Technology
LP110100189,Linkage Projects,2011,Closed,254329,269022.0,The University of Western Australia
LP110100193,Linkage Projects,2011,Closed,106000,111271.0,The University of Queensland
LP110100200,Linkage Projects,2011,Closed,611000,641384.0,The University of Queensland
LP110100201,Linkage Projects,2011,Closed,260000,273594.0,The University of Western Australia
LP110100203,Linkage Projects,2011,Closed,97984,100795.0,The University of Western Australia
LP110100220,Linkage Projects,2011,Closed,154332,162872.0,The University of New South Wales
LP110100222,Linkage Projects,2011,Closed,370000,388890.0,University of South Australia
LP110100228,Linkage Projects,2011,Closed,400000,421752.0,Swinburne University of Technology
LP110100231,Linkage Projects,2011,Closed,390000,410798.0,University of Wollongong
LP110100234,Linkage Projects,2011,Closed,185000,195437.0,RMIT University
LP110100237,Linkage Projects,2011,Closed,380000,400593.0,The University of Queensland
LP110100240,Linkage Projects,2011,Closed,212372,224156.0,Swinburne University of Technology
LP110100247,Linkage Projects,2011,Closed,83072,86050.0,La Trobe University
LP110100248,Linkage Projects,2011,Closed,288816,310341.0,La Trobe University
LP110100250,Linkage Projects,2011,Closed,149660,157812.0,The University of New South Wales
LP110100251,Linkage Projects,2011,Closed,233354,246292.0,The University of Western Australia
LP110100252,Linkage Projects,2011,Closed,210000,221620.0,Queensland University of Technology
LP110100254,Linkage Projects,2011,Closed,660000,695332.0,The University of Newcastle
LP110100256,Linkage Projects,2011,Closed,214000,225190.0,The Australian National University
LP110100262,Linkage Projects,2011,Closed,293000,308895.0,The University of Melbourne
LP110100263,Linkage Projects,2011,Closed,70596,73268.0,The University of New South Wales
LP110100264,Linkage Projects,2011,Closed,662630,701905.0,Monash University
LP110100266,Linkage Projects,2011,Closed,430039,461712.0,Swinburne University of Technology
LP110100269,Linkage Projects,2011,Closed,90000,94980.0,The Australian National University
LP110100270,Linkage Projects,2011,Closed,600000,633199.0,The University of Adelaide
LP110100277,Linkage Projects,2011,Closed,166852,166696.0,Macquarie University
LP110100280,Linkage Projects,2011,Closed,268000,281561.0,The University of New South Wales
LP110100284,Linkage Projects,2011,Closed,135000,142470.0,Curtin University
LP110100287,Linkage Projects,2011,Closed,123500,130507.0,Deakin University
LP110100288,Linkage Projects,2011,Closed,310000,326757.0,Monash University
LP110100304,Linkage Projects,2011,Closed,350000,367981.0,The University of Melbourne
LP110100306,Linkage Projects,2011,Closed,598000,624519.0,Monash University
LP110100317,Linkage Projects,2011,Closed,156676,164951.0,University of South Australia
LP110100321,Linkage Projects,2011,Closed,240000,252092.0,The University of Melbourne
LP110100323,Linkage Projects,2011,Closed,163332,172370.0,The University of Queensland
LP110100324,Linkage Projects,2011,Closed,520000,547189.0,The University of Queensland
LP110100334,Linkage Projects,2011,Closed,232767,245646.0,The University of New South Wales
LP110100335,Linkage Projects,2011,Closed,226000,238707.0,The University of New South Wales
LP110100337,Linkage Projects,2011,Closed,600000,630434.0,Griffith University
LP110100341,Linkage Projects,2011,Closed,200000,210869.0,The University of Western Australia
LP110100382,Linkage Projects,2011,Closed,116272,122971.0,The University of Queensland
LP110100384,Linkage Projects,2011,Closed,150000,151098.0,The University of New South Wales
LP110100389,Linkage Projects,2011,Closed,480000,501209.0,The University of New South Wales
LP110100390,Linkage Projects,2011,Closed,430000,453991.0,The University of New South Wales
LP110100399,Linkage Projects,2011,Closed,290000,305255.0,Murdoch University
LP110100401,Linkage Projects,2011,Closed,305000,317738.0,Queensland University of Technology
LP110100403,Linkage Projects,2011,Closed,430000,453397.0,The University of Queensland
LP110100405,Linkage Projects,2011,Closed,150000,153220.0,The University of Adelaide
LP110100408,Linkage Projects,2011,Closed,460000,484666.0,The Australian National University
LP110100410,Linkage Projects,2011,Closed,173826,0.0,Swinburne University of Technology
LP110100426,Linkage Projects,2011,Closed,328000,344001.0,The University of Melbourne
LP110100429,Linkage Projects,2011,Closed,526086,560192.0,The University of Melbourne
LP110100430,Linkage Projects,2011,Closed,163332,172370.0,Swinburne University of Technology
LP110100431,Linkage Projects,2011,Closed,81666,86185.0,The University of Queensland
LP110100439,Linkage Projects,2011,Closed,350000,366321.0,RMIT University
LP110100441,Linkage Projects,2011,Closed,203978,213847.0,The University of Sydney
LP110100448,Linkage Projects,2011,Closed,299857,315267.0,The University of New South Wales
LP110100451,Linkage Projects,2011,Closed,270000,284744.0,The University of New South Wales
LP110100452,Linkage Projects,2011,Closed,390000,408637.0,Southern Cross University
LP110100455,Linkage Projects,2011,Closed,163332,168188.0,RMIT University
LP110100456,Linkage Projects,2011,Closed,400275,422087.0,Murdoch University
LP110100459,Linkage Projects,2011,Closed,660000,693551.0,The University of New South Wales
LP110100460,Linkage Projects,2011,Closed,205000,216947.0,The University of New South Wales
LP110100462,Linkage Projects,2011,Closed,181127,190403.0,La Trobe University
LP110100470,Linkage Projects,2011,Closed,360000,379138.0,Monash University
LP110100473,Linkage Projects,2011,Closed,180000,189960.0,James Cook University
LP110100475,Linkage Projects,2011,Closed,260000,273594.0,The University of New South Wales
LP110100476,Linkage Projects,2011,Closed,90586,94703.0,The University of Adelaide
LP110100480,Linkage Projects,2011,Closed,349902,369263.0,The University of New South Wales
LP110100482,Linkage Projects,2011,Closed,460000,0.0,The Australian National University
LP110100488,Linkage Projects,2011,Closed,315000,332430.0,The University of New South Wales
LP110100489,Linkage Projects,2011,Closed,247711,260428.0,The University of New South Wales
LP110100498,Linkage Projects,2011,Closed,300000,315056.0,The University of Newcastle
LP110100509,Linkage Projects,2011,Closed,315000,331835.0,The University of Queensland
LP110100513,Linkage Projects,2011,Closed,294292,310388.0,The University of Sydney
LP110100516,Linkage Projects,2011,Closed,115000,120569.0,University of Technology Sydney
LP110100519,Linkage Projects,2011,Closed,345000,362902.0,The University of Sydney
LP110100523,Linkage Projects,2011,Closed,120000,125843.0,The University of New South Wales
LP110100524,Linkage Projects,2011,Closed,270000,109483.0,The University of New South Wales
LP110100525,Linkage Projects,2011,Closed,800000,842287.0,The Australian National University
LP110100527,Linkage Projects,2011,Closed,380000,403342.0,University of Wollongong
LP110100528,Linkage Projects,2011,Closed,495000,521412.0,Monash University
LP110100529,Linkage Projects,2011,Closed,610000,636232.0,The University of Adelaide
LP110100535,Linkage Projects,2011,Closed,300000,316365.0,The University of Newcastle
LP110100536,Linkage Projects,2011,Closed,116546,119853.0,University of South Australia
LP110100540,Linkage Projects,2011,Closed,137420,141931.0,The University of New South Wales
LP110100541,Linkage Projects,2011,Closed,430000,453006.0,Deakin University
LP110100548,Linkage Projects,2011,Closed,330000,348260.0,Curtin University
LP110100550,Linkage Projects,2011,Closed,133000,140476.0,The University of Queensland
LP110100553,Linkage Projects,2011,Closed,170000,177803.0,Macquarie University
LP110100566,Linkage Projects,2011,Closed,140000,146158.0,The University of Queensland
LP110100567,Linkage Projects,2011,Closed,310000,325975.0,The Australian National University
LP110100569,Linkage Projects,2011,Closed,130000,136798.0,The University of Queensland
LP110100570,Linkage Projects,2011,Closed,245538,259125.0,The University of New South Wales
LP110100577,Linkage Projects,2011,Closed,105000,0.0,The University of Sydney
LP110100581,Linkage Projects,2011,Closed,840000,898675.0,The University of Western Australia
LP110100585,Linkage Projects,2011,Closed,233000,243613.0,Monash University
LP110100587,Linkage Projects,2011,Closed,240000,253279.0,RMIT University
LP110100590,Linkage Projects,2011,Closed,445000,469037.0,The University of Western Australia
LP110100591,Linkage Projects,2011,Closed,434000,459478.0,University of Wollongong
LP110100595,Linkage Projects,2011,Closed,310000,325975.0,The University of New South Wales
LP110100597,Linkage Projects,2011,Closed,140000,147347.0,Curtin University
LP110100600,Linkage Projects,2011,Closed,106000,111707.0,RMIT University
LP110100602,Linkage Projects,2011,Closed,270000,284744.0,RMIT University
LP110100612,Linkage Projects,2011,Closed,210000,221620.0,Monash University
LP110100613,Linkage Projects,2011,Closed,209319,0.0,The University of New South Wales
LP110100616,Linkage Projects,2011,Closed,250000,263452.0,Queensland University of Technology
LP110100619,Linkage Projects,2011,Closed,69971,72440.0,Murdoch University
LP110100622,Linkage Projects,2011,Closed,154202,161932.0,Curtin University
LP110100623,Linkage Projects,2011,Closed,525000,551842.0,The Australian National University
LP110100634,Linkage Projects,2011,Closed,165100,174115.0,Curtin University
LP110100642,Linkage Projects,2011,Closed,244000,257274.0,The Australian National University
LP110100649,Linkage Projects,2011,Closed,340000,357824.0,The University of Adelaide
LP110100652,Linkage Projects,2011,Closed,240000,253279.0,The University of New South Wales
LP110100655,Linkage Projects,2011,Closed,91986,97076.0,Monash University
LP110100658,Linkage Projects,2011,Closed,299451,321502.0,James Cook University
LP110100659,Linkage Projects,2011,Closed,277455,292808.0,The University of New England
LP110100666,Linkage Projects,2011,Closed,302000,318000.0,The University of Newcastle
LP110100667,Linkage Projects,2011,Closed,1620000,1710452.0,The University of Western Australia
LP110100671,Linkage Projects,2011,Closed,90000,94980.0,Edith Cowan University
LP110100678,Linkage Projects,2011,Closed,165000,174130.0,Deakin University
LP110100680,Linkage Projects,2011,Closed,105000,110810.0,University of Canberra
LP110100681,Linkage Projects,2011,Closed,180000,185180.0,The University of Western Australia
LP110100683,Linkage Projects,2011,Closed,51154,51960.0,The University of Queensland
LP110100686,Linkage Projects,2011,Closed,200000,210275.0,The University of Melbourne
LP110100690,Linkage Projects,2011,Closed,90000,94980.0,The Australian National University
LP110100691,Linkage Projects,2011,Closed,260000,273594.0,Charles Darwin University
LP110100693,Linkage Projects,2011,Closed,180000,189960.0,The University of Adelaide
LP110100697,Linkage Projects,2011,Closed,299000,0.0,The University of New South Wales
LP110100698,Linkage Projects,2011,Closed,254682,268111.0,Charles Sturt University
LP110100708,Linkage Projects,2011,Closed,328926,346562.0,The Australian National University
LP110100712,Linkage Projects,2011,Closed,190000,199524.0,The University of Queensland
LP110100714,Linkage Projects,2011,Closed,436949,0.0,The University of Newcastle
LP110100717,Linkage Projects,2011,Closed,209000,220565.0,Curtin University
LP110100721,Linkage Projects,2011,Closed,410000,431895.0,The University of Adelaide
LP110100722,Linkage Projects,2011,Closed,359000,377600.0,Monash University
LP110100723,Linkage Projects,2011,Closed,117000,123473.0,The University of Sydney
LP110100724,Linkage Projects,2011,Closed,240000,0.0,Curtin University
LP110100728,Linkage Projects,2011,Closed,270000,284143.0,The University of Western Australia
LP110100732,Linkage Projects,2011,Closed,600000,633199.0,Southern Cross University
LP110200002,Linkage Projects,2011,Closed,183115,195888.0,Monash University
LP110200006,Linkage Projects,2011,Closed,60094,63411.0,University of Tasmania
LP110200017,Linkage Projects,2011,Closed,445000,475504.0,Monash University
LP110200020,Linkage Projects,2011,Closed,179982,193323.0,Edith Cowan University
LP110200025,Linkage Projects,2011,Closed,270000,290014.0,The University of Melbourne
LP110200026,Linkage Projects,2011,Closed,69000,72629.0,Curtin University
LP110200027,Linkage Projects,2011,Closed,230444,245221.0,Monash University
LP110200029,Linkage Projects,2011,Closed,395000,431239.0,University of Canberra
LP110200030,Linkage Projects,2011,Closed,270000,295057.0,The University of Queensland
LP110200035,Linkage Projects,2011,Closed,394000,421439.0,The University of Melbourne
LP110200041,Linkage Projects,2011,Closed,690236,739311.0,The University of Sydney
LP110200049,Linkage Projects,2011,Closed,270000,291150.0,Monash University
LP110200054,Linkage Projects,2011,Closed,460000,491652.0,The University of Melbourne
LP110200057,Linkage Projects,2011,Closed,179000,192047.0,Edith Cowan University
LP110200060,Linkage Projects,2011,Closed,750000,799744.0,The University of Adelaide
LP110200061,Linkage Projects,2011,Closed,184000,198132.0,Monash University
LP110200075,Linkage Projects,2011,Closed,327870,350209.0,The University of Sydney
LP110200077,Linkage Projects,2011,Closed,135000,145008.0,Queensland University of Technology
LP110200079,Linkage Projects,2011,Closed,354939,381249.0,Flinders University
LP110200082,Linkage Projects,2011,Closed,291000,311805.0,Queensland University of Technology
LP110200105,Linkage Projects,2011,Closed,296000,318564.0,University of Wollongong
LP110200110,Linkage Projects,2011,Closed,424000,455314.0,Queensland University of Technology
LP110200118,Linkage Projects,2011,Closed,342000,53338.0,Curtin University
LP110200119,Linkage Projects,2011,Closed,298719,322671.0,Monash University
LP110200125,Linkage Projects,2011,Closed,330000,195156.0,The University of New South Wales
LP110200126,Linkage Projects,2011,Closed,352000,377903.0,The University of Queensland
LP110200128,Linkage Projects,2011,Closed,180000,0.0,The University of Queensland
LP110200129,Linkage Projects,2011,Closed,342000,365721.0,University of Tasmania
LP110200134,Linkage Projects,2011,Closed,292000,310841.0,The University of New South Wales
LP110200141,Linkage Projects,2011,Closed,150000,140153.0,University of South Australia
LP110200142,Linkage Projects,2011,Closed,380000,402732.0,The University of Adelaide
LP110200144,Linkage Projects,2011,Closed,285209,306136.0,The University of Melbourne
LP110200153,Linkage Projects,2011,Closed,489824,526832.0,Western Sydney University
LP110200157,Linkage Projects,2011,Closed,90338,0.0,Charles Darwin University
LP110200158,Linkage Projects,2011,Closed,330000,353298.0,Queensland University of Technology
LP110200162,Linkage Projects,2011,Closed,280000,301134.0,University of Technology Sydney
LP110200166,Linkage Projects,2011,Closed,386000,413369.0,The University of Sydney
LP110200167,Linkage Projects,2011,Closed,242395,255747.0,Deakin University
LP110200170,Linkage Projects,2011,Closed,148000,156251.0,The University of New South Wales
LP110200175,Linkage Projects,2011,Closed,348446,375856.0,Macquarie University
LP110200178,Linkage Projects,2011,Closed,345000,370574.0,The University of Melbourne
LP110200179,Linkage Projects,2011,Closed,97874,105044.0,The University of Adelaide
LP110200180,Linkage Projects,2011,Closed,286000,307083.0,Murdoch University
LP110200184,Linkage Projects,2011,Closed,500000,528561.0,The University of Western Australia
LP110200194,Linkage Projects,2011,Closed,432000,465784.0,The University of Melbourne
LP110200198,Linkage Projects,2011,Closed,239000,256641.0,Macquarie University
LP110200208,Linkage Projects,2011,Closed,120000,127730.0,University of South Australia
LP110200211,Linkage Projects,2011,Closed,91000,63031.0,The University of Melbourne
LP110200213,Linkage Projects,2011,Closed,2450326,2627727.0,The University of Queensland
LP110200214,Linkage Projects,2011,Closed,300000,322240.0,The University of Queensland
LP110200215,Linkage Projects,2011,Closed,90000,0.0,Charles Darwin University
LP110200216,Linkage Projects,2011,Closed,465000,498488.0,The University of Queensland
LP110200217,Linkage Projects,2011,Closed,255000,274270.0,Macquarie University
LP110200227,Linkage Projects,2011,Closed,585000,628365.0,The University of Sydney
LP110200229,Linkage Projects,2011,Closed,730000,783296.0,Griffith University
LP110200240,Linkage Projects,2011,Closed,120000,128895.0,James Cook University
LP110200244,Linkage Projects,2011,Closed,148000,158933.0,University of Tasmania
LP110200247,Linkage Projects,2011,Closed,272000,295337.0,The University of New South Wales
LP110200256,Linkage Projects,2011,Closed,235000,250882.0,Curtin University
LP110200257,Linkage Projects,2011,Closed,240000,257674.0,The Australian National University
LP110200261,Linkage Projects,2011,Closed,396703,425924.0,Griffith University
LP110200267,Linkage Projects,2011,Closed,143217,153832.0,The University of New South Wales
LP110200271,Linkage Projects,2011,Closed,300000,322681.0,University of Technology Sydney
LP110200275,Linkage Projects,2011,Closed,156000,167641.0,Monash University
LP110200277,Linkage Projects,2011,Closed,316780,340668.0,The University of Sydney
LP110200281,Linkage Projects,2011,Closed,200000,179945.0,Curtin University
LP110200285,Linkage Projects,2011,Closed,201400,219027.0,Curtin University
LP110200293,Linkage Projects,2011,Closed,240000,257791.0,The University of Queensland
LP110200302,Linkage Projects,2011,Closed,300000,322240.0,Monash University
LP110200304,Linkage Projects,2011,Closed,629084,693634.0,The University of Western Australia
LP110200309,Linkage Projects,2011,Closed,222057,238583.0,Griffith University
LP110200313,Linkage Projects,2011,Closed,260845,280187.0,The University of Melbourne
LP110200314,Linkage Projects,2011,Closed,340000,364447.0,Swinburne University of Technology
LP110200316,Linkage Projects,2011,Closed,540000,580029.0,The University of Sydney
LP110200318,Linkage Projects,2011,Closed,191059,205200.0,The University of Queensland
LP110200319,Linkage Projects,2011,Closed,330439,354598.0,The University of Melbourne
LP110200321,Linkage Projects,2011,Closed,255000,273901.0,RMIT University
LP110200322,Linkage Projects,2011,Closed,300000,321472.0,The University of New South Wales
LP110200326,Linkage Projects,2011,Closed,300411,322131.0,University of South Australia
LP110200328,Linkage Projects,2011,Closed,300000,347107.0,The University of Sydney
LP110200330,Linkage Projects,2011,Closed,143226,152328.0,Queensland University of Technology
LP110200333,Linkage Projects,2011,Closed,290000,310720.0,Monash University
LP110200334,Linkage Projects,2011,Closed,360399,386642.0,Monash University
LP110200336,Linkage Projects,2011,Closed,30000,31058.0,The University of Sydney
LP110200364,Linkage Projects,2011,Closed,255000,273901.0,Deakin University
LP110200368,Linkage Projects,2011,Closed,200000,214589.0,Queensland University of Technology
LP110200375,Linkage Projects,2011,Closed,389000,415777.0,Queensland University of Technology
LP110200376,Linkage Projects,2011,Closed,126000,135340.0,University of South Australia
LP110200377,Linkage Projects,2011,Closed,210000,225567.0,Monash University
LP110200389,Linkage Projects,2011,Closed,507178,548562.0,Queensland University of Technology
LP110200394,Linkage Projects,2011,Closed,195000,210083.0,The University of New South Wales
LP110200410,Linkage Projects,2011,Closed,446000,479216.0,The Australian National University
LP110200413,Linkage Projects,2011,Closed,375000,402796.0,The University of Sydney
LP110200415,Linkage Projects,2011,Closed,295000,0.0,The University of Melbourne
LP110200419,Linkage Projects,2011,Closed,348151,377027.0,The University of Adelaide
LP110200423,Linkage Projects,2011,Closed,123359,132438.0,The University of Queensland
LP110200425,Linkage Projects,2011,Closed,307843,330692.0,The University of Queensland
LP110200431,Linkage Projects,2011,Closed,251373,264214.0,The Australian National University
LP110200437,Linkage Projects,2011,Closed,160369,172431.0,The University of Queensland
LP110200440,Linkage Projects,2011,Closed,168232,179330.0,Swinburne University of Technology
LP110200444,Linkage Projects,2011,Closed,275000,294808.0,The University of Queensland
LP110200446,Linkage Projects,2011,Closed,245538,263740.0,University of South Australia
LP110200447,Linkage Projects,2011,Closed,490000,530837.0,University of Wollongong
LP110200454,Linkage Projects,2011,Closed,330000,352531.0,University of Technology Sydney
LP110200467,Linkage Projects,2011,Closed,152000,0.0,The University of New South Wales
LP110200469,Linkage Projects,2011,Closed,170000,179384.0,Monash University
LP110200473,Linkage Projects,2011,Closed,530000,582243.0,The University of Sydney
LP110200474,Linkage Projects,2011,Closed,185000,25321.0,The Australian National University
LP110200478,Linkage Projects,2011,Closed,120000,126625.0,Griffith University
LP110200480,Linkage Projects,2011,Closed,131980,141273.0,The University of Melbourne
LP110200495,Linkage Projects,2011,Closed,149000,159168.0,Deakin University
LP110200496,Linkage Projects,2011,Closed,396686,426054.0,The Australian National University
LP110200499,Linkage Projects,2011,Closed,300000,322240.0,Swinburne University of Technology
LP110200511,Linkage Projects,2011,Closed,255000,273901.0,The University of Melbourne
LP110200520,Linkage Projects,2011,Closed,174003,185899.0,The University of Melbourne
LP110200524,Linkage Projects,2011,Closed,560000,600734.0,The University of Newcastle
LP110200526,Linkage Projects,2011,Closed,159000,170553.0,Monash University
LP110200528,Linkage Projects,2011,Closed,134718,144492.0,RMIT University
LP110200537,Linkage Projects,2011,Closed,205859,221934.0,University of Wollongong
LP110200539,Linkage Projects,2011,Closed,60000,63311.0,Monash University
LP110200543,Linkage Projects,2011,Closed,335000,359640.0,The University of Melbourne
LP110200545,Linkage Projects,2011,Closed,270000,290014.0,Macquarie University
LP110200547,Linkage Projects,2011,Closed,415000,452542.0,Deakin University
LP110200550,Linkage Projects,2011,Closed,90000,96670.0,RMIT University
LP110200551,Linkage Projects,2011,Closed,288000,309349.0,The University of Western Australia
LP110200562,Linkage Projects,2011,Closed,299200,322385.0,The University of Sydney
LP110200569,Linkage Projects,2011,Closed,185000,198519.0,Macquarie University
LP110200570,Linkage Projects,2011,Closed,300000,322240.0,The University of Melbourne
LP110200572,Linkage Projects,2011,Closed,261000,279757.0,Monash University
LP110200594,Linkage Projects,2011,Closed,104976,112757.0,The University of New South Wales
LP110200595,Linkage Projects,2011,Closed,255000,273901.0,The University of Melbourne
LP110200596,Linkage Projects,2011,Closed,158000,169600.0,The University of Sydney
LP110200603,Linkage Projects,2011,Closed,225000,241678.0,Macquarie University
LP110200610,Linkage Projects,2011,Closed,773000,840068.0,The University of New South Wales
LP110200616,Linkage Projects,2011,Closed,338444,363719.0,Queensland University of Technology
LP110200627,Linkage Projects,2011,Closed,135000,145008.0,The University of New England
LP110200629,Linkage Projects,2011,Closed,127781,136780.0,Victoria University
LP110200635,Linkage Projects,2011,Closed,290000,311303.0,The University of New South Wales
LP110200638,Linkage Projects,2011,Closed,310000,332592.0,Macquarie University
LP110200648,Linkage Projects,2011,Closed,267000,286792.0,University of Wollongong
LP110200651,Linkage Projects,2011,Closed,600000,644475.0,The University of New South Wales
LP110200653,Linkage Projects,2011,Closed,166682,178310.0,The University of New South Wales
LP110200654,Linkage Projects,2011,Closed,90000,96670.0,Western Sydney University
LP110200656,Linkage Projects,2011,Closed,186611,196856.0,Southern Cross University
LP110200699,Linkage Projects,2011,Closed,199172,213884.0,Monash University
LP110200701,Linkage Projects,2011,Closed,363943,392897.0,The University of Queensland
LP110200708,Linkage Projects,2011,Closed,128640,138245.0,The University of New South Wales
LP110200711,Linkage Projects,2011,Closed,90000,96670.0,Monash University
LP110200724,Linkage Projects,2011,Closed,271854,285967.0,Monash University
LP110200731,Linkage Projects,2011,Closed,417458,450035.0,The University of Sydney
LP110200734,Linkage Projects,2011,Closed,154070,162338.0,The University of Adelaide
LP110200736,Linkage Projects,2011,Closed,420000,450366.0,The University of Adelaide
LP110200738,Linkage Projects,2011,Closed,270000,290014.0,The University of New South Wales
LP110200740,Linkage Projects,2011,Closed,242645,258431.0,The Australian National University
LP110200742,Linkage Projects,2011,Closed,810000,882440.0,The Australian National University
LP110200744,Linkage Projects,2011,Closed,300000,322696.0,The University of Sydney
LP110200746,Linkage Projects,2011,Closed,153222,165768.0,Deakin University
LP110200747,Linkage Projects,2011,Closed,410000,439615.0,Monash University
LP110200752,Linkage Projects,2011,Closed,495000,531694.0,Monash University
LP110200756,Linkage Projects,2011,Closed,120000,128328.0,The University of Western Australia
LP110200760,Linkage Projects,2011,Closed,290376,312075.0,University of South Australia
LP110200767,Linkage Projects,2011,Closed,181000,194903.0,University of Technology Sydney
LP110200768,Linkage Projects,2011,Closed,116000,124447.0,The Australian National University
LP110200770,Linkage Projects,2011,Closed,428000,459235.0,The University of Adelaide
LP110200782,Linkage Projects,2011,Closed,230000,246273.0,The Australian National University
LP110200784,Linkage Projects,2011,Closed,425000,457076.0,The University of Sydney
LP110200787,Linkage Projects,2011,Closed,85000,89593.0,Deakin University
LP110200793,Linkage Projects,2011,Closed,405000,0.0,The University of Queensland
LP110200799,Linkage Projects,2011,Closed,360000,384156.0,The University of Adelaide
LP110200800,Linkage Projects,2011,Closed,361000,388183.0,The University of Queensland
LP110200802,Linkage Projects,2011,Closed,90000,96670.0,Australian Catholic University
LP110200803,Linkage Projects,2011,Closed,261000,280305.0,The Australian National University
LP110200805,Linkage Projects,2011,Closed,405222,430840.0,The University of Adelaide
LP110200820,Linkage Projects,2011,Closed,139399,146536.0,The University of Adelaide
LP110200821,Linkage Projects,2011,Closed,225000,0.0,Monash University
LP110200825,Linkage Projects,2011,Closed,98166,105325.0,The University of Sydney
LP110200828,Linkage Projects,2011,Closed,264000,283799.0,University of Tasmania
LP110200832,Linkage Projects,2011,Closed,92000,98894.0,Griffith University
LP110200874,Linkage Projects,2011,Closed,2657193,2929221.0,The University of Queensland
LP110200878,Linkage Projects,2011,Closed,750110,820611.0,The University of Adelaide
LP110200888,Linkage Projects,2011,Closed,135000,145008.0,Federation University Australia
LP110200891,Linkage Projects,2011,Closed,268074,289864.0,The University of Queensland
LP110200893,Linkage Projects,2011,Closed,247908,266007.0,The University of Queensland
LP110200894,Linkage Projects,2011,Closed,107587,113726.0,Griffith University
LP110200898,Linkage Projects,2011,Closed,420000,449968.0,The University of Sydney
LP110200906,Linkage Projects,2011,Closed,199332,213990.0,Curtin University
LP110200916,Linkage Projects,2011,Closed,343171,378274.0,University of South Australia
LP110200920,Linkage Projects,2011,Closed,230000,246273.0,The University of Newcastle
LP110200926,Linkage Projects,2011,Closed,690000,741456.0,The University of Queensland
LP110200927,Linkage Projects,2011,Closed,500000,545456.0,Monash University
LP110200957,Linkage Projects,2011,Closed,400000,429263.0,The University of Queensland
LP110200961,Linkage Projects,2011,Closed,300000,322240.0,The University of Western Australia
LP110200971,Linkage Projects,2011,Closed,475000,506953.0,The University of Adelaide
LP110200973,Linkage Projects,2011,Closed,780000,861284.0,Monash University
LP110200975,Linkage Projects,2011,Closed,396671,426150.0,Southern Cross University
LP110200985,Linkage Projects,2011,Closed,126000,135340.0,Queensland University of Technology
LP110200996,Linkage Projects,2011,Closed,215387,232246.0,The University of New South Wales
LP110201001,Linkage Projects,2011,Closed,90000,67159.0,Edith Cowan University
LP110201004,Linkage Projects,2011,Closed,100000,105521.0,Queensland University of Technology
LP110201008,Linkage Projects,2011,Closed,436000,467817.0,Curtin University
LP110201087,Linkage Projects,2011,Closed,210000,224431.0,The University of Western Australia
LP110201090,Linkage Projects,2011,Closed,151043,162372.0,Western Sydney University
LP110201093,Linkage Projects,2011,Closed,310000,332991.0,James Cook University
LP110201095,Linkage Projects,2011,Closed,255000,273901.0,The University of Queensland
LP110201096,Linkage Projects,2011,Closed,285000,306125.0,The University of New South Wales
LP110201102,Linkage Projects,2011,Closed,230000,246671.0,The University of Queensland
LP110201103,Linkage Projects,2011,Closed,87000,85237.0,Curtin University
LP110201109,Linkage Projects,2011,Closed,265000,282030.0,The University of Sydney
LP110201112,Linkage Projects,2011,Closed,600000,642895.0,The University of New South Wales
LP110201117,Linkage Projects,2011,Closed,121464,130920.0,The University of Western Australia
LP110201128,Linkage Projects,2011,Closed,192000,206245.0,The Australian National University
LP110201130,Linkage Projects,2011,Closed,419000,450098.0,The University of Western Australia
LP110201139,Linkage Projects,2011,Closed,420000,451133.0,Queensland University of Technology
LP110201146,Linkage Projects,2011,Closed,330000,346747.0,The University of New South Wales
LP110201150,Linkage Projects,2011,Closed,222290,238230.0,The University of Western Australia
LP110201151,Linkage Projects,2011,Closed,245538,0.0,The University of Sydney
LP110201152,Linkage Projects,2011,Closed,500000,536286.0,Murdoch University
LP110201157,Linkage Projects,2011,Closed,300000,322240.0,Monash University
LP110201169,Linkage Projects,2011,Closed,355000,405250.0,Monash University
LP120100004,Linkage Projects,2012,Closed,122000,0.0,The University of New South Wales
LP120100005,Linkage Projects,2012,Closed,60000,63507.0,Swinburne University of Technology
LP120100013,Linkage Projects,2012,Closed,634880,693153.0,The University of Newcastle
LP120100019,Linkage Projects,2012,Closed,353098,379925.0,The University of Melbourne
LP120100021,Linkage Projects,2012,Closed,145000,155589.0,Griffith University
LP120100022,Linkage Projects,2012,Closed,195000,209815.0,The University of Melbourne
LP120100023,Linkage Projects,2012,Closed,240000,258234.0,The University of Western Australia
LP120100059,Linkage Projects,2012,Closed,265000,0.0,The University of Sydney
LP120100063,Linkage Projects,2012,Closed,332000,361261.0,The University of Queensland
LP120100064,Linkage Projects,2012,Closed,330000,355071.0,The University of Newcastle
LP120100067,Linkage Projects,2012,Closed,270000,290514.0,The University of Sydney
LP120100069,Linkage Projects,2012,Closed,165906,178399.0,The University of Melbourne
LP120100073,Linkage Projects,2012,Closed,260000,279203.0,The University of Melbourne
LP120100076,Linkage Projects,2012,Closed,117000,125675.0,The University of New South Wales
LP120100080,Linkage Projects,2012,Closed,175242,189172.0,Deakin University
LP120100081,Linkage Projects,2012,Closed,195000,209815.0,The University of Melbourne
LP120100088,Linkage Projects,2012,Closed,285000,304965.0,The University of Queensland
LP120100096,Linkage Projects,2012,Closed,268002,284675.0,Queensland University of Technology
LP120100097,Linkage Projects,2012,Closed,600000,641233.0,The University of Western Australia
LP120100102,Linkage Projects,2012,Closed,100000,107622.0,The University of Adelaide
LP120100107,Linkage Projects,2012,Closed,142000,152523.0,Swinburne University of Technology
LP120100108,Linkage Projects,2012,Closed,90000,96838.0,The University of New South Wales
LP120100111,Linkage Projects,2012,Closed,270000,290440.0,Deakin University
LP120100115,Linkage Projects,2012,Closed,666000,717873.0,Monash University
LP120100116,Linkage Projects,2012,Closed,154000,165083.0,The University of Melbourne
LP120100120,Linkage Projects,2012,Closed,151448,162625.0,The University of Queensland
LP120100137,Linkage Projects,2012,Closed,224602,240263.0,Monash University
LP120100141,Linkage Projects,2012,Closed,90000,96838.0,The University of Queensland
LP120100152,Linkage Projects,2012,Closed,272000,292733.0,The University of Adelaide
LP120100155,Linkage Projects,2012,Closed,162885,174043.0,The University of Adelaide
LP120100160,Linkage Projects,2012,Closed,150000,160346.0,Monash University
LP120100161,Linkage Projects,2012,Closed,90453,97325.0,Swinburne University of Technology
LP120100162,Linkage Projects,2012,Closed,576000,619761.0,The University of Queensland
LP120100168,Linkage Projects,2012,Closed,270000,289789.0,Deakin University
LP120100172,Linkage Projects,2012,Closed,106000,114234.0,The University of Queensland
LP120100173,Linkage Projects,2012,Closed,270000,290514.0,University of Wollongong
LP120100183,Linkage Projects,2012,Closed,130000,139864.0,Monash University
LP120100194,Linkage Projects,2012,Closed,200000,214881.0,Griffith University
LP120100201,Linkage Projects,2012,Closed,431000,463333.0,The University of Adelaide
LP120100204,Linkage Projects,2012,Closed,85000,89469.0,The University of Melbourne
LP120100209,Linkage Projects,2012,Closed,355000,0.0,The University of Queensland
LP120100212,Linkage Projects,2012,Closed,150000,161396.0,The University of Queensland
LP120100218,Linkage Projects,2012,Closed,186000,200075.0,Flinders University
LP120100219,Linkage Projects,2012,Closed,420000,450785.0,The University of Newcastle
LP120100220,Linkage Projects,2012,Closed,218000,234505.0,The University of Melbourne
LP120100224,Linkage Projects,2012,Closed,215913,233329.0,The University of New South Wales
LP120100226,Linkage Projects,2012,Closed,255000,274373.0,The University of Melbourne
LP120100228,Linkage Projects,2012,Closed,217000,232344.0,The University of Adelaide
LP120100233,Linkage Projects,2012,Closed,625127,662584.0,The University of Melbourne
LP120100238,Linkage Projects,2012,Closed,250000,268619.0,Southern Cross University
LP120100239,Linkage Projects,2012,Closed,409967,440178.0,Deakin University
LP120100243,Linkage Projects,2012,Closed,326696,349982.0,The University of Sydney
LP120100249,Linkage Projects,2012,Closed,250000,248374.0,The University of Melbourne
LP120100258,Linkage Projects,2012,Closed,205000,220562.0,Monash University
LP120100264,Linkage Projects,2012,Closed,410000,440400.0,Swinburne University of Technology
LP120100272,Linkage Projects,2012,Closed,335000,360227.0,The Australian National University
LP120100275,Linkage Projects,2012,Closed,212459,229234.0,La Trobe University
LP120100281,Linkage Projects,2012,Closed,540000,571564.0,Monash University
LP120100282,Linkage Projects,2012,Closed,333000,355377.0,The University of Queensland
LP120100284,Linkage Projects,2012,Closed,278805,300038.0,Monash University
LP120100287,Linkage Projects,2012,Closed,365762,0.0,Charles Sturt University
LP120100291,Linkage Projects,2012,Closed,60000,63507.0,The University of Melbourne
LP120100297,Linkage Projects,2012,Closed,458933,493770.0,The University of Queensland
LP120100301,Linkage Projects,2012,Closed,225000,243020.0,Monash University
LP120100302,Linkage Projects,2012,Closed,479892,515075.0,Queensland University of Technology
LP120100304,Linkage Projects,2012,Closed,210000,225954.0,The University of Melbourne
LP120100309,Linkage Projects,2012,Closed,175000,188284.0,Swinburne University of Technology
LP120100310,Linkage Projects,2012,Closed,330000,354346.0,The University of Western Australia
LP120100314,Linkage Projects,2012,Closed,300000,321668.0,The University of Western Australia
LP120100317,Linkage Projects,2012,Closed,180000,190321.0,Federation University Australia
LP120100325,Linkage Projects,2012,Closed,138177,148816.0,Griffith University
LP120100327,Linkage Projects,2012,Closed,421000,451317.0,The Australian National University
LP120100337,Linkage Projects,2012,Closed,346013,371700.0,The University of New South Wales
LP120100343,Linkage Projects,2012,Closed,360000,387350.0,Queensland University of Technology
LP120100347,Linkage Projects,2012,Closed,90000,96838.0,Curtin University
LP120100348,Linkage Projects,2012,Closed,198000,212465.0,Queensland University of Technology
LP120100350,Linkage Projects,2012,Closed,549000,597558.0,The University of Western Australia
LP120100353,Linkage Projects,2012,Closed,220000,236702.0,The University of Queensland
LP120100359,Linkage Projects,2012,Closed,220000,236339.0,The Australian National University
LP120100372,Linkage Projects,2012,Closed,93343,100453.0,Deakin University
LP120100395,Linkage Projects,2012,Closed,446000,479884.0,The University of New South Wales
LP120100405,Linkage Projects,2012,Closed,80000,84476.0,Flinders University
LP120100406,Linkage Projects,2012,Closed,439000,475897.0,The University of New South Wales
LP120100407,Linkage Projects,2012,Closed,185000,198668.0,Griffith University
LP120100412,Linkage Projects,2012,Closed,185000,198868.0,The University of Queensland
LP120100414,Linkage Projects,2012,Closed,450000,481376.0,Monash University
LP120100418,Linkage Projects,2012,Closed,140208,151003.0,Deakin University
LP120100422,Linkage Projects,2012,Closed,652367,710070.0,University of Wollongong
LP120100426,Linkage Projects,2012,Closed,510000,562133.0,Flinders University
LP120100435,Linkage Projects,2012,Closed,637272,682214.0,Curtin University
LP120100446,Linkage Projects,2012,Closed,215625,232520.0,The Australian National University
LP120100448,Linkage Projects,2012,Closed,285000,306091.0,The Australian National University
LP120100458,Linkage Projects,2012,Closed,202489,217630.0,The University of Sydney
LP120100463,Linkage Projects,2012,Closed,240000,258234.0,Macquarie University
LP120100483,Linkage Projects,2012,Closed,405000,435734.0,The University of Adelaide
LP120100485,Linkage Projects,2012,Closed,920000,989546.0,Griffith University
LP120100490,Linkage Projects,2012,Closed,276000,296969.0,The University of Melbourne
LP120100492,Linkage Projects,2012,Closed,825000,915156.0,Griffith University
LP120100493,Linkage Projects,2012,Closed,160539,146175.0,University of Technology Sydney
LP120100517,Linkage Projects,2012,Closed,478284,514573.0,The University of Queensland
LP120100519,Linkage Projects,2012,Closed,300000,322793.0,University of South Australia
LP120100520,Linkage Projects,2012,Closed,430000,462294.0,The University of Western Australia
LP120100523,Linkage Projects,2012,Closed,189000,203359.0,The University of New South Wales
LP120100526,Linkage Projects,2012,Closed,310000,333177.0,The University of Melbourne
LP120100527,Linkage Projects,2012,Closed,80820,52775.0,The Australian National University
LP120100529,Linkage Projects,2012,Closed,350000,376240.0,The University of Melbourne
LP120100539,Linkage Projects,2012,Closed,100000,0.0,Monash University
LP120100543,Linkage Projects,2012,Closed,412311,441698.0,Flinders University
LP120100552,Linkage Projects,2012,Closed,320000,343562.0,The University of Sydney
LP120100553,Linkage Projects,2012,Closed,90000,96838.0,The University of Adelaide
LP120100566,Linkage Projects,2012,Closed,380000,408120.0,University of Technology Sydney
LP120100575,Linkage Projects,2012,Closed,322905,347118.0,Queensland University of Technology
LP120100577,Linkage Projects,2012,Closed,205000,219874.0,The University of Sydney
LP120100587,Linkage Projects,2012,Closed,105000,112978.0,RMIT University
LP120100592,Linkage Projects,2012,Closed,513617,546688.0,The University of New South Wales
LP120100595,Linkage Projects,2012,Closed,145000,156004.0,The University of New South Wales
LP120100596,Linkage Projects,2012,Closed,200000,216132.0,The University of Newcastle
LP120100598,Linkage Projects,2012,Closed,210000,225954.0,Deakin University
LP120100600,Linkage Projects,2012,Closed,330000,354509.0,Monash University
LP120100605,Linkage Projects,2012,Closed,300000,322555.0,Deakin University
LP120100606,Linkage Projects,2012,Closed,183000,196791.0,University of South Australia
LP120100608,Linkage Projects,2012,Closed,210000,225954.0,The University of Sydney
LP120100618,Linkage Projects,2012,Closed,249408,318274.0,The University of Newcastle
LP120100624,Linkage Projects,2012,Closed,374823,402997.0,Curtin University
LP120100626,Linkage Projects,2012,Closed,490000,527052.0,The University of Queensland
LP120100627,Linkage Projects,2012,Closed,188000,183503.0,Queensland University of Technology
LP120100648,Linkage Projects,2012,Closed,273000,293629.0,The University of Adelaide
LP120100652,Linkage Projects,2012,Closed,290000,311846.0,The University of Adelaide
LP120100654,Linkage Projects,2012,Closed,260000,279004.0,The University of Melbourne
LP120100659,Linkage Projects,2012,Closed,220000,236702.0,University of Technology Sydney
LP120100661,Linkage Projects,2012,Closed,249408,268500.0,The University of Sydney
LP120100662,Linkage Projects,2012,Closed,377800,405909.0,The University of Queensland
LP120100664,Linkage Projects,2012,Closed,166953,178117.0,The University of Queensland
LP120100668,Linkage Projects,2012,Closed,130000,137599.0,The University of Western Australia
LP120100670,Linkage Projects,2012,Closed,118700,128115.0,The University of Queensland
LP120100672,Linkage Projects,2012,Closed,227516,243020.0,The University of New South Wales
LP120100680,Linkage Projects,2012,Closed,533256,0.0,The University of Newcastle
LP120100683,Linkage Projects,2012,Closed,166272,176062.0,Monash University
LP120100685,Linkage Projects,2012,Closed,220000,237413.0,Edith Cowan University
LP120100686,Linkage Projects,2012,Closed,390000,419631.0,The University of Queensland
LP120100689,Linkage Projects,2012,Closed,154177,166136.0,Monash University
LP120100690,Linkage Projects,2012,Closed,410000,433996.0,The University of New South Wales
LP120100692,Linkage Projects,2012,Closed,95000,100453.0,The University of Queensland
LP120100700,Linkage Projects,2012,Closed,480800,523891.0,The University of Sydney
LP120100703,Linkage Projects,2012,Closed,570000,612581.0,Monash University
LP120100704,Linkage Projects,2012,Closed,140000,149887.0,The University of New South Wales
LP120100706,Linkage Projects,2012,Closed,111302,119595.0,The University of Melbourne
LP120100714,Linkage Projects,2012,Closed,185000,198505.0,University of South Australia
LP120100718,Linkage Projects,2012,Closed,440900,468039.0,Monash University
LP120100729,Linkage Projects,2012,Closed,240000,258234.0,Queensland University of Technology
LP120100737,Linkage Projects,2012,Closed,360000,387350.0,The University of Queensland
LP120200002,Linkage Projects,2012,Closed,400000,435235.0,The University of Western Australia
LP120200010,Linkage Projects,2012,Closed,304000,327282.0,The University of Melbourne
LP120200015,Linkage Projects,2012,Closed,227495,245902.0,Monash University
LP120200023,Linkage Projects,2012,Closed,370000,404107.0,Queensland University of Technology
LP120200028,Linkage Projects,2012,Closed,120000,131321.0,The University of Melbourne
LP120200033,Linkage Projects,2012,Closed,310173,337510.0,Monash University
LP120200043,Linkage Projects,2012,Closed,120000,129191.0,The University of New South Wales
LP120200046,Linkage Projects,2012,Closed,360000,392897.0,RMIT University
LP120200051,Linkage Projects,2012,Closed,465000,504892.0,University of the Sunshine Coast
LP120200052,Linkage Projects,2012,Closed,105000,114595.0,University of Wollongong
LP120200063,Linkage Projects,2012,Closed,360056,393252.0,The Australian National University
LP120200065,Linkage Projects,2012,Closed,229905,243435.0,Deakin University
LP120200066,Linkage Projects,2012,Closed,225000,245560.0,Monash University
LP120200074,Linkage Projects,2012,Closed,170793,186400.0,The University of New South Wales
LP120200075,Linkage Projects,2012,Closed,199257,217466.0,The University of New South Wales
LP120200076,Linkage Projects,2012,Closed,123235,132499.0,The University of Queensland
LP120200078,Linkage Projects,2012,Closed,331000,360918.0,University of Technology Sydney
LP120200079,Linkage Projects,2012,Closed,210000,229190.0,University of Technology Sydney
LP120200081,Linkage Projects,2012,Closed,259000,282681.0,University of Technology Sydney
LP120200085,Linkage Projects,2012,Closed,197181,215439.0,Flinders University
LP120200086,Linkage Projects,2012,Closed,750000,818536.0,Macquarie University
LP120200089,Linkage Projects,2012,Closed,495000,540234.0,Deakin University
LP120200092,Linkage Projects,2012,Closed,276368,301395.0,The University of Adelaide
LP120200093,Linkage Projects,2012,Closed,480000,521363.0,The University of Queensland
LP120200095,Linkage Projects,2012,Closed,213000,229611.0,Deakin University
LP120200102,Linkage Projects,2012,Closed,450000,491122.0,The University of Western Australia
LP120200110,Linkage Projects,2012,Closed,252000,274496.0,Charles Darwin University
LP120200111,Linkage Projects,2012,Closed,354988,386862.0,Deakin University
LP120200115,Linkage Projects,2012,Closed,173224,189209.0,University of Technology Sydney
LP120200117,Linkage Projects,2012,Closed,313975,0.0,University of Technology Sydney
LP120200121,Linkage Projects,2012,Closed,150000,163769.0,The University of Queensland
LP120200122,Linkage Projects,2012,Closed,772500,861120.0,The University of Melbourne
LP120200124,Linkage Projects,2012,Closed,249408,272380.0,Griffith University
LP120200125,Linkage Projects,2012,Closed,497576,543321.0,Charles Darwin University
LP120200128,Linkage Projects,2012,Closed,240000,262119.0,RMIT University
LP120200130,Linkage Projects,2012,Closed,330000,360156.0,The University of Melbourne
LP120200132,Linkage Projects,2012,Closed,130570,142418.0,The University of Melbourne
LP120200140,Linkage Projects,2012,Closed,177805,193068.0,The University of Queensland
LP120200144,Linkage Projects,2012,Closed,554879,602184.0,Griffith University
LP120200162,Linkage Projects,2012,Closed,105000,114595.0,The University of Queensland
LP120200164,Linkage Projects,2012,Closed,520000,565939.0,University of Tasmania
LP120200175,Linkage Projects,2012,Closed,116609,126867.0,Flinders University
LP120200180,Linkage Projects,2012,Closed,250000,272516.0,RMIT University
LP120200181,Linkage Projects,2012,Closed,330000,360156.0,Monash University
LP120200186,Linkage Projects,2012,Closed,240000,0.0,Deakin University
LP120200192,Linkage Projects,2012,Closed,389041,426980.0,The University of New England
LP120200197,Linkage Projects,2012,Closed,92853,101338.0,Deakin University
LP120200212,Linkage Projects,2012,Closed,180000,196005.0,The University of New South Wales
LP120200217,Linkage Projects,2012,Closed,396203,435392.0,University of Canberra
LP120200219,Linkage Projects,2012,Closed,237213,258965.0,The University of New South Wales
LP120200223,Linkage Projects,2012,Closed,120349,130538.0,The University of Melbourne
LP120200224,Linkage Projects,2012,Closed,111000,121206.0,The University of Western Australia
LP120200226,Linkage Projects,2012,Closed,262364,286318.0,La Trobe University
LP120200231,Linkage Projects,2012,Closed,210000,228742.0,Macquarie University
LP120200234,Linkage Projects,2012,Closed,180000,196449.0,The University of New South Wales
LP120200237,Linkage Projects,2012,Closed,382219,415529.0,The University of Sydney
LP120200238,Linkage Projects,2012,Closed,320000,348584.0,The University of Queensland
LP120200241,Linkage Projects,2012,Closed,340000,370741.0,University of Tasmania
LP120200244,Linkage Projects,2012,Closed,276000,301221.0,The University of Adelaide
LP120200245,Linkage Projects,2012,Closed,285000,311931.0,The University of Queensland
LP120200246,Linkage Projects,2012,Closed,255000,278302.0,Queensland University of Technology
LP120200249,Linkage Projects,2012,Closed,575000,625029.0,The University of Adelaide
LP120200259,Linkage Projects,2012,Closed,820000,893090.0,The University of Sydney
LP120200261,Linkage Projects,2012,Closed,200000,217618.0,The University of New South Wales
LP120200266,Linkage Projects,2012,Closed,240000,261932.0,Deakin University
LP120200268,Linkage Projects,2012,Closed,164830,177161.0,The University of New South Wales
LP120200272,Linkage Projects,2012,Closed,340000,371103.0,The University of Melbourne
LP120200281,Linkage Projects,2012,Closed,175869,191803.0,The University of Queensland
LP120200284,Linkage Projects,2012,Closed,559467,610593.0,The University of New South Wales
LP120200287,Linkage Projects,2012,Closed,200000,215318.0,University of South Australia
LP120200288,Linkage Projects,2012,Closed,205000,225674.0,Western Sydney University
LP120200289,Linkage Projects,2012,Closed,400000,439091.0,University of Wollongong
LP120200302,Linkage Projects,2012,Closed,201404,218406.0,University of South Australia
LP120200305,Linkage Projects,2012,Closed,510000,556786.0,RMIT University
LP120200306,Linkage Projects,2012,Closed,100055,108869.0,The University of Melbourne
LP120200311,Linkage Projects,2012,Closed,254553,277815.0,Western Sydney University
LP120200315,Linkage Projects,2012,Closed,148963,162866.0,Macquarie University
LP120200319,Linkage Projects,2012,Closed,405000,442010.0,Deakin University
LP120200321,Linkage Projects,2012,Closed,360000,392273.0,The University of Newcastle
LP120200327,Linkage Projects,2012,Closed,1024275,1132587.0,The Australian National University
LP120200328,Linkage Projects,2012,Closed,157495,172338.0,The University of New South Wales
LP120200329,Linkage Projects,2012,Closed,600000,654830.0,Queensland University of Technology
LP120200339,Linkage Projects,2012,Closed,279000,133629.0,Griffith University
LP120200347,Linkage Projects,2012,Closed,467493,510131.0,The University of New South Wales
LP120200352,Linkage Projects,2012,Closed,195000,212819.0,The University of Adelaide
LP120200361,Linkage Projects,2012,Closed,210000,229190.0,The University of Melbourne
LP120200367,Linkage Projects,2012,Closed,206000,225843.0,The Australian National University
LP120200375,Linkage Projects,2012,Closed,255000,278302.0,The University of Queensland
LP120200380,Linkage Projects,2012,Closed,501000,546783.0,University of Tasmania
LP120200381,Linkage Projects,2012,Closed,495000,538752.0,The Australian National University
LP120200393,Linkage Projects,2012,Closed,105000,114595.0,The University of Newcastle
LP120200396,Linkage Projects,2012,Closed,180694,197107.0,Deakin University
LP120200413,Linkage Projects,2012,Closed,225000,245560.0,RMIT University
LP120200417,Linkage Projects,2012,Closed,151000,164917.0,The University of Queensland
LP120200418,Linkage Projects,2012,Closed,340000,371728.0,The University of New South Wales
LP120200432,Linkage Projects,2012,Closed,270000,294673.0,University of Wollongong
LP120200437,Linkage Projects,2012,Closed,330000,359168.0,The University of Western Australia
LP120200440,Linkage Projects,2012,Closed,210000,229190.0,RMIT University
LP120200444,Linkage Projects,2012,Closed,195000,212819.0,The Australian National University
LP120200454,Linkage Projects,2012,Closed,480000,523369.0,The University of Queensland
LP120200458,Linkage Projects,2012,Closed,203627,221986.0,The University of Melbourne
LP120200461,Linkage Projects,2012,Closed,131976,144103.0,Griffith University
LP120200464,Linkage Projects,2012,Closed,415000,457345.0,The University of Western Australia
LP120200469,Linkage Projects,2012,Closed,540000,593146.0,Monash University
LP120200473,Linkage Projects,2012,Closed,374154,408898.0,The Australian National University
LP120200474,Linkage Projects,2012,Closed,225000,245180.0,The University of Queensland
LP120200475,Linkage Projects,2012,Closed,172196,187902.0,University of South Australia
LP120200481,Linkage Projects,2012,Closed,265030,289125.0,The University of New South Wales
LP120200484,Linkage Projects,2012,Closed,184936,200571.0,University of Technology Sydney
LP120200485,Linkage Projects,2012,Closed,510000,556604.0,The University of Adelaide
LP120200489,Linkage Projects,2012,Closed,285000,311045.0,The University of Sydney
LP120200494,Linkage Projects,2012,Closed,300000,327415.0,The University of Newcastle
LP120200495,Linkage Projects,2012,Closed,560000,328636.0,The University of New South Wales
LP120200499,Linkage Projects,2012,Closed,210000,229190.0,The University of New South Wales
LP120200506,Linkage Projects,2012,Closed,174000,186084.0,Curtin University
LP120200509,Linkage Projects,2012,Closed,180000,193786.0,The Australian National University
LP120200516,Linkage Projects,2012,Closed,132000,144062.0,University of Tasmania
LP120200521,Linkage Projects,2012,Closed,530000,576967.0,The University of Sydney
LP120200528,Linkage Projects,2012,Closed,135000,147425.0,The University of Sydney
LP120200531,Linkage Projects,2012,Closed,355000,385136.0,University of Wollongong
LP120200536,Linkage Projects,2012,Closed,270000,294673.0,Deakin University
LP120200537,Linkage Projects,2012,Closed,223000,239180.0,Charles Darwin University
LP120200554,Linkage Projects,2012,Closed,240000,261305.0,Monash University
LP120200557,Linkage Projects,2012,Closed,520000,567058.0,Griffith University
LP120200562,Linkage Projects,2012,Closed,498000,541533.0,The University of Queensland
LP120200571,Linkage Projects,2012,Closed,140000,150723.0,University of South Australia
LP120200581,Linkage Projects,2012,Closed,275000,299966.0,Murdoch University
LP120200584,Linkage Projects,2012,Closed,510000,557230.0,The University of Melbourne
LP120200585,Linkage Projects,2012,Closed,105000,114595.0,The University of Sydney
LP120200587,Linkage Projects,2012,Closed,465000,507019.0,The University of Adelaide
LP120200591,Linkage Projects,2012,Closed,640000,699143.0,Queensland University of Technology
LP120200601,Linkage Projects,2012,Closed,180000,196055.0,The University of Adelaide
LP120200605,Linkage Projects,2012,Closed,822695,895621.0,The University of Western Australia
LP120200609,Linkage Projects,2012,Closed,315000,343785.0,The Australian National University
LP120200613,Linkage Projects,2012,Closed,280000,305258.0,Monash University
LP120200614,Linkage Projects,2012,Closed,285000,311045.0,The University of New South Wales
LP120200622,Linkage Projects,2012,Closed,180000,194516.0,Curtin University
LP120200623,Linkage Projects,2012,Closed,1575000,1718926.0,The University of Queensland
LP120200626,Linkage Projects,2012,Closed,370000,0.0,The Australian National University
LP120200628,Linkage Projects,2012,Closed,496000,551057.0,The University of Melbourne
LP120200630,Linkage Projects,2012,Closed,115218,125112.0,The University of Sydney
LP120200634,Linkage Projects,2012,Closed,220000,238787.0,The University of New South Wales
LP120200637,Linkage Projects,2012,Closed,200500,217567.0,The University of Adelaide
LP120200645,Linkage Projects,2012,Closed,405000,0.0,The University of Melbourne
LP120200647,Linkage Projects,2012,Closed,529599,578388.0,Queensland University of Technology
LP120200650,Linkage Projects,2012,Closed,195000,212819.0,Queensland University of Technology
LP120200660,Linkage Projects,2012,Closed,240000,261932.0,The University of Western Australia
LP120200678,Linkage Projects,2012,Closed,150000,163707.0,University of the Sunshine Coast
LP120200689,Linkage Projects,2012,Closed,320000,347595.0,The University of Melbourne
LP120200696,Linkage Projects,2012,Closed,730000,794504.0,The University of Sydney
LP120200699,Linkage Projects,2012,Closed,282500,307785.0,The University of Queensland
LP120200700,Linkage Projects,2012,Closed,542000,586722.0,University of Tasmania
LP120200705,Linkage Projects,2012,Closed,290621,317410.0,RMIT University
LP120200712,Linkage Projects,2012,Closed,226365,242346.0,Curtin University
LP120200721,Linkage Projects,2012,Closed,215115,234860.0,The University of Melbourne
LP120200723,Linkage Projects,2012,Closed,320000,348946.0,Southern Cross University
LP120200724,Linkage Projects,2012,Closed,270000,294673.0,The University of New South Wales
LP120200741,Linkage Projects,2012,Closed,270000,294673.0,Monash University
LP120200743,Linkage Projects,2012,Closed,134553,146938.0,RMIT University
LP120200744,Linkage Projects,2012,Closed,340000,370741.0,The University of Sydney
LP120200745,Linkage Projects,2012,Closed,350000,380981.0,The University of Queensland
LP120200748,Linkage Projects,2012,Closed,285000,311045.0,The University of Western Australia
LP120200755,Linkage Projects,2012,Closed,97653,100877.0,The University of Adelaide
LP120200757,Linkage Projects,2012,Closed,67476,72772.0,Monash University
LP120200759,Linkage Projects,2012,Closed,331512,76938.0,The Australian National University
LP120200764,Linkage Projects,2012,Closed,490000,534447.0,The University of Western Australia
LP120200767,Linkage Projects,2012,Closed,270000,0.0,The University of New South Wales
LP120200770,Linkage Projects,2012,Closed,320000,348321.0,The University of Sydney
LP120200773,Linkage Projects,2012,Closed,195000,212819.0,The University of Melbourne
LP120200774,Linkage Projects,2012,Closed,335000,364460.0,Swinburne University of Technology
LP120200777,Linkage Projects,2012,Closed,240000,261932.0,The University of New South Wales
LP120200778,Linkage Projects,2012,Closed,570000,622088.0,Monash University
LP120200784,Linkage Projects,2012,Closed,450000,491122.0,The University of Queensland
LP120200792,Linkage Projects,2012,Closed,280000,301444.0,Monash University
LP120200794,Linkage Projects,2012,Closed,240000,258381.0,Monash University
LP120200795,Linkage Projects,2012,Closed,204676,224156.0,The University of Melbourne
LP120200797,Linkage Projects,2012,Closed,360000,387209.0,Curtin University
LP120200808,Linkage Projects,2012,Closed,390000,424126.0,The University of Western Australia
LP120200809,Linkage Projects,2012,Closed,210000,229190.0,University of South Australia
LP120200811,Linkage Projects,2012,Closed,206000,224868.0,The University of Melbourne
LP120200814,Linkage Projects,2012,Closed,320000,351700.0,Macquarie University
LP120200818,Linkage Projects,2012,Closed,225000,245560.0,The Australian National University
LP120200830,Linkage Projects,2012,Closed,380000,419396.0,The University of Western Australia
LP120200836,Linkage Projects,2012,Closed,505000,551312.0,The University of Queensland
LP120200837,Linkage Projects,2012,Closed,529000,577792.0,The University of Queensland
LP130100001,Linkage Projects,2013,Closed,734042,790913.0,The University of Melbourne
LP130100007,Linkage Projects,2013,Closed,523093,563122.0,James Cook University
LP130100008,Linkage Projects,2013,Closed,435437,468492.0,RMIT University
LP130100015,Linkage Projects,2013,Closed,340000,366396.0,The University of New South Wales
LP130100023,Linkage Projects,2013,Closed,296000,319116.0,Macquarie University
LP130100025,Linkage Projects,2013,Closed,327220,352443.0,Monash University
LP130100026,Linkage Projects,2013,Closed,266087,285028.0,The University of Melbourne
LP130100029,Linkage Projects,2013,Closed,430138,463344.0,The University of Western Australia
LP130100031,Linkage Projects,2013,Closed,463342,498826.0,Queensland University of Technology
LP130100032,Linkage Projects,2013,Closed,310000,333730.0,University of South Australia
LP130100033,Linkage Projects,2013,Closed,390000,419956.0,The University of New South Wales
LP130100035,Linkage Projects,2013,Closed,274536,295937.0,Murdoch University
LP130100036,Linkage Projects,2013,Closed,260224,280600.0,Queensland University of Technology
LP130100037,Linkage Projects,2013,Closed,188800,201412.0,The University of Western Australia
LP130100040,Linkage Projects,2013,Closed,308401,332238.0,Monash University
LP130100045,Linkage Projects,2013,Closed,281952,302911.0,University of South Australia
LP130100046,Linkage Projects,2013,Closed,150000,161595.0,Deakin University
LP130100048,Linkage Projects,2013,Closed,180000,193912.0,Monash University
LP130100050,Linkage Projects,2013,Closed,294263,316234.0,Murdoch University
LP130100055,Linkage Projects,2013,Closed,206000,221769.0,The University of Melbourne
LP130100061,Linkage Projects,2013,Closed,683349,736438.0,The University of Western Australia
LP130100066,Linkage Projects,2013,Closed,290000,312300.0,Queensland University of Technology
LP130100067,Linkage Projects,2013,Closed,227522,236505.0,Charles Sturt University
LP130100072,Linkage Projects,2013,Closed,375000,403985.0,The University of New South Wales
LP130100078,Linkage Projects,2013,Closed,282000,303798.0,RMIT University
LP130100081,Linkage Projects,2013,Closed,349350,376190.0,The University of Melbourne
LP130100083,Linkage Projects,2013,Closed,252124,270327.0,University of Tasmania
LP130100086,Linkage Projects,2013,Closed,467600,503015.0,The University of Queensland
LP130100087,Linkage Projects,2013,Closed,271144,292029.0,Western Sydney University
LP130100088,Linkage Projects,2013,Closed,325000,185264.0,The University of Sydney
LP130100091,Linkage Projects,2013,Closed,416282,448873.0,Monash University
LP130100100,Linkage Projects,2013,Closed,180754,194709.0,University of Canberra
LP130100106,Linkage Projects,2013,Closed,100000,106680.0,The University of Melbourne
LP130100108,Linkage Projects,2013,Closed,310949,335077.0,The University of New South Wales
LP130100110,Linkage Projects,2013,Closed,255000,274711.0,Queensland University of Technology
LP130100111,Linkage Projects,2013,Closed,300000,323189.0,The University of Sydney
LP130100113,Linkage Projects,2013,Closed,195000,210072.0,The University of Melbourne
LP130100117,Linkage Projects,2013,Closed,259000,277885.0,The University of Adelaide
LP130100118,Linkage Projects,2013,Closed,381678,410937.0,Griffith University
LP130100120,Linkage Projects,2013,Closed,179945,193854.0,Macquarie University
LP130100122,Linkage Projects,2013,Closed,270000,290524.0,Flinders University
LP130100123,Linkage Projects,2013,Closed,434356,468049.0,Monash University
LP130100129,Linkage Projects,2013,Closed,163000,160992.0,The University of Sydney
LP130100130,Linkage Projects,2013,Closed,300000,323189.0,Edith Cowan University
LP130100131,Linkage Projects,2013,Closed,629533,677890.0,The Australian National University
LP130100132,Linkage Projects,2013,Closed,255000,274711.0,Monash University
LP130100134,Linkage Projects,2013,Closed,600000,646376.0,The Australian National University
LP130100137,Linkage Projects,2013,Closed,489367,523633.0,The University of Western Australia
LP130100138,Linkage Projects,2013,Closed,270000,290869.0,The University of Western Australia
LP130100142,Linkage Projects,2013,Closed,449430,479452.0,Griffith University
LP130100144,Linkage Projects,2013,Closed,440000,473895.0,The University of Queensland
LP130100146,Linkage Projects,2013,Closed,559330,600892.0,University of Tasmania
LP130100148,Linkage Projects,2013,Closed,438832,472756.0,The University of Queensland
LP130100154,Linkage Projects,2013,Closed,345000,371446.0,The University of Adelaide
LP130100155,Linkage Projects,2013,Closed,335772,355765.0,The University of Western Australia
LP130100156,Linkage Projects,2013,Closed,377000,406465.0,The University of Adelaide
LP130100159,Linkage Projects,2013,Closed,356000,384114.0,The University of New South Wales
LP130100162,Linkage Projects,2013,Closed,398961,429798.0,The Australian National University
LP130100164,Linkage Projects,2013,Closed,450000,484562.0,The University of Queensland
LP130100168,Linkage Projects,2013,Closed,344500,369948.0,The University of New England
LP130100171,Linkage Projects,2013,Closed,168000,181025.0,The University of Melbourne
LP130100172,Linkage Projects,2013,Closed,751668,809728.0,The University of Melbourne
LP130100173,Linkage Projects,2013,Closed,315000,338560.0,The University of New South Wales
LP130100174,Linkage Projects,2013,Closed,710000,765108.0,The University of Melbourne
LP130100176,Linkage Projects,2013,Closed,606462,652277.0,RMIT University
LP130100177,Linkage Projects,2013,Closed,193150,206012.0,The University of New South Wales
LP130100181,Linkage Projects,2013,Closed,151066,162757.0,The Australian National University
LP130100185,Linkage Projects,2013,Closed,200000,213032.0,The University of Western Australia
LP130100189,Linkage Projects,2013,Closed,261933,282406.0,La Trobe University
LP130100191,Linkage Projects,2013,Closed,313068,337258.0,The University of New South Wales
LP130100201,Linkage Projects,2013,Closed,260000,202605.0,Deakin University
LP130100204,Linkage Projects,2013,Closed,221635,239027.0,The University of Melbourne
LP130100208,Linkage Projects,2013,Closed,480000,517101.0,The University of Melbourne
LP130100209,Linkage Projects,2013,Closed,599952,646324.0,The University of Melbourne
LP130100215,Linkage Projects,2013,Closed,271385,292551.0,The University of Queensland
LP130100218,Linkage Projects,2013,Closed,412912,444747.0,University of Tasmania
LP130100220,Linkage Projects,2013,Closed,350000,377725.0,The University of Melbourne
LP130100226,Linkage Projects,2013,Closed,160000,169391.0,The Australian National University
LP130100227,Linkage Projects,2013,Closed,239956,241706.0,University of South Australia
LP130100230,Linkage Projects,2013,Closed,260000,279855.0,The University of Queensland
LP130100233,Linkage Projects,2013,Closed,232108,249830.0,Deakin University
LP130100236,Linkage Projects,2013,Closed,205000,220960.0,RMIT University
LP130100242,Linkage Projects,2013,Closed,196452,211152.0,The University of Queensland
LP130100243,Linkage Projects,2013,Closed,320000,344524.0,RMIT University
LP130100252,Linkage Projects,2013,Closed,150000,161595.0,University of South Australia
LP130100253,Linkage Projects,2013,Closed,150000,161595.0,Western Sydney University
LP130100265,Linkage Projects,2013,Closed,155000,166865.0,Macquarie University
LP130100268,Linkage Projects,2013,Closed,197580,184954.0,The Australian National University
LP130100270,Linkage Projects,2013,Closed,750000,807970.0,The University of New South Wales
LP130100278,Linkage Projects,2013,Closed,377873,406397.0,The University of New South Wales
LP130100282,Linkage Projects,2013,Closed,560984,606157.0,Australian Catholic University
LP130100286,Linkage Projects,2013,Closed,150000,161595.0,Swinburne University of Technology
LP130100288,Linkage Projects,2013,Closed,104126,111133.0,The Australian National University
LP130100295,Linkage Projects,2013,Closed,412295,443721.0,The University of Melbourne
LP130100300,Linkage Projects,2013,Closed,226000,242910.0,The University of Sydney
LP130100304,Linkage Projects,2013,Closed,282000,302689.0,Griffith University
LP130100305,Linkage Projects,2013,Closed,300000,323189.0,The University of Melbourne
LP130100306,Linkage Projects,2013,Closed,119684,127688.0,Western Sydney University
LP130100308,Linkage Projects,2013,Closed,570000,613363.0,The University of Melbourne
LP130100311,Linkage Projects,2013,Closed,612756,660428.0,The University of Newcastle
LP130100314,Linkage Projects,2013,Closed,450000,484783.0,The University of Melbourne
LP130100323,Linkage Projects,2013,Closed,215733,233074.0,Flinders University
LP130100324,Linkage Projects,2013,Closed,360000,387825.0,Swinburne University of Technology
LP130100338,Linkage Projects,2013,Closed,240000,258551.0,University of South Australia
LP130100344,Linkage Projects,2013,Closed,309000,332747.0,James Cook University
LP130100345,Linkage Projects,2013,Closed,162810,173375.0,Griffith University
LP130100346,Linkage Projects,2013,Closed,213527,229628.0,The Australian National University
LP130100347,Linkage Projects,2013,Closed,411582,443395.0,The University of Western Australia
LP130100348,Linkage Projects,2013,Closed,180000,194165.0,The University of Newcastle
LP130100350,Linkage Projects,2013,Closed,150000,152167.0,University of South Australia
LP130100357,Linkage Projects,2013,Closed,383740,411819.0,The University of Melbourne
LP130100361,Linkage Projects,2013,Closed,325000,350237.0,The University of Queensland
LP130100364,Linkage Projects,2013,Closed,668057,719820.0,The University of New South Wales
LP130100365,Linkage Projects,2013,Closed,455000,490053.0,Monash University
LP130100366,Linkage Projects,2013,Closed,200000,204943.0,Victoria University
LP130100373,Linkage Projects,2013,Closed,167000,0.0,Monash University
LP130100376,Linkage Projects,2013,Closed,407840,429963.0,The University of Queensland
LP130100380,Linkage Projects,2013,Closed,705770,759261.0,The University of Melbourne
LP130100382,Linkage Projects,2013,Closed,150000,161595.0,University of Technology Sydney
LP130100395,Linkage Projects,2013,Closed,270000,290869.0,The University of Melbourne
LP130100400,Linkage Projects,2013,Closed,229193,244057.0,The University of New South Wales
LP130100402,Linkage Projects,2013,Closed,307000,330499.0,The University of New South Wales
LP130100404,Linkage Projects,2013,Closed,232105,250280.0,The University of Melbourne
LP130100406,Linkage Projects,2013,Closed,236486,254891.0,The University of Adelaide
LP130100408,Linkage Projects,2013,Closed,414085,444759.0,The University of New South Wales
LP130100410,Linkage Projects,2013,Closed,150000,161595.0,The University of Melbourne
LP130100411,Linkage Projects,2013,Closed,568815,611989.0,The University of Melbourne
LP130100413,Linkage Projects,2013,Closed,300000,323189.0,The Australian National University
LP130100415,Linkage Projects,2013,Closed,283000,304838.0,Queensland University of Technology
LP130100419,Linkage Projects,2013,Closed,287607,309070.0,The University of Adelaide
LP130100420,Linkage Projects,2013,Closed,150000,161290.0,James Cook University
LP130100423,Linkage Projects,2013,Closed,210000,225537.0,Macquarie University
LP130100435,Linkage Projects,2013,Closed,389065,419040.0,The University of New South Wales
LP130100437,Linkage Projects,2013,Closed,510000,549420.0,RMIT University
LP130100438,Linkage Projects,2013,Closed,193608,208568.0,University of Tasmania
LP130100441,Linkage Projects,2013,Closed,302000,325088.0,The University of Sydney
LP130100448,Linkage Projects,2013,Closed,581643,624133.0,Monash University
LP130100451,Linkage Projects,2013,Closed,500000,538185.0,Curtin University
LP130100453,Linkage Projects,2013,Closed,357574,385349.0,The University of Sydney
LP130100454,Linkage Projects,2013,Closed,164780,175788.0,The University of New South Wales
LP130100455,Linkage Projects,2013,Closed,375807,404842.0,The Australian National University
LP130100458,Linkage Projects,2013,Closed,619138,667020.0,The University of Melbourne
LP130100461,Linkage Projects,2013,Closed,230000,248512.0,Queensland University of Technology
LP130100465,Linkage Projects,2013,Closed,105000,111949.0,Western Sydney University
LP130100469,Linkage Projects,2013,Closed,200000,214303.0,Queensland University of Technology
LP130100480,Linkage Projects,2013,Closed,169000,181901.0,The University of Sydney
LP130100482,Linkage Projects,2013,Closed,210000,226012.0,RMIT University
LP130100483,Linkage Projects,2013,Closed,652374,702862.0,The University of Queensland
LP130100485,Linkage Projects,2013,Closed,252000,271171.0,Western Sydney University
LP130100492,Linkage Projects,2013,Closed,559000,601177.0,The University of Queensland
LP130100498,Linkage Projects,2013,Closed,354746,382024.0,Southern Cross University
LP130100501,Linkage Projects,2013,Closed,480000,517101.0,The University of Melbourne
LP130100508,Linkage Projects,2013,Closed,447000,481569.0,Flinders University
LP130100514,Linkage Projects,2013,Closed,170000,155380.0,University of South Australia
LP130100517,Linkage Projects,2013,Closed,427510,460467.0,Macquarie University
LP130100521,Linkage Projects,2013,Closed,252000,271548.0,RMIT University
LP130100525,Linkage Projects,2013,Closed,238000,257338.0,RMIT University
LP130100528,Linkage Projects,2013,Closed,309000,330900.0,The University of New South Wales
LP130100531,Linkage Projects,2013,Closed,495000,533260.0,The University of Melbourne
LP130100535,Linkage Projects,2013,Closed,223000,227437.0,The University of Western Australia
LP130100546,Linkage Projects,2013,Closed,255000,274711.0,The University of Queensland
LP130100548,Linkage Projects,2013,Closed,150000,161595.0,The University of Queensland
LP130100550,Linkage Projects,2013,Closed,464982,500923.0,The University of Queensland
LP130100556,Linkage Projects,2013,Closed,217955,234997.0,The University of Newcastle
LP130100557,Linkage Projects,2013,Closed,482363,518293.0,RMIT University
LP130100563,Linkage Projects,2013,Closed,215000,231282.0,RMIT University
LP130100565,Linkage Projects,2013,Closed,259070,277071.0,The University of Melbourne
LP130100567,Linkage Projects,2013,Closed,285000,307249.0,The University of Adelaide
LP130100568,Linkage Projects,2013,Closed,270000,290869.0,University of South Australia
LP130100572,Linkage Projects,2013,Closed,354087,381455.0,Macquarie University
LP130100573,Linkage Projects,2013,Closed,549484,591025.0,Murdoch University
LP130100576,Linkage Projects,2013,Closed,279273,302324.0,Macquarie University
LP130100600,Linkage Projects,2013,Closed,675000,727173.0,The University of Adelaide
LP130100602,Linkage Projects,2013,Closed,490000,527642.0,Curtin University
LP130100605,Linkage Projects,2013,Closed,615000,662755.0,The University of Melbourne
LP130100607,Linkage Projects,2013,Closed,150000,161595.0,Swinburne University of Technology
LP130100612,Linkage Projects,2013,Closed,150000,160875.0,Central Queensland University
LP130100622,Linkage Projects,2013,Closed,290000,311705.0,University of Tasmania
LP130100624,Linkage Projects,2013,Closed,410565,442335.0,La Trobe University
LP130100626,Linkage Projects,2013,Closed,110000,117221.0,Monash University
LP130100645,Linkage Projects,2013,Closed,195000,203764.0,Central Queensland University
LP130100646,Linkage Projects,2013,Closed,554645,596208.0,The University of Adelaide
LP130100648,Linkage Projects,2013,Closed,588029,633474.0,The University of Adelaide
LP130100650,Linkage Projects,2013,Closed,450000,484783.0,Queensland University of Technology
LP130100670,Linkage Projects,2013,Closed,150000,161595.0,Western Sydney University
LP130100672,Linkage Projects,2013,Closed,547863,590544.0,Monash University
LP130100676,Linkage Projects,2013,Closed,150000,161595.0,Monash University
LP130100679,Linkage Projects,2013,Closed,290000,312646.0,Monash University
LP130100681,Linkage Projects,2013,Closed,182000,173777.0,Deakin University
LP130100684,Linkage Projects,2013,Closed,465440,499859.0,Monash University
LP130100694,Linkage Projects,2013,Closed,139438,148805.0,University of Technology Sydney
LP130100695,Linkage Projects,2013,Closed,237059,255561.0,University of South Australia
LP130100700,Linkage Projects,2013,Closed,450000,484783.0,Curtin University
LP130100701,Linkage Projects,2013,Closed,365000,392403.0,The University of New South Wales
LP130100702,Linkage Projects,2013,Closed,495000,533482.0,The University of New South Wales
LP130100703,Linkage Projects,2013,Closed,300000,323189.0,The University of Queensland
LP130100705,Linkage Projects,2013,Closed,570803,615094.0,Monash University
LP130100709,Linkage Projects,2013,Closed,195000,0.0,The University of Newcastle
LP130100711,Linkage Projects,2013,Closed,210000,224028.0,Victoria University
LP130100718,Linkage Projects,2013,Closed,254844,257653.0,The University of Western Australia
LP130100722,Linkage Projects,2013,Closed,180000,193912.0,The University of Sydney
LP130100723,Linkage Projects,2013,Closed,232449,246892.0,The University of New South Wales
LP130100731,Linkage Projects,2013,Closed,265000,284749.0,The University of Melbourne
LP130100733,Linkage Projects,2013,Closed,248375,267696.0,The University of Melbourne
LP130100734,Linkage Projects,2013,Closed,240000,258551.0,Macquarie University
LP130100735,Linkage Projects,2013,Closed,244744,263590.0,The Australian National University
LP130100736,Linkage Projects,2013,Closed,529853,570836.0,The University of Adelaide
LP130100739,Linkage Projects,2013,Closed,407888,438266.0,University of Tasmania
LP130100740,Linkage Projects,2013,Closed,590625,636159.0,Monash University
LP130100741,Linkage Projects,2013,Closed,241604,260213.0,University of South Australia
LP130100743,Linkage Projects,2013,Closed,300000,323189.0,RMIT University
LP130100744,Linkage Projects,2013,Closed,166022,178850.0,The University of Queensland
LP130100746,Linkage Projects,2013,Closed,554336,596262.0,University of Wollongong
LP130100748,Linkage Projects,2013,Closed,205000,220584.0,Griffith University
LP130100756,Linkage Projects,2013,Closed,400000,431380.0,University of Tasmania
LP130100773,Linkage Projects,2013,Closed,250000,270133.0,The University of New South Wales
LP130100774,Linkage Projects,2013,Closed,306000,329652.0,The University of New South Wales
LP130100781,Linkage Projects,2013,Closed,400000,429869.0,Monash University
LP130100782,Linkage Projects,2013,Closed,157000,167652.0,Flinders University
LP130100783,Linkage Projects,2013,Closed,300000,322559.0,The University of Newcastle
LP130100785,Linkage Projects,2013,Closed,429369,462817.0,The University of Melbourne
LP130100789,Linkage Projects,2013,Closed,268045,288885.0,The Australian National University
LP130100806,Linkage Projects,2013,Closed,300000,320041.0,The University of Melbourne
LP130100808,Linkage Projects,2013,Closed,102681,109572.0,Charles Sturt University
LP130100811,Linkage Projects,2013,Closed,158000,170166.0,Macquarie University
LP130100822,Linkage Projects,2013,Closed,623748,93606.0,The University of New South Wales
LP130100826,Linkage Projects,2013,Closed,481000,517551.0,Curtin University
LP130100828,Linkage Projects,2013,Closed,510000,549420.0,RMIT University
LP130100830,Linkage Projects,2013,Closed,214000,198754.0,University of South Australia
LP130100834,Linkage Projects,2013,Closed,150000,161595.0,The University of Melbourne
LP130100839,Linkage Projects,2013,Closed,305000,328459.0,University of Wollongong
LP130100848,Linkage Projects,2013,Closed,232160,250164.0,RMIT University
LP130100851,Linkage Projects,2013,Closed,514709,554639.0,The University of Newcastle
LP130100856,Linkage Projects,2013,Closed,412000,442927.0,The University of Western Australia
LP130100857,Linkage Projects,2013,Closed,410000,440881.0,The University of Melbourne
LP130100859,Linkage Projects,2013,Closed,182541,193753.0,The University of Adelaide
LP130100870,Linkage Projects,2013,Closed,311370,335514.0,The University of Queensland
LP130100876,Linkage Projects,2013,Closed,402614,434318.0,The University of New South Wales
LP130100880,Linkage Projects,2013,Closed,328218,353275.0,The University of Melbourne
LP130100881,Linkage Projects,2013,Closed,174000,185624.0,The University of Queensland
LP130100882,Linkage Projects,2013,Closed,595688,641817.0,The University of Queensland
LP130100884,Linkage Projects,2013,Closed,180000,193912.0,Monash University
LP130100888,Linkage Projects,2013,Closed,176000,187757.0,RMIT University
LP130100902,Linkage Projects,2013,Closed,357900,385125.0,University of South Australia
LP130100903,Linkage Projects,2013,Closed,305000,328680.0,Monash University
LP130100913,Linkage Projects,2013,Closed,295000,317918.0,The University of Queensland
LP130100918,Linkage Projects,2013,Closed,375331,404279.0,The University of Western Australia
LP130100919,Linkage Projects,2013,Closed,162000,174487.0,Curtin University
LP130100920,Linkage Projects,2013,Closed,460519,0.0,University of Wollongong
LP130100922,Linkage Projects,2013,Closed,510000,549418.0,Curtin University
LP130100925,Linkage Projects,2013,Closed,548792,592555.0,The University of Western Australia
LP130100927,Linkage Projects,2013,Closed,120000,128016.0,The University of New South Wales
LP130100933,Linkage Projects,2013,Closed,180000,193912.0,Queensland University of Technology
LP130100941,Linkage Projects,2013,Closed,675000,630994.0,The University of Sydney
LP130100942,Linkage Projects,2013,Closed,111191,118610.0,The Australian National University
LP130100943,Linkage Projects,2013,Closed,260943,282274.0,La Trobe University
LP130100945,Linkage Projects,2013,Closed,170000,182891.0,Queensland University of Technology
LP130100949,Linkage Projects,2013,Closed,497261,533944.0,University of Tasmania
LP130100953,Linkage Projects,2013,Closed,180000,193912.0,Monash University
LP130100955,Linkage Projects,2013,Closed,290556,313015.0,Monash University
LP130100958,Linkage Projects,2013,Closed,275000,295794.0,The University of Melbourne
LP130100962,Linkage Projects,2013,Closed,270000,290175.0,University of Tasmania
LP130100964,Linkage Projects,2013,Closed,320000,344777.0,The University of New South Wales
LP130100967,Linkage Projects,2013,Closed,236394,254522.0,The Australian National University
LP130100972,Linkage Projects,2013,Closed,489573,527825.0,The University of Queensland
LP130100983,Linkage Projects,2013,Closed,347488,374253.0,The University of New South Wales
LP130100988,Linkage Projects,2013,Closed,405646,437496.0,The University of Sydney
LP130100991,Linkage Projects,2013,Closed,615000,662537.0,RMIT University
LP130101001,Linkage Projects,2013,Closed,310000,333730.0,The Australian National University
LP130101005,Linkage Projects,2013,Closed,169605,182798.0,Monash University
LP130101008,Linkage Projects,2013,Closed,390114,416263.0,The University of Newcastle
LP130101010,Linkage Projects,2013,Closed,240000,257619.0,The University of New South Wales
LP130101012,Linkage Projects,2013,Closed,330000,355507.0,The University of Sydney
LP130101016,Linkage Projects,2013,Closed,216000,232696.0,University of Southern Queensland
LP130101018,Linkage Projects,2013,Closed,300000,320041.0,The University of Western Australia
LP130101019,Linkage Projects,2013,Closed,260000,277368.0,University of Technology Sydney
LP130101022,Linkage Projects,2013,Closed,425465,457286.0,The University of Melbourne
LP130101025,Linkage Projects,2013,Closed,240000,258551.0,University of Wollongong
LP130101031,Linkage Projects,2013,Closed,244266,262907.0,The University of Queensland
LP130101034,Linkage Projects,2013,Closed,200000,214935.0,The University of Sydney
LP130101035,Linkage Projects,2013,Closed,495000,532913.0,The University of New South Wales
LP130101038,Linkage Projects,2013,Closed,280000,301758.0,The University of Melbourne
LP130101043,Linkage Projects,2013,Closed,230000,247568.0,Queensland University of Technology
LP130101044,Linkage Projects,2013,Closed,450000,484783.0,Monash University
LP130101045,Linkage Projects,2013,Closed,150000,161595.0,The University of Melbourne
LP130101048,Linkage Projects,2013,Closed,545604,588091.0,The University of New South Wales
LP130101050,Linkage Projects,2013,Closed,456603,492067.0,The University of New South Wales
LP130101055,Linkage Projects,2013,Closed,524718,565400.0,The University of Adelaide
LP130101064,Linkage Projects,2013,Closed,150000,159894.0,The University of Adelaide
LP130101073,Linkage Projects,2013,Closed,342468,369012.0,Murdoch University
LP130101076,Linkage Projects,2013,Closed,469249,504787.0,The University of Queensland
LP130101088,Linkage Projects,2013,Closed,150000,161595.0,University of Tasmania
LP130101094,Linkage Projects,2013,Closed,367186,396164.0,The Australian National University
LP130101100,Linkage Projects,2013,Closed,234000,229967.0,Central Queensland University
LP130101107,Linkage Projects,2013,Closed,395000,425415.0,The University of New South Wales
LP130101110,Linkage Projects,2013,Closed,195000,209665.0,The University of Melbourne
LP130101120,Linkage Projects,2013,Closed,370000,399061.0,The University of Sydney
LP130101123,Linkage Projects,2013,Closed,370000,398367.0,The University of Sydney
LP130101131,Linkage Projects,2013,Closed,575000,617499.0,The University of Queensland
LP130101133,Linkage Projects,2013,Closed,360000,387825.0,University of South Australia
LP130101135,Linkage Projects,2013,Closed,305000,327419.0,University of Wollongong
LP130101138,Linkage Projects,2013,Closed,460000,496018.0,The Australian National University
LP130101142,Linkage Projects,2013,Closed,500000,303732.0,Monash University
LP130101143,Linkage Projects,2013,Closed,450000,484783.0,The University of Queensland
LP130101175,Linkage Projects,2013,Closed,290000,224912.0,The University of Sydney
LP130101183,Linkage Projects,2013,Closed,541581,583682.0,Swinburne University of Technology
LP140100011,Linkage Projects,2014,Closed,435280,458409.0,Western Sydney University
LP140100020,Linkage Projects,2014,Closed,172117,181968.0,The University of New South Wales
LP140100030,Linkage Projects,2014,Closed,179918,0.0,Western Sydney University
LP140100033,Linkage Projects,2014,Closed,197800,208206.0,The University of Sydney
LP140100034,Linkage Projects,2014,Closed,392000,414435.0,The University of New South Wales
LP140100041,Linkage Projects,2014,Closed,300000,317153.0,Australian Catholic University
LP140100044,Linkage Projects,2014,Closed,120000,125822.0,Federation University Australia
LP140100046,Linkage Projects,2014,Closed,375000,396442.0,The University of Western Australia
LP140100051,Linkage Projects,2014,Closed,450000,475731.0,Monash University
LP140100054,Linkage Projects,2014,Closed,298513,316802.0,The University of Melbourne
LP140100057,Linkage Projects,2014,Closed,190000,200336.0,Griffith University
LP140100065,Linkage Projects,2014,Closed,735000,777026.0,University of Wollongong
LP140100066,Linkage Projects,2014,Closed,410000,433089.0,The University of Western Australia
LP140100075,Linkage Projects,2014,Closed,410933,432187.0,University of Tasmania
LP140100086,Linkage Projects,2014,Closed,201937,212954.0,The University of New South Wales
LP140100087,Linkage Projects,2014,Closed,736754,778370.0,Monash University
LP140100088,Linkage Projects,2014,Closed,160000,167763.0,University of Wollongong
LP140100095,Linkage Projects,2014,Closed,229960,243275.0,The University of Melbourne
LP140100099,Linkage Projects,2014,Closed,177000,187122.0,The University of Melbourne
LP140100100,Linkage Projects,2014,Closed,510000,383112.0,Australian Catholic University
LP140100104,Linkage Projects,2014,Closed,493000,522278.0,The University of New South Wales
LP140100106,Linkage Projects,2014,Closed,345385,365253.0,Torrens University Australia
LP140100109,Linkage Projects,2014,Closed,290000,306408.0,The University of New South Wales
LP140100112,Linkage Projects,2014,Closed,203513,213932.0,Curtin University
LP140100118,Linkage Projects,2014,Closed,241366,254672.0,Griffith University
LP140100119,Linkage Projects,2014,Closed,330913,349898.0,The University of New South Wales
LP140100120,Linkage Projects,2014,Closed,192035,197954.0,University of Wollongong
LP140100121,Linkage Projects,2014,Closed,134000,140501.0,The University of New South Wales
LP140100124,Linkage Projects,2014,Closed,322975,341614.0,The University of Melbourne
LP140100142,Linkage Projects,2014,Closed,330000,322550.0,University of South Australia
LP140100146,Linkage Projects,2014,Closed,170000,179456.0,The University of Newcastle
LP140100148,Linkage Projects,2014,Closed,142000,102077.0,The University of Sydney
LP140100152,Linkage Projects,2014,Closed,410000,433789.0,The University of Melbourne
LP140100153,Linkage Projects,2014,Closed,210000,222008.0,The University of New South Wales
LP140100155,Linkage Projects,2014,Closed,390000,412299.0,Curtin University
LP140100160,Linkage Projects,2014,Closed,355000,374855.0,University of Tasmania
LP140100163,Linkage Projects,2014,Closed,265000,280416.0,The University of Melbourne
LP140100168,Linkage Projects,2014,Closed,137979,144710.0,RMIT University
LP140100176,Linkage Projects,2014,Closed,255000,269580.0,The University of Queensland
LP140100181,Linkage Projects,2014,Closed,482738,510683.0,The University of Sydney
LP140100182,Linkage Projects,2014,Closed,330000,348869.0,Macquarie University
LP140100202,Linkage Projects,2014,Closed,278000,293753.0,The University of Melbourne
LP140100209,Linkage Projects,2014,Closed,557981,589356.0,The Australian National University
LP140100213,Linkage Projects,2014,Closed,600000,634306.0,The University of Queensland
LP140100219,Linkage Projects,2014,Closed,520070,542195.0,The University of New South Wales
LP140100221,Linkage Projects,2014,Closed,420000,442095.0,Queensland University of Technology
LP140100222,Linkage Projects,2014,Closed,363000,383896.0,The University of Queensland
LP140100225,Linkage Projects,2014,Closed,527824,558786.0,The University of Queensland
LP140100226,Linkage Projects,2014,Closed,117309,122213.0,Queensland University of Technology
LP140100232,Linkage Projects,2014,Closed,331000,349896.0,Macquarie University
LP140100235,Linkage Projects,2014,Closed,284500,301138.0,The University of Sydney
LP140100236,Linkage Projects,2014,Closed,540000,570876.0,The University of Melbourne
LP140100239,Linkage Projects,2014,Closed,524000,553966.0,The University of Adelaide
LP140100240,Linkage Projects,2014,Closed,375000,396442.0,Deakin University
LP140100243,Linkage Projects,2014,Closed,499000,527337.0,Monash University
LP140100245,Linkage Projects,2014,Closed,340000,358823.0,The University of Western Australia
LP140100252,Linkage Projects,2014,Closed,361087,381959.0,The University of New South Wales
LP140100254,Linkage Projects,2014,Closed,420000,444014.0,The University of Sydney
LP140100256,Linkage Projects,2014,Closed,261365,243038.0,The Australian National University
LP140100260,Linkage Projects,2014,Closed,235000,248525.0,The University of Queensland
LP140100267,Linkage Projects,2014,Closed,320000,337604.0,The University of Western Australia
LP140100275,Linkage Projects,2014,Closed,636590,673035.0,The University of Western Australia
LP140100279,Linkage Projects,2014,Closed,384853,406395.0,The University of Sydney
LP140100282,Linkage Projects,2014,Closed,660000,697737.0,Queensland University of Technology
LP140100284,Linkage Projects,2014,Closed,450000,474431.0,Monash University
LP140100285,Linkage Projects,2014,Closed,480000,507446.0,The University of Sydney
LP140100287,Linkage Projects,2014,Closed,470491,497375.0,Deakin University
LP140100289,Linkage Projects,2014,Closed,675000,713595.0,The University of Adelaide
LP140100306,Linkage Projects,2014,Closed,246400,260597.0,The University of Melbourne
LP140100315,Linkage Projects,2014,Closed,509100,538397.0,University of the Sunshine Coast
LP140100317,Linkage Projects,2014,Closed,294000,310916.0,Flinders University
LP140100319,Linkage Projects,2014,Closed,267097,282344.0,Macquarie University
LP140100320,Linkage Projects,2014,Closed,320000,335163.0,Queensland University of Technology
LP140100325,Linkage Projects,2014,Closed,315000,332745.0,The University of Newcastle
LP140100327,Linkage Projects,2014,Closed,160518,168273.0,The University of New South Wales
LP140100328,Linkage Projects,2014,Closed,232000,244973.0,The University of New South Wales
LP140100329,Linkage Projects,2014,Closed,304221,321845.0,The University of New South Wales
LP140100341,Linkage Projects,2014,Closed,270756,285433.0,La Trobe University
LP140100343,Linkage Projects,2014,Closed,299963,316706.0,The University of Melbourne
LP140100344,Linkage Projects,2014,Closed,450000,475731.0,Macquarie University
LP140100347,Linkage Projects,2014,Closed,400000,422162.0,University of South Australia
LP140100348,Linkage Projects,2014,Closed,560000,592911.0,The University of Queensland
LP140100369,Linkage Projects,2014,Closed,225000,237865.0,The University of Melbourne
LP140100373,Linkage Projects,2014,Closed,353415,373496.0,The University of Melbourne
LP140100374,Linkage Projects,2014,Closed,310000,327548.0,Deakin University
LP140100375,Linkage Projects,2014,Closed,122454,128398.0,The University of Western Australia
LP140100376,Linkage Projects,2014,Closed,600000,628204.0,University of Technology Sydney
LP140100377,Linkage Projects,2014,Closed,409000,432666.0,Monash University
LP140100386,Linkage Projects,2014,Closed,400000,422162.0,The University of Queensland
LP140100387,Linkage Projects,2014,Closed,740880,782505.0,Griffith University
LP140100393,Linkage Projects,2014,Closed,720000,761167.0,The University of Western Australia
LP140100394,Linkage Projects,2014,Closed,320000,338384.0,Queensland University of Technology
LP140100397,Linkage Projects,2014,Closed,538000,569728.0,Swinburne University of Technology
LP140100399,Linkage Projects,2014,Closed,330000,348869.0,University of South Australia
LP140100403,Linkage Projects,2014,Closed,372000,393092.0,The University of Sydney
LP140100404,Linkage Projects,2014,Closed,193000,203592.0,Monash University
LP140100409,Linkage Projects,2014,Closed,203000,214529.0,Griffith University
LP140100412,Linkage Projects,2014,Closed,491700,519277.0,University of Tasmania
LP140100413,Linkage Projects,2014,Closed,520000,549023.0,The Australian National University
LP140100416,Linkage Projects,2014,Closed,326000,344763.0,RMIT University
LP140100419,Linkage Projects,2014,Closed,435000,460397.0,Griffith University
LP140100424,Linkage Projects,2014,Closed,300000,317153.0,The University of Queensland
LP140100428,Linkage Projects,2014,Closed,475989,502647.0,University of Tasmania
LP140100429,Linkage Projects,2014,Closed,255997,270518.0,The University of New South Wales
LP140100437,Linkage Projects,2014,Closed,405591,428964.0,The University of Melbourne
LP140100446,Linkage Projects,2014,Closed,230400,243107.0,Griffith University
LP140100458,Linkage Projects,2014,Closed,215006,225436.0,Macquarie University
LP140100459,Linkage Projects,2014,Closed,310000,324587.0,La Trobe University
LP140100460,Linkage Projects,2014,Closed,457000,480401.0,Macquarie University
LP140100462,Linkage Projects,2014,Closed,370000,390978.0,Macquarie University
LP140100468,Linkage Projects,2014,Closed,183000,193024.0,Western Sydney University
LP140100471,Linkage Projects,2014,Closed,354992,375840.0,Deakin University
LP140100473,Linkage Projects,2014,Closed,330000,348869.0,The University of Melbourne
LP140100480,Linkage Projects,2014,Closed,410000,434684.0,The University of Queensland
LP140100481,Linkage Projects,2014,Closed,342000,361529.0,Australian Catholic University
LP140100485,Linkage Projects,2014,Closed,353697,374042.0,The University of Queensland
LP140100489,Linkage Projects,2014,Closed,194873,206101.0,The University of Adelaide
LP140100495,Linkage Projects,2014,Closed,315000,332927.0,The University of Melbourne
LP140100504,Linkage Projects,2014,Closed,600000,550551.0,The University of Melbourne
LP140100506,Linkage Projects,2014,Closed,295000,312501.0,University of Tasmania
LP140100508,Linkage Projects,2014,Closed,488348,514622.0,The University of Sydney
LP140100514,Linkage Projects,2014,Closed,710000,751474.0,The Australian National University
LP140100516,Linkage Projects,2014,Closed,151213,159847.0,Monash University
LP140100521,Linkage Projects,2014,Closed,269692,283681.0,University of Canberra
LP140100522,Linkage Projects,2014,Closed,456000,472319.0,Curtin University
LP140100528,Linkage Projects,2014,Closed,203144,211294.0,Curtin University
LP140100536,Linkage Projects,2014,Closed,228000,240627.0,James Cook University
LP140100537,Linkage Projects,2014,Closed,630000,666022.0,The University of Western Australia
LP140100540,Linkage Projects,2014,Closed,320000,338499.0,Southern Cross University
LP140100543,Linkage Projects,2014,Closed,200000,211263.0,The University of New South Wales
LP140100546,Linkage Projects,2014,Closed,374451,395451.0,La Trobe University
LP140100548,Linkage Projects,2014,Closed,305000,322526.0,Monash University
LP140100555,Linkage Projects,2014,Closed,340000,359263.0,The University of Adelaide
LP140100560,Linkage Projects,2014,Closed,507000,536091.0,Monash University
LP140100562,Linkage Projects,2014,Closed,270000,259809.0,University of Wollongong
LP140100563,Linkage Projects,2014,Closed,480000,507712.0,Curtin University
LP140100565,Linkage Projects,2014,Closed,315911,315623.0,The University of Melbourne
LP140100567,Linkage Projects,2014,Closed,378000,399615.0,The University of Western Australia
LP140100569,Linkage Projects,2014,Closed,510000,0.0,University of Technology Sydney
LP140100572,Linkage Projects,2014,Closed,630000,666022.0,The Australian National University
LP140100574,Linkage Projects,2014,Closed,360000,380584.0,Queensland University of Technology
LP140100580,Linkage Projects,2014,Closed,415000,439168.0,The University of Melbourne
LP140100586,Linkage Projects,2014,Closed,326000,344782.0,Curtin University
LP140100589,Linkage Projects,2014,Closed,550000,580581.0,The University of Adelaide
LP140100591,Linkage Projects,2014,Closed,290000,305961.0,The University of Sydney
LP140100594,Linkage Projects,2014,Closed,276433,292118.0,The Australian National University
LP140100595,Linkage Projects,2014,Closed,300000,317153.0,The University of Queensland
LP140100596,Linkage Projects,2014,Closed,343000,362169.0,The University of Queensland
LP140100602,Linkage Projects,2014,Closed,470000,496048.0,University of Tasmania
LP140100605,Linkage Projects,2014,Closed,225000,237865.0,University of South Australia
LP140100607,Linkage Projects,2014,Closed,360000,380584.0,RMIT University
LP140100608,Linkage Projects,2014,Closed,420000,444014.0,RMIT University
LP140100609,Linkage Projects,2014,Closed,225000,237865.0,Queensland University of Technology
LP140100613,Linkage Projects,2014,Closed,195000,206183.0,Queensland University of Technology
LP140100616,Linkage Projects,2014,Closed,113400,118889.0,Monash University
LP140100623,Linkage Projects,2014,Closed,150000,158578.0,University of Tasmania
LP140100642,Linkage Projects,2014,Closed,401219,424428.0,The University of Newcastle
LP140100645,Linkage Projects,2014,Closed,296962,314055.0,RMIT University
LP140100650,Linkage Projects,2014,Closed,383762,405566.0,The University of Melbourne
LP140100652,Linkage Projects,2014,Closed,286000,302175.0,Queensland University of Technology
LP140100670,Linkage Projects,2014,Closed,243762,257831.0,The Australian National University
LP140100674,Linkage Projects,2014,Closed,268844,284446.0,The University of Adelaide
LP140100680,Linkage Projects,2014,Closed,225000,237333.0,The University of Melbourne
LP140100686,Linkage Projects,2014,Closed,355000,375187.0,The University of Sydney
LP140100687,Linkage Projects,2014,Closed,513500,542585.0,The University of Queensland
LP140100690,Linkage Projects,2014,Closed,341291,360765.0,Murdoch University
LP140100691,Linkage Projects,2014,Closed,315138,332847.0,Deakin University
LP140100694,Linkage Projects,2014,Closed,400000,422706.0,The University of Western Australia
LP140100696,Linkage Projects,2014,Closed,117000,122650.0,The University of Newcastle
LP140100698,Linkage Projects,2014,Closed,280000,295833.0,RMIT University
LP140100700,Linkage Projects,2014,Closed,380000,402080.0,The University of Queensland
LP140100711,Linkage Projects,2014,Closed,450000,475731.0,The University of New South Wales
LP140100722,Linkage Projects,2014,Closed,396576,419173.0,Deakin University
LP140100724,Linkage Projects,2014,Closed,395000,417762.0,Macquarie University
LP140100731,Linkage Projects,2014,Closed,480000,507977.0,The University of Melbourne
LP140100736,Linkage Projects,2014,Closed,300000,317153.0,The University of Western Australia
LP140100740,Linkage Projects,2014,Closed,198000,209160.0,University of Technology Sydney
LP140100742,Linkage Projects,2014,Closed,322000,340109.0,Swinburne University of Technology
LP140100747,Linkage Projects,2014,Closed,250000,0.0,Monash University
LP140100751,Linkage Projects,2014,Closed,355000,375282.0,Western Sydney University
LP140100753,Linkage Projects,2014,Closed,381237,403127.0,Macquarie University
LP140100762,Linkage Projects,2014,Closed,430000,454409.0,The University of Western Australia
LP140100763,Linkage Projects,2014,Closed,389000,411206.0,The Australian National University
LP140100774,Linkage Projects,2014,Closed,270000,285438.0,Edith Cowan University
LP140100781,Linkage Projects,2014,Closed,250000,262220.0,The University of Sydney
LP140100782,Linkage Projects,2014,Closed,167888,177228.0,The University of New South Wales
LP140100783,Linkage Projects,2014,Closed,342777,362288.0,University of Tasmania
LP140100785,Linkage Projects,2014,Closed,440000,464804.0,Monash University
LP140100786,Linkage Projects,2014,Closed,690000,729452.0,Monash University
LP140100795,Linkage Projects,2014,Closed,250261,264054.0,The University of Sydney
LP140100797,Linkage Projects,2014,Closed,255409,269706.0,Griffith University
LP140100798,Linkage Projects,2014,Closed,546420,579130.0,The University of New South Wales
LP140100802,Linkage Projects,2014,Closed,321000,339598.0,Flinders University
LP140100804,Linkage Projects,2014,Closed,300000,317153.0,The University of Queensland
LP140100805,Linkage Projects,2014,Closed,515000,544793.0,The University of Queensland
LP140100806,Linkage Projects,2014,Closed,405000,428157.0,The University of Sydney
LP140100808,Linkage Projects,2014,Closed,160000,169062.0,University of Wollongong
LP140100810,Linkage Projects,2014,Closed,163332,172672.0,Monash University
LP140100813,Linkage Projects,2014,Closed,240000,251644.0,Griffith University
LP140100816,Linkage Projects,2014,Closed,300000,317153.0,Swinburne University of Technology
LP140100817,Linkage Projects,2014,Closed,240000,253372.0,The University of New South Wales
LP140100832,Linkage Projects,2014,Closed,425000,448157.0,The University of Queensland
LP140100833,Linkage Projects,2014,Closed,169256,0.0,Queensland University of Technology
LP140100838,Linkage Projects,2014,Closed,339784,358847.0,The University of New South Wales
LP140100840,Linkage Projects,2014,Closed,346460,366914.0,The University of New South Wales
LP140100855,Linkage Projects,2014,Closed,311000,328162.0,The University of New South Wales
LP140100858,Linkage Projects,2014,Closed,600000,634167.0,University of Tasmania
LP140100860,Linkage Projects,2014,Closed,340000,0.0,The University of Adelaide
LP140100863,Linkage Projects,2014,Closed,210906,222965.0,The University of Sydney
LP140100871,Linkage Projects,2014,Closed,186351,196378.0,Monash University
LP140100873,Linkage Projects,2014,Closed,428000,452161.0,Curtin University
LP140100874,Linkage Projects,2014,Closed,460000,467401.0,The University of Newcastle
LP140100883,Linkage Projects,2014,Closed,321527,340318.0,Queensland University of Technology
LP140100885,Linkage Projects,2014,Closed,333000,352180.0,The University of Melbourne
LP140100897,Linkage Projects,2014,Closed,339000,358558.0,The University of Melbourne
LP140100900,Linkage Projects,2014,Closed,403000,426474.0,The University of Sydney
LP140100909,Linkage Projects,2014,Closed,327561,346290.0,The University of Western Australia
LP140100911,Linkage Projects,2014,Closed,450000,475731.0,The Australian National University
LP140100919,Linkage Projects,2014,Closed,300000,317153.0,Curtin University
LP140100920,Linkage Projects,2014,Closed,590922,624709.0,Monash University
LP140100922,Linkage Projects,2014,Closed,310000,327548.0,Monash University
LP140100923,Linkage Projects,2014,Closed,525000,555018.0,Queensland University of Technology
LP140100935,Linkage Projects,2014,Closed,150000,158578.0,Edith Cowan University
LP140100937,Linkage Projects,2014,Closed,360000,380584.0,University of Technology Sydney
LP140100939,Linkage Projects,2014,Closed,232132,246014.0,Central Queensland University
LP140100946,Linkage Projects,2014,Closed,240000,253723.0,The University of Adelaide
LP140100950,Linkage Projects,2014,Closed,301000,319131.0,University of Technology Sydney
LP140100952,Linkage Projects,2014,Closed,555000,586733.0,The University of Queensland
LP140100958,Linkage Projects,2014,Closed,235338,248794.0,The University of Queensland
LP140100959,Linkage Projects,2014,Closed,255000,269580.0,Monash University
LP140100967,Linkage Projects,2014,Closed,386372,408414.0,The University of New South Wales
LP140100978,Linkage Projects,2014,Closed,270000,285958.0,The University of Adelaide
LP140100980,Linkage Projects,2014,Closed,315000,333186.0,The University of Sydney
LP140100987,Linkage Projects,2014,Closed,250000,264117.0,The University of Western Australia
LP140100992,Linkage Projects,2014,Closed,175000,184563.0,The University of Queensland
LP140100993,Linkage Projects,2014,Closed,450000,476080.0,Curtin University
LP140100995,Linkage Projects,2014,Closed,275000,290901.0,The Australian National University
LP140101000,Linkage Projects,2014,Closed,560000,592729.0,The University of Newcastle
LP140101001,Linkage Projects,2014,Closed,541032,571635.0,James Cook University
LP140101004,Linkage Projects,2014,Closed,254904,268643.0,The University of Queensland
LP140101008,Linkage Projects,2014,Closed,350000,370033.0,The University of New South Wales
LP140101010,Linkage Projects,2014,Closed,340074,359140.0,University of South Australia
LP140101012,Linkage Projects,2014,Closed,343000,0.0,Macquarie University
LP140101013,Linkage Projects,2014,Closed,100000,104853.0,University of South Australia
LP140101020,Linkage Projects,2014,Closed,625000,660425.0,The University of New South Wales
LP140101023,Linkage Projects,2014,Closed,279461,295275.0,University of South Australia
LP140101030,Linkage Projects,2014,Closed,420000,444014.0,The University of New South Wales
LP140101056,Linkage Projects,2014,Closed,360000,380584.0,The University of New South Wales
LP140101062,Linkage Projects,2014,Closed,300000,317153.0,Queensland University of Technology
LP140101063,Linkage Projects,2014,Closed,421276,444979.0,Monash University
LP140101078,Linkage Projects,2014,Closed,314280,332250.0,The University of New South Wales
LP150100013,Linkage Projects,2015,Closed,360900,376682.0,Southern Cross University
LP150100022,Linkage Projects,2015,Closed,930000,979012.0,The University of Melbourne
LP150100025,Linkage Projects,2015,Closed,394853,412450.0,University of Tasmania
LP150100030,Linkage Projects,2015,Closed,191772,200038.0,Australian Catholic University
LP150100032,Linkage Projects,2015,Closed,396547,413697.0,University of South Australia
LP150100036,Linkage Projects,2015,Closed,585000,614555.0,The University of Queensland
LP150100037,Linkage Projects,2015,Closed,169168,175156.0,University of South Australia
LP150100038,Linkage Projects,2015,Closed,550000,578406.0,The University of Melbourne
LP150100040,Linkage Projects,2015,Closed,270000,281535.0,University of Wollongong
LP150100043,Linkage Projects,2015,Closed,275000,286762.0,Swinburne University of Technology
LP150100046,Linkage Projects,2015,Closed,488235,508862.0,University of the Sunshine Coast
LP150100055,Linkage Projects,2015,Closed,395000,412439.0,University of South Australia
LP150100059,Linkage Projects,2015,Closed,210000,218494.0,Deakin University
LP150100060,Linkage Projects,2015,Closed,258000,268549.0,Monash University
LP150100062,Linkage Projects,2015,Closed,387041,403737.0,The University of Melbourne
LP150100064,Linkage Projects,2015,Closed,310000,323723.0,The University of New South Wales
LP150100065,Linkage Projects,2015,Closed,280000,292606.0,RMIT University
LP150100071,Linkage Projects,2015,Closed,180745,188295.0,The University of Adelaide
LP150100077,Linkage Projects,2015,Closed,677681,706787.0,The University of Melbourne
LP150100078,Linkage Projects,2015,Closed,217964,229206.0,Griffith University
LP150100087,Linkage Projects,2015,Closed,488000,508498.0,The University of Queensland
LP150100089,Linkage Projects,2015,Closed,466328,486211.0,RMIT University
LP150100093,Linkage Projects,2015,Closed,444141,462410.0,The University of New South Wales
LP150100103,Linkage Projects,2015,Closed,460000,479975.0,Monash University
LP150100112,Linkage Projects,2015,Closed,550000,573898.0,The University of New South Wales
LP150100137,Linkage Projects,2015,Closed,241564,250046.0,Griffith University
LP150100138,Linkage Projects,2015,Closed,353000,368466.0,The University of New South Wales
LP150100139,Linkage Projects,2015,Closed,164000,171055.0,Deakin University
LP150100140,Linkage Projects,2015,Closed,242000,252404.0,Australian Catholic University
LP150100144,Linkage Projects,2015,Closed,138091,142945.0,The University of New South Wales
LP150100153,Linkage Projects,2015,Closed,360000,375700.0,Griffith University
LP150100156,Linkage Projects,2015,Closed,274139,286057.0,Queensland University of Technology
LP150100160,Linkage Projects,2015,Closed,290132,302924.0,University of South Australia
LP150100161,Linkage Projects,2015,Closed,286254,298483.0,The University of Western Australia
LP150100168,Linkage Projects,2015,Closed,238265,247745.0,The University of Queensland
LP150100175,Linkage Projects,2015,Closed,298907,0.0,Queensland University of Technology
LP150100178,Linkage Projects,2015,Closed,341794,356562.0,Queensland University of Technology
LP150100179,Linkage Projects,2015,Closed,285000,297019.0,Queensland University of Technology
LP150100202,Linkage Projects,2015,Closed,222470,231983.0,University of Tasmania
LP150100219,Linkage Projects,2015,Closed,338000,353654.0,The University of Adelaide
LP150100220,Linkage Projects,2015,Closed,300000,312817.0,University of Tasmania
LP150100225,Linkage Projects,2015,Closed,543000,567029.0,Flinders University
LP150100233,Linkage Projects,2015,Closed,471000,491481.0,The University of Melbourne
LP150100246,Linkage Projects,2015,Closed,223436,233003.0,Swinburne University of Technology
LP150100249,Linkage Projects,2015,Closed,532862,556786.0,The University of Western Australia
LP150100252,Linkage Projects,2015,Closed,394000,411541.0,RMIT University
LP150100259,Linkage Projects,2015,Closed,210000,218972.0,Curtin University
LP150100264,Linkage Projects,2015,Closed,164000,170894.0,Queensland University of Technology
LP150100266,Linkage Projects,2015,Closed,236822,247083.0,The University of Queensland
LP150100269,Linkage Projects,2015,Closed,547852,571266.0,The University of New South Wales
LP150100277,Linkage Projects,2015,Closed,182377,190272.0,The University of Melbourne
LP150100279,Linkage Projects,2015,Closed,214857,157500.0,Queensland University of Technology
LP150100287,Linkage Projects,2015,Closed,497600,528094.0,University of the Sunshine Coast
LP150100291,Linkage Projects,2015,Closed,287873,300275.0,The University of Melbourne
LP150100304,Linkage Projects,2015,Closed,470000,489599.0,University of Technology Sydney
LP150100308,Linkage Projects,2015,Closed,305000,318336.0,The University of Sydney
LP150100314,Linkage Projects,2015,Closed,490000,511256.0,The University of Sydney
LP150100315,Linkage Projects,2015,Closed,314954,328682.0,The University of Melbourne
LP150100318,Linkage Projects,2015,Closed,310224,322559.0,The University of New South Wales
LP150100320,Linkage Projects,2015,Closed,188028,194671.0,Griffith University
LP150100321,Linkage Projects,2015,Closed,106000,109686.0,The University of Melbourne
LP150100330,Linkage Projects,2015,Closed,195000,201903.0,The University of Adelaide
LP150100339,Linkage Projects,2015,Closed,354000,369030.0,The University of Western Australia
LP150100341,Linkage Projects,2015,Closed,455000,474921.0,Curtin University
LP150100343,Linkage Projects,2015,Closed,285000,285475.0,RMIT University
LP150100347,Linkage Projects,2015,Closed,130000,134520.0,The University of New South Wales
LP150100359,Linkage Projects,2015,Closed,156905,160332.0,The University of Adelaide
LP150100364,Linkage Projects,2015,Closed,603798,632937.0,The University of Queensland
LP150100368,Linkage Projects,2015,Closed,221574,230507.0,Griffith University
LP150100375,Linkage Projects,2015,Closed,328000,341058.0,Monash University
LP150100379,Linkage Projects,2015,Closed,211346,220320.0,Griffith University
LP150100385,Linkage Projects,2015,Closed,181890,189635.0,La Trobe University
LP150100386,Linkage Projects,2015,Closed,457800,477890.0,Griffith University
LP150100388,Linkage Projects,2015,Closed,353806,368539.0,Charles Darwin University
LP150100391,Linkage Projects,2015,Closed,495700,521121.0,La Trobe University
LP150100394,Linkage Projects,2015,Closed,287979,300287.0,Swinburne University of Technology
LP150100395,Linkage Projects,2015,Closed,332767,346291.0,Flinders University
LP150100400,Linkage Projects,2015,Closed,191394,38000.0,Swinburne University of Technology
LP150100402,Linkage Projects,2015,Closed,420000,438111.0,The University of Queensland
LP150100403,Linkage Projects,2015,Closed,421765,439928.0,Monash University
LP150100413,Linkage Projects,2015,Closed,290000,302551.0,RMIT University
LP150100417,Linkage Projects,2015,Closed,589847,619514.0,Curtin University
LP150100419,Linkage Projects,2015,Closed,370000,383111.0,Flinders University
LP150100423,Linkage Projects,2015,Closed,699310,735536.0,The Australian National University
LP150100434,Linkage Projects,2015,Closed,510247,531854.0,The University of Western Australia
LP150100450,Linkage Projects,2015,Closed,400000,414657.0,The University of Western Australia
LP150100451,Linkage Projects,2015,Closed,541405,561636.0,Murdoch University
LP150100456,Linkage Projects,2015,Closed,219959,225093.0,Deakin University
LP150100465,Linkage Projects,2015,Closed,213000,222100.0,Monash University
LP150100475,Linkage Projects,2015,Closed,159698,166468.0,Curtin University
LP150100476,Linkage Projects,2015,Closed,326506,343578.0,University of Wollongong
LP150100479,Linkage Projects,2015,Closed,385000,401528.0,The University of Sydney
LP150100481,Linkage Projects,2015,Closed,166442,173587.0,The University of New South Wales
LP150100482,Linkage Projects,2015,Closed,351953,367067.0,The University of Melbourne
LP150100487,Linkage Projects,2015,Closed,243727,254084.0,Western Sydney University
LP150100490,Linkage Projects,2015,Closed,865905,918701.0,The University of Western Australia
LP150100497,Linkage Projects,2015,Closed,222515,231849.0,Griffith University
LP150100501,Linkage Projects,2015,Closed,704000,734948.0,The University of Sydney
LP150100502,Linkage Projects,2015,Closed,192767,200246.0,University of Tasmania
LP150100503,Linkage Projects,2015,Closed,150000,156408.0,The University of Western Australia
LP150100519,Linkage Projects,2015,Closed,600000,616064.0,Southern Cross University
LP150100522,Linkage Projects,2015,Closed,208215,217106.0,Griffith University
LP150100525,Linkage Projects,2015,Closed,509000,539836.0,Griffith University
LP150100528,Linkage Projects,2015,Closed,392200,409430.0,The University of New South Wales
LP150100530,Linkage Projects,2015,Closed,152436,0.0,RMIT University
LP150100531,Linkage Projects,2015,Closed,272761,0.0,The University of Melbourne
LP150100539,Linkage Projects,2015,Closed,184000,189869.0,The University of Adelaide
LP150100543,Linkage Projects,2015,Closed,232371,238393.0,University of Technology Sydney
LP150100545,Linkage Projects,2015,Closed,150000,155298.0,Queensland University of Technology
LP150100548,Linkage Projects,2015,Closed,300000,313137.0,The University of New South Wales
LP150100558,Linkage Projects,2015,Closed,424174,444498.0,Deakin University
LP150100566,Linkage Projects,2015,Closed,226094,226531.0,The University of Sydney
LP150100567,Linkage Projects,2015,Closed,318470,332355.0,The University of New South Wales
LP150100574,Linkage Projects,2015,Closed,223468,233133.0,The University of New South Wales
LP150100583,Linkage Projects,2015,Closed,570000,594836.0,Griffith University
LP150100588,Linkage Projects,2015,Closed,420000,437943.0,Flinders University
LP150100591,Linkage Projects,2015,Closed,377000,393540.0,The University of Queensland
LP150100598,Linkage Projects,2015,Closed,460000,479744.0,The University of Western Australia
LP150100600,Linkage Projects,2015,Closed,240000,248460.0,The University of Melbourne
LP150100602,Linkage Projects,2015,Closed,231000,240755.0,Southern Cross University
LP150100608,Linkage Projects,2015,Closed,355385,370686.0,The University of New South Wales
LP150100614,Linkage Projects,2015,Closed,350000,365114.0,Macquarie University
LP150100615,Linkage Projects,2015,Closed,327094,344050.0,Charles Darwin University
LP150100620,Linkage Projects,2015,Closed,264619,275366.0,The Australian National University
LP150100621,Linkage Projects,2015,Closed,174000,181433.0,Monash University
LP150100626,Linkage Projects,2015,Closed,323779,337754.0,The University of Adelaide
LP150100629,Linkage Projects,2015,Closed,180000,187690.0,The University of Sydney
LP150100630,Linkage Projects,2015,Closed,275000,286750.0,The University of Newcastle
LP150100649,Linkage Projects,2015,Active,374516,366084.0,Murdoch University
LP150100653,Linkage Projects,2015,Closed,330000,344180.0,The University of New South Wales
LP150100654,Linkage Projects,2015,Closed,310000,323098.0,The University of Melbourne
LP150100656,Linkage Projects,2015,Closed,365000,380755.0,The University of Melbourne
LP150100657,Linkage Projects,2015,Closed,430000,448615.0,The University of Adelaide
LP150100658,Linkage Projects,2015,Closed,406000,423700.0,Griffith University
LP150100666,Linkage Projects,2015,Closed,299000,312032.0,The University of New South Wales
LP150100669,Linkage Projects,2015,Closed,315236,328352.0,The University of Queensland
LP150100671,Linkage Projects,2015,Closed,550000,573820.0,University of Technology Sydney
LP150100672,Linkage Projects,2015,Closed,140000,144868.0,University of South Australia
LP150100673,Linkage Projects,2015,Closed,295467,308089.0,Victoria University
LP150100675,Linkage Projects,2015,Closed,593519,620318.0,James Cook University
LP150100679,Linkage Projects,2015,Closed,307000,320323.0,Australian Catholic University
LP150100680,Linkage Projects,2015,Closed,530000,556905.0,The University of Melbourne
LP150100681,Linkage Projects,2015,Closed,130000,131751.0,RMIT University
LP150100682,Linkage Projects,2015,Closed,335000,349473.0,The University of Melbourne
LP150100689,Linkage Projects,2015,Closed,670242,699239.0,Queensland University of Technology
LP150100693,Linkage Projects,2015,Closed,410000,427677.0,The Australian National University
LP150100694,Linkage Projects,2015,Closed,517000,542932.0,The University of Adelaide
LP150100697,Linkage Projects,2015,Closed,414459,432336.0,The University of Melbourne
LP150100703,Linkage Projects,2015,Closed,360000,375380.0,The University of Queensland
LP150100705,Linkage Projects,2015,Closed,1188085,1259845.0,The University of Melbourne
LP150100709,Linkage Projects,2015,Closed,226975,236845.0,The University of Newcastle
LP150100716,Linkage Projects,2015,Closed,216000,224539.0,The University of New South Wales
LP150100717,Linkage Projects,2015,Closed,229000,238992.0,Monash University
LP150100719,Linkage Projects,2015,Closed,328995,0.0,The University of New South Wales
LP150100722,Linkage Projects,2015,Closed,337775,354670.0,University of Technology Sydney
LP150100725,Linkage Projects,2015,Closed,299000,312032.0,The University of New South Wales
LP150100730,Linkage Projects,2015,Closed,570000,594836.0,Curtin University
LP150100737,Linkage Projects,2015,Closed,350000,365114.0,Queensland University of Technology
LP150100739,Linkage Projects,2015,Closed,450000,468255.0,The University of Sydney
LP150100749,Linkage Projects,2015,Closed,430000,448693.0,University of South Australia
LP150100751,Linkage Projects,2015,Closed,372000,387524.0,University of Technology Sydney
LP150100752,Linkage Projects,2015,Closed,333470,348011.0,The University of New South Wales
LP150100756,Linkage Projects,2015,Closed,196068,202992.0,Monash University
LP150100757,Linkage Projects,2015,Closed,350000,365114.0,The University of Newcastle
LP150100758,Linkage Projects,2015,Closed,380000,396396.0,The University of Queensland
LP150100761,Linkage Projects,2015,Closed,900000,946557.0,University of Tasmania
LP150100765,Linkage Projects,2015,Closed,318000,331591.0,The University of Melbourne
LP150100769,Linkage Projects,2015,Closed,410000,427677.0,Swinburne University of Technology
LP150100770,Linkage Projects,2015,Closed,197662,205884.0,Monash University
LP150100772,Linkage Projects,2015,Closed,234000,243534.0,Griffith University
LP150100782,Linkage Projects,2015,Closed,371558,387855.0,University of Technology Sydney
LP150100783,Linkage Projects,2015,Closed,615000,641759.0,The University of Queensland
LP150100785,Linkage Projects,2015,Closed,420000,438376.0,The University of Western Australia
LP150100798,Linkage Projects,2015,Closed,395000,412036.0,The University of Melbourne
LP150100815,Linkage Projects,2015,Closed,234260,244216.0,The University of Melbourne
LP150100826,Linkage Projects,2015,Closed,240870,248910.0,The Australian National University
LP150100827,Linkage Projects,2015,Closed,322954,336957.0,The University of Newcastle
LP150100829,Linkage Projects,2015,Closed,438000,0.0,University of the Sunshine Coast
LP150100831,Linkage Projects,2015,Closed,202044,210674.0,The University of Sydney
LP150100832,Linkage Projects,2015,Closed,300000,313059.0,Deakin University
LP150100837,Linkage Projects,2015,Closed,430000,448708.0,The University of Queensland
LP150100846,Linkage Projects,2015,Closed,230000,239906.0,Swinburne University of Technology
LP150100848,Linkage Projects,2015,Closed,335834,350296.0,Murdoch University
LP150100849,Linkage Projects,2015,Closed,191400,0.0,The University of Melbourne
LP150100854,Linkage Projects,2015,Closed,560000,588132.0,The University of New South Wales
LP150100862,Linkage Projects,2015,Closed,159661,0.0,The University of Queensland
LP150100876,Linkage Projects,2015,Closed,211242,220267.0,The University of Melbourne
LP150100892,Linkage Projects,2015,Closed,473000,493771.0,Swinburne University of Technology
LP150100897,Linkage Projects,2015,Closed,218000,188090.0,Queensland University of Technology
LP150100901,Linkage Projects,2015,Closed,187745,195231.0,Monash University
LP150100904,Linkage Projects,2015,Closed,224325,233631.0,La Trobe University
LP150100905,Linkage Projects,2015,Closed,430000,448693.0,Griffith University
LP150100906,Linkage Projects,2015,Closed,387500,404216.0,The University of Melbourne
LP150100911,Linkage Projects,2015,Closed,290000,302551.0,The University of New South Wales
LP150100912,Linkage Projects,2015,Closed,520683,542497.0,University of Technology Sydney
LP150100914,Linkage Projects,2015,Closed,285000,296304.0,The Australian National University
LP150100923,Linkage Projects,2015,Closed,257000,268017.0,The University of New South Wales
LP150100934,Linkage Projects,2015,Closed,146341,151396.0,The University of Queensland
LP150100935,Linkage Projects,2015,Closed,435000,453908.0,University of Technology Sydney
LP150100936,Linkage Projects,2015,Closed,281506,293542.0,Western Sydney University
LP150100950,Linkage Projects,2015,Closed,344325,359318.0,The University of Queensland
LP150100972,Linkage Projects,2015,Closed,556257,580918.0,The University of New South Wales
LP150100973,Linkage Projects,2015,Closed,215378,206144.0,Macquarie University
LP150100979,Linkage Projects,2015,Closed,300000,312661.0,Queensland University of Technology
LP150100984,Linkage Projects,2015,Closed,322616,336576.0,Monash University
LP150100991,Linkage Projects,2015,Closed,110000,113825.0,The Australian National University
LP150100994,Linkage Projects,2015,Closed,360000,0.0,The University of Sydney
LP150101001,Linkage Projects,2015,Closed,160000,143865.0,The University of Queensland
LP150101002,Linkage Projects,2015,Closed,153000,158453.0,Queensland University of Technology
LP150101006,Linkage Projects,2015,Closed,298239,310984.0,The University of Queensland
LP150101014,Linkage Projects,2015,Closed,410000,427677.0,The University of New South Wales
LP150101021,Linkage Projects,2015,Closed,297000,0.0,The University of New South Wales
LP150101025,Linkage Projects,2015,Closed,347496,363794.0,Queensland University of Technology
LP150101027,Linkage Projects,2015,Closed,301000,313972.0,Deakin University
LP150101033,Linkage Projects,2015,Closed,284384,296533.0,The University of Queensland
LP150101040,Linkage Projects,2015,Closed,559000,583204.0,The Australian National University
LP150101041,Linkage Projects,2015,Closed,168204,174052.0,The University of Melbourne
LP150101052,Linkage Projects,2015,Closed,250000,0.0,The University of Western Australia
LP150101058,Linkage Projects,2015,Closed,219000,193701.0,The University of New South Wales
LP150101059,Linkage Projects,2015,Closed,315555,329106.0,The University of Queensland
LP150101068,Linkage Projects,2015,Closed,210000,218972.0,Monash University
LP150101073,Linkage Projects,2015,Closed,199824,206801.0,Queensland University of Technology
LP150101081,Linkage Projects,2015,Closed,340000,355005.0,The University of New South Wales
LP150101085,Linkage Projects,2015,Closed,200000,208624.0,Monash University
LP150101090,Linkage Projects,2015,Closed,270000,261977.0,University of Tasmania
LP150101101,Linkage Projects,2015,Closed,196428,203268.0,Monash University
LP150101102,Linkage Projects,2015,Closed,190000,196689.0,The University of New South Wales
LP150101111,Linkage Projects,2015,Closed,355000,268759.0,The University of Western Australia
LP150101114,Linkage Projects,2015,Closed,565000,0.0,The University of New South Wales
LP150101135,Linkage Projects,2015,Closed,315000,328293.0,The University of Sydney
LP150101147,Linkage Projects,2015,Closed,340000,354364.0,The University of Queensland
LP150101158,Linkage Projects,2015,Closed,240000,250253.0,Curtin University
LP150101172,Linkage Projects,2015,Closed,397000,411152.0,Queensland University of Technology
LP150101175,Linkage Projects,2015,Closed,330000,344595.0,The University of Queensland
LP150101177,Linkage Projects,2015,Closed,214000,224726.0,Victoria University
LP150101180,Linkage Projects,2015,Closed,426179,450211.0,The University of Melbourne
LP150101188,Linkage Projects,2015,Closed,350000,365114.0,The University of Melbourne
LP150101189,Linkage Projects,2015,Active,430000,448693.0,The Australian National University
LP150101190,Linkage Projects,2015,Closed,382000,348003.0,The University of Sydney
LP150101196,Linkage Projects,2015,Closed,380000,0.0,The University of New South Wales
LP150101206,Linkage Projects,2015,Closed,185000,188388.0,James Cook University
LP150101209,Linkage Projects,2015,Closed,290000,302551.0,Murdoch University
LP150101212,Linkage Projects,2015,Closed,288170,300723.0,The University of Sydney
LP150101213,Linkage Projects,2015,Closed,574932,600330.0,The University of Sydney
LP150101226,Linkage Projects,2015,Closed,410000,427677.0,The University of Sydney
LP150101241,Linkage Projects,2015,Closed,645000,673205.0,The University of Adelaide
LP150101242,Linkage Projects,2015,Closed,497009,518530.0,Flinders University
LP150101261,Linkage Projects,2015,Closed,280000,292250.0,The University of Sydney
LP150101266,Linkage Projects,2015,Closed,152436,158948.0,The University of New South Wales
LP150101270,Linkage Projects,2015,Closed,275000,286214.0,The University of Melbourne
LP150101307,Linkage Projects,2015,Active,1037000,1092053.0,The University of Sydney
LP150101337,Linkage Projects,2015,Closed,370384,385988.0,The University of Queensland
LP160100002,Linkage Projects,2016,Closed,345000,164726.0,Monash University
LP160100004,Linkage Projects,2016,Closed,186000,193729.0,Griffith University
LP160100007,Linkage Projects,2016,Closed,230000,239870.0,RMIT University
LP160100008,Linkage Projects,2016,Closed,200500,208867.0,The University of New South Wales
LP160100030,Linkage Projects,2016,Closed,600000,625178.0,The University of Western Australia
LP160100031,Linkage Projects,2016,Closed,190000,198158.0,The University of Queensland
LP160100035,Linkage Projects,2016,Closed,750000,788683.0,The University of Western Australia
LP160100039,Linkage Projects,2016,Closed,400000,417116.0,The University of Queensland
LP160100047,Linkage Projects,2016,Closed,242000,253908.0,The University of Melbourne
LP160100051,Linkage Projects,2016,Closed,445000,463874.0,Queensland University of Technology
LP160100058,Linkage Projects,2016,Closed,545000,568109.0,The University of Melbourne
LP160100061,Linkage Projects,2016,Closed,401000,417328.0,Southern Cross University
LP160100067,Linkage Projects,2016,Closed,400500,420393.0,Deakin University
LP160100070,Linkage Projects,2016,Closed,287000,298570.0,The University of Melbourne
LP160100071,Linkage Projects,2016,Closed,300000,312716.0,The University of Melbourne
LP160100073,Linkage Projects,2016,Closed,598000,628207.0,The Australian National University
LP160100075,Linkage Projects,2016,Closed,425000,442986.0,The Australian National University
LP160100078,Linkage Projects,2016,Closed,750192,763272.0,The University of Western Australia
LP160100080,Linkage Projects,2016,Closed,270198,281458.0,Griffith University
LP160100082,Linkage Projects,2016,Closed,620000,646612.0,The University of Melbourne
LP160100085,Linkage Projects,2016,Closed,553000,502741.0,Monash University
LP160100093,Linkage Projects,2016,Closed,340000,354670.0,University of Canberra
LP160100094,Linkage Projects,2016,Closed,215000,214419.0,The University of Melbourne
LP160100099,Linkage Projects,2016,Closed,164026,170879.0,La Trobe University
LP160100100,Linkage Projects,2016,Closed,210000,218516.0,The University of Sydney
LP160100104,Linkage Projects,2016,Closed,400000,416632.0,Deakin University
LP160100111,Linkage Projects,2016,Closed,200000,209979.0,The University of Melbourne
LP160100126,Linkage Projects,2016,Closed,280000,291078.0,The University of Melbourne
LP160100132,Linkage Projects,2016,Closed,365000,378730.0,University of Wollongong
LP160100138,Linkage Projects,2016,Closed,339000,353352.0,University of the Sunshine Coast
LP160100140,Linkage Projects,2016,Closed,225000,234514.0,The University of Melbourne
LP160100146,Linkage Projects,2016,Closed,244000,254467.0,University of Technology Sydney
LP160100160,Linkage Projects,2016,Active,280000,287811.0,The University of Melbourne
LP160100162,Linkage Projects,2016,Closed,213445,222521.0,Macquarie University
LP160100177,Linkage Projects,2016,Closed,392000,407573.0,The University of Western Australia
LP160100182,Linkage Projects,2016,Closed,305000,317762.0,The University of Melbourne
LP160100188,Linkage Projects,2016,Closed,285000,296987.0,The University of New South Wales
LP160100189,Linkage Projects,2016,Closed,164000,170834.0,The University of Adelaide
LP160100191,Linkage Projects,2016,Closed,191000,198631.0,Macquarie University
LP160100192,Linkage Projects,2016,Closed,441000,459411.0,Deakin University
LP160100200,Linkage Projects,2016,Closed,290000,302139.0,Murdoch University
LP160100205,Linkage Projects,2016,Closed,246892,256972.0,Queensland University of Technology
LP160100207,Linkage Projects,2016,Closed,325000,335694.0,The University of Western Australia
LP160100210,Linkage Projects,2016,Closed,389335,405704.0,Western Sydney University
LP160100211,Linkage Projects,2016,Closed,362000,376883.0,Macquarie University
LP160100213,Linkage Projects,2016,Closed,210000,218562.0,Monash University
LP160100215,Linkage Projects,2016,Closed,265000,276612.0,Griffith University
LP160100217,Linkage Projects,2016,Closed,248000,258797.0,Griffith University
LP160100221,Linkage Projects,2016,Closed,296000,308710.0,La Trobe University
LP160100228,Linkage Projects,2016,Closed,438000,456257.0,The University of Melbourne
LP160100239,Linkage Projects,2016,Closed,590000,615186.0,The University of Queensland
LP160100241,Linkage Projects,2016,Closed,319052,331167.0,The University of New South Wales
LP160100242,Linkage Projects,2016,Closed,326000,339212.0,Deakin University
LP160100243,Linkage Projects,2016,Closed,522000,552821.0,The Australian National University
LP160100244,Linkage Projects,2016,Closed,330000,343939.0,RMIT University
LP160100249,Linkage Projects,2016,Closed,192000,199943.0,The University of New South Wales
LP160100253,Linkage Projects,2016,Closed,207000,213712.0,The Australian National University
LP160100257,Linkage Projects,2016,Closed,440000,458893.0,The University of New England
LP160100259,Linkage Projects,2016,Closed,391000,406092.0,Queensland University of Technology
LP160100260,Linkage Projects,2016,Closed,360000,375162.0,The University of New South Wales
LP160100263,Linkage Projects,2016,Closed,500000,520641.0,Australian Catholic University
LP160100267,Linkage Projects,2016,Closed,248000,258035.0,Griffith University
LP160100270,Linkage Projects,2016,Closed,380000,396029.0,The University of New South Wales
LP160100273,Linkage Projects,2016,Closed,360000,375162.0,University of Wollongong
LP160100277,Linkage Projects,2016,Closed,426600,445053.0,University of the Sunshine Coast
LP160100280,Linkage Projects,2016,Closed,590000,615186.0,University of Wollongong
LP160100292,Linkage Projects,2016,Closed,322000,335844.0,The University of Melbourne
LP160100298,Linkage Projects,2016,Closed,350000,364432.0,University of South Australia
LP160100305,Linkage Projects,2016,Closed,212000,221050.0,The University of Queensland
LP160100310,Linkage Projects,2016,Closed,600000,624948.0,The University of Queensland
LP160100324,Linkage Projects,2016,Closed,321000,334167.0,RMIT University
LP160100325,Linkage Projects,2016,Closed,270000,281008.0,The University of Western Australia
LP160100329,Linkage Projects,2016,Closed,388704,406910.0,Deakin University
LP160100332,Linkage Projects,2016,Closed,264000,275554.0,Australian Catholic University
LP160100333,Linkage Projects,2016,Closed,300000,312893.0,Macquarie University
LP160100335,Linkage Projects,2016,Closed,263000,274329.0,Griffith University
LP160100339,Linkage Projects,2016,Closed,335000,349316.0,The University of Melbourne
LP160100342,Linkage Projects,2016,Closed,280000,0.0,The University of New South Wales
LP160100351,Linkage Projects,2016,Closed,380000,396139.0,University of Technology Sydney
LP160100352,Linkage Projects,2016,Closed,235000,242632.0,University of Technology Sydney
LP160100359,Linkage Projects,2016,Closed,332772,345171.0,Curtin University
LP160100366,Linkage Projects,2016,Closed,380957,403840.0,The University of Newcastle
LP160100370,Linkage Projects,2016,Closed,274972,286067.0,The University of Newcastle
LP160100374,Linkage Projects,2016,Closed,150000,156116.0,The University of Queensland
LP160100376,Linkage Projects,2016,Closed,275000,285731.0,University of Technology Sydney
LP160100379,Linkage Projects,2016,Closed,318000,331595.0,The Australian National University
LP160100381,Linkage Projects,2016,Closed,336000,350108.0,Curtin University
LP160100387,Linkage Projects,2016,Closed,252000,262170.0,The University of Melbourne
LP160100391,Linkage Projects,2016,Closed,550000,572748.0,The University of Newcastle
LP160100406,Linkage Projects,2016,Closed,390000,405901.0,The University of Sydney
LP160100408,Linkage Projects,2016,Closed,435000,451586.0,Monash University
LP160100415,Linkage Projects,2016,Closed,360000,373638.0,The University of Queensland
LP160100427,Linkage Projects,2016,Closed,420000,437939.0,The University of Sydney
LP160100428,Linkage Projects,2016,Closed,358000,373163.0,The University of Melbourne
LP160100439,Linkage Projects,2016,Closed,351000,365409.0,The University of Melbourne
LP160100441,Linkage Projects,2016,Closed,200000,207207.0,Murdoch University
LP160100442,Linkage Projects,2016,Closed,388000,404618.0,La Trobe University
LP160100450,Linkage Projects,2016,Closed,162252,168867.0,The University of New South Wales
LP160100467,Linkage Projects,2016,Closed,408000,424882.0,The Australian National University
LP160100477,Linkage Projects,2016,Closed,228684,238159.0,The Australian National University
LP160100482,Linkage Projects,2016,Closed,476000,499991.0,Monash University
LP160100483,Linkage Projects,2016,Closed,418000,407386.0,University of Tasmania
LP160100486,Linkage Projects,2016,Closed,232000,239816.0,The University of Queensland
LP160100492,Linkage Projects,2016,Closed,490000,510773.0,James Cook University
LP160100495,Linkage Projects,2016,Closed,275000,286947.0,The University of Adelaide
LP160100496,Linkage Projects,2016,Closed,311377,324836.0,The University of Queensland
LP160100505,Linkage Projects,2016,Closed,230000,239693.0,The University of Sydney
LP160100506,Linkage Projects,2016,Closed,293000,247874.0,The University of Sydney
LP160100510,Linkage Projects,2016,Closed,233000,242205.0,The University of Queensland
LP160100512,Linkage Projects,2016,Closed,430000,446840.0,The University of Queensland
LP160100515,Linkage Projects,2016,Closed,452000,471350.0,The University of Melbourne
LP160100521,Linkage Projects,2016,Closed,380000,395985.0,Monash University
LP160100524,Linkage Projects,2016,Closed,349000,327425.0,Swinburne University of Technology
LP160100525,Linkage Projects,2016,Closed,295000,307274.0,University of Tasmania
LP160100528,Linkage Projects,2016,Closed,280000,275474.0,Curtin University
LP160100532,Linkage Projects,2016,Closed,355000,369993.0,Macquarie University
LP160100540,Linkage Projects,2016,Closed,230000,239539.0,The University of Newcastle
LP160100544,Linkage Projects,2016,Closed,580000,606686.0,Monash University
LP160100547,Linkage Projects,2016,Closed,200000,192321.0,The University of Queensland
LP160100555,Linkage Projects,2016,Closed,379000,395041.0,The University of Melbourne
LP160100560,Linkage Projects,2016,Closed,525000,546405.0,The University of Sydney
LP160100561,Linkage Projects,2016,Closed,230877,240290.0,RMIT University
LP160100562,Linkage Projects,2016,Closed,340000,354670.0,The University of New South Wales
LP160100570,Linkage Projects,2016,Closed,240929,251068.0,The University of New South Wales
LP160100573,Linkage Projects,2016,Closed,228186,237439.0,The University of New South Wales
LP160100575,Linkage Projects,2016,Closed,330378,344336.0,The University of New South Wales
LP160100576,Linkage Projects,2016,Closed,576000,598993.0,Macquarie University
LP160100578,Linkage Projects,2016,Closed,225000,234493.0,University of South Australia
LP160100584,Linkage Projects,2016,Closed,360000,377440.0,The University of Melbourne
LP160100594,Linkage Projects,2016,Closed,178464,185740.0,University of the Sunshine Coast
LP160100597,Linkage Projects,2016,Closed,450000,469009.0,The University of Newcastle
LP160100598,Linkage Projects,2016,Closed,590000,615186.0,The University of Queensland
LP160100610,Linkage Projects,2016,Closed,325000,338497.0,The University of New South Wales
LP160100619,Linkage Projects,2016,Closed,330000,343939.0,The University of Queensland
LP160100620,Linkage Projects,2016,Closed,450000,468347.0,The University of New South Wales
LP160100622,Linkage Projects,2016,Closed,238822,248632.0,The University of New South Wales
LP160100627,Linkage Projects,2016,Closed,600000,629936.0,The University of Sydney
LP160100629,Linkage Projects,2016,Closed,352641,0.0,The University of Melbourne
LP160100630,Linkage Projects,2016,Closed,520000,542493.0,University of Technology Sydney
LP160100633,Linkage Projects,2016,Closed,362000,377861.0,University of South Australia
LP160100635,Linkage Projects,2016,Closed,552000,575678.0,The University of Melbourne
LP160100649,Linkage Projects,2016,Closed,220000,228808.0,RMIT University
LP160100650,Linkage Projects,2016,Closed,410000,427362.0,The University of Melbourne
LP160100657,Linkage Projects,2016,Closed,500000,521362.0,The University of Adelaide
LP160100661,Linkage Projects,2016,Closed,115000,118831.0,The University of Melbourne
LP160100662,Linkage Projects,2016,Closed,285000,296862.0,RMIT University
LP160100666,Linkage Projects,2016,Closed,470000,489809.0,The University of Melbourne
LP160100670,Linkage Projects,2016,Closed,568000,591575.0,The University of New South Wales
LP160100672,Linkage Projects,2016,Closed,220000,229293.0,The University of New South Wales
LP160100686,Linkage Projects,2016,Closed,410000,427162.0,University of Wollongong
LP160100687,Linkage Projects,2016,Closed,288000,300121.0,The University of Melbourne
LP160100690,Linkage Projects,2016,Closed,310000,322720.0,The University of Queensland
LP160100697,Linkage Projects,2016,Closed,235000,244451.0,University of Technology Sydney
LP160100700,Linkage Projects,2016,Closed,520000,541524.0,The University of Adelaide
LP160100705,Linkage Projects,2016,Closed,515000,536962.0,Monash University
LP160100707,Linkage Projects,2016,Closed,412000,429186.0,Queensland University of Technology
LP160100708,Linkage Projects,2016,Closed,466000,484409.0,The University of New South Wales
LP160100717,Linkage Projects,2016,Closed,229000,99541.0,University of South Australia
LP160100722,Linkage Projects,2016,Closed,191000,198954.0,The University of Queensland
LP160100730,Linkage Projects,2016,Closed,287771,300018.0,The University of Queensland
LP160100731,Linkage Projects,2016,Closed,388000,404336.0,The University of Queensland
LP160100736,Linkage Projects,2016,Closed,325000,338804.0,The University of Queensland
LP160100743,Linkage Projects,2016,Closed,195000,202951.0,The University of Sydney
LP160100757,Linkage Projects,2016,Closed,197048,0.0,University of Wollongong
LP160100758,Linkage Projects,2016,Closed,360000,377836.0,University of Tasmania
LP160100764,Linkage Projects,2016,Closed,610000,277411.0,The University of Western Australia
LP160100765,Linkage Projects,2016,Closed,510000,243462.0,The University of Western Australia
LP160100776,Linkage Projects,2016,Closed,348000,365627.0,Swinburne University of Technology
LP160100780,Linkage Projects,2016,Closed,320000,332966.0,The University of Melbourne
LP160100786,Linkage Projects,2016,Closed,420000,437124.0,The University of Melbourne
LP160100800,Linkage Projects,2016,Closed,235000,244761.0,Queensland University of Technology
LP160100805,Linkage Projects,2016,Active,247000,210530.0,The University of Queensland
LP160100810,Linkage Projects,2016,Closed,217000,224450.0,The Australian National University
LP160100819,Linkage Projects,2016,Closed,510000,531278.0,Monash University
LP160100824,Linkage Projects,2016,Closed,560000,562275.0,The University of Newcastle
LP160100826,Linkage Projects,2016,Closed,220105,229202.0,University of South Australia
LP160100828,Linkage Projects,2016,Closed,308000,320163.0,The University of Melbourne
LP160100836,Linkage Projects,2016,Closed,280687,292513.0,The University of New South Wales
LP160100839,Linkage Projects,2016,Closed,292169,303817.0,Curtin University
LP160100842,Linkage Projects,2016,Closed,200815,208598.0,The University of Queensland
LP160100844,Linkage Projects,2016,Closed,660000,0.0,The University of Sydney
LP160100847,Linkage Projects,2016,Closed,216875,225415.0,The University of Newcastle
LP160100857,Linkage Projects,2016,Closed,499000,520170.0,The University of Western Australia
LP160100866,Linkage Projects,2016,Closed,255000,263201.0,The University of Melbourne
LP160100883,Linkage Projects,2016,Closed,239026,248761.0,The University of Sydney
LP160100893,Linkage Projects,2016,Closed,360000,375162.0,The University of Queensland
LP160100905,Linkage Projects,2016,Closed,398000,414847.0,The University of Queensland
LP160100907,Linkage Projects,2016,Closed,461000,481816.0,The University of Western Australia
LP160100909,Linkage Projects,2016,Closed,710000,746016.0,Western Sydney University
LP160100910,Linkage Projects,2016,Closed,450000,468347.0,Queensland University of Technology
LP160100914,Linkage Projects,2016,Closed,210152,218843.0,University of Wollongong
LP160100916,Linkage Projects,2016,Closed,410000,427362.0,The University of Queensland
LP160100917,Linkage Projects,2016,Closed,340000,353943.0,The University of Queensland
LP160100918,Linkage Projects,2016,Closed,370000,385562.0,Monash University
LP160100927,Linkage Projects,2016,Closed,400000,417116.0,The University of Adelaide
LP160100935,Linkage Projects,2016,Closed,382000,398012.0,The University of Sydney
LP160100937,Linkage Projects,2016,Closed,270000,281008.0,The University of Adelaide
LP160100939,Linkage Projects,2016,Closed,510000,530594.0,The University of Queensland
LP160100941,Linkage Projects,2016,Closed,180098,187343.0,The University of Queensland
LP160100956,Linkage Projects,2016,Closed,169000,104599.0,The University of New South Wales
LP160100959,Linkage Projects,2016,Closed,350000,364674.0,The University of Melbourne
LP160100979,Linkage Projects,2016,Closed,335000,349393.0,The University of New South Wales
LP160100981,Linkage Projects,2016,Closed,360000,375339.0,The Australian National University
LP160100988,Linkage Projects,2016,Closed,430000,447855.0,The University of Sydney
LP160100996,Linkage Projects,2016,Closed,455000,480633.0,Murdoch University
LP160101005,Linkage Projects,2016,Closed,240000,249785.0,The University of New South Wales
LP160101008,Linkage Projects,2016,Closed,375000,390455.0,The University of Adelaide
LP160101011,Linkage Projects,2016,Closed,370000,385893.0,The University of Western Australia
LP160101021,Linkage Projects,2016,Closed,458000,477010.0,The University of New South Wales
LP160101038,Linkage Projects,2016,Closed,221917,231337.0,Monash University
LP160101039,Linkage Projects,2016,Closed,358000,373418.0,Macquarie University
LP160101040,Linkage Projects,2016,Closed,440000,458585.0,The University of Queensland
LP160101044,Linkage Projects,2016,Closed,450000,469116.0,RMIT University
LP160101050,Linkage Projects,2016,Closed,321000,335006.0,Monash University
LP160101052,Linkage Projects,2016,Closed,390000,406385.0,The University of Melbourne
LP160101056,Linkage Projects,2016,Closed,455000,473878.0,Australian Catholic University
LP160101066,Linkage Projects,2016,Closed,365000,378998.0,The University of Queensland
LP160101081,Linkage Projects,2016,Closed,234098,243864.0,RMIT University
LP160101100,Linkage Projects,2016,Closed,394000,373023.0,The University of New South Wales
LP160101105,Linkage Projects,2016,Closed,556000,579380.0,The University of Melbourne
LP160101121,Linkage Projects,2016,Closed,157728,164159.0,Curtin University
LP160101134,Linkage Projects,2016,Closed,237000,246841.0,The University of Melbourne
LP160101153,Linkage Projects,2016,Closed,450000,473154.0,The University of New South Wales
LP160101155,Linkage Projects,2016,Closed,309000,0.0,The University of Newcastle
LP160101162,Linkage Projects,2016,Closed,360000,375162.0,The University of Sydney
LP160101169,Linkage Projects,2016,Closed,570000,594209.0,Murdoch University
LP160101177,Linkage Projects,2016,Closed,181194,188582.0,The University of Adelaide
LP160101181,Linkage Projects,2016,Closed,410000,427362.0,Curtin University
LP160101192,Linkage Projects,2016,Closed,394000,410669.0,Monash University
LP160101193,Linkage Projects,2016,Closed,207000,215720.0,Monash University
LP160101202,Linkage Projects,2016,Closed,270000,281880.0,The University of New South Wales
LP160101254,Linkage Projects,2016,Closed,675000,702521.0,University of Technology Sydney
LP160101294,Linkage Projects,2016,Closed,450000,450059.0,The University of Queensland
LP160101313,Linkage Projects,2016,Closed,555000,577628.0,The University of Queensland
LP160101339,Linkage Projects,2016,Closed,195000,203458.0,The University of Queensland
LP160100054,Linkage Projects,2017,Closed,501989,530969.0,The University of Melbourne
LP160100616,Linkage Projects,2017,Closed,315000,333555.0,University of Technology Sydney
LP160101225,Linkage Projects,2017,Closed,620000,655788.0,The University of Western Australia
LP160101228,Linkage Projects,2017,Closed,469000,495840.0,Monash University
LP160101229,Linkage Projects,2017,Closed,351731,372176.0,The University of New South Wales
LP160101232,Linkage Projects,2017,Active,440000,456713.0,University of Canberra
LP160101244,Linkage Projects,2017,Active,285000,295103.0,The University of New South Wales
LP160101247,Linkage Projects,2017,Closed,630000,663071.0,University of Tasmania
LP160101249,Linkage Projects,2017,Active,669000,713425.0,The University of Adelaide
LP160101260,Linkage Projects,2017,Closed,318000,336544.0,The University of New South Wales
LP160101299,Linkage Projects,2017,Closed,890000,941683.0,The University of Melbourne
LP160101307,Linkage Projects,2017,Closed,421854,443233.0,The University of Melbourne
LP160101316,Linkage Projects,2017,Closed,220000,232646.0,The University of Queensland
LP160101317,Linkage Projects,2017,Closed,466072,493160.0,La Trobe University
LP160101322,Linkage Projects,2017,Closed,365000,386379.0,The University of Sydney
LP160101341,Linkage Projects,2017,Closed,240000,251707.0,Queensland University of Technology
LP160101353,Linkage Projects,2017,Closed,490000,514453.0,The University of Adelaide
LP160101360,Linkage Projects,2017,Closed,303000,320187.0,The University of New South Wales
LP160101361,Linkage Projects,2017,Closed,310000,325440.0,The University of Queensland
LP160101362,Linkage Projects,2017,Closed,190000,200985.0,Queensland University of Technology
LP160101373,Linkage Projects,2017,Closed,470473,493592.0,The University of Melbourne
LP160101374,Linkage Projects,2017,Closed,278000,293834.0,The University of Queensland
LP160101417,Linkage Projects,2017,Closed,420000,440824.0,The University of Melbourne
LP160101439,Linkage Projects,2017,Active,330000,352093.0,Australian Catholic University
LP160101446,Linkage Projects,2017,Active,195645,202043.0,The University of Western Australia
LP160101460,Linkage Projects,2017,Closed,311000,329012.0,The University of Adelaide
LP160101469,Linkage Projects,2017,Closed,500000,527263.0,The University of Melbourne
LP160101475,Linkage Projects,2017,Closed,330000,346240.0,The University of Melbourne
LP160101484,Linkage Projects,2017,Closed,253069,267956.0,Western Sydney University
LP160101486,Linkage Projects,2017,Closed,250000,263846.0,The University of Melbourne
LP160101494,Linkage Projects,2017,Closed,457074,482875.0,Monash University
LP160101496,Linkage Projects,2017,Closed,592514,632277.0,Curtin University
LP160101497,Linkage Projects,2017,Closed,485000,512720.0,Flinders University
LP160101498,Linkage Projects,2017,Closed,511923,541751.0,The University of Sydney
LP160101508,Linkage Projects,2017,Closed,221973,234888.0,Curtin University
LP160101509,Linkage Projects,2017,Closed,420000,444492.0,The University of Queensland
LP160101515,Linkage Projects,2017,Closed,215000,225546.0,The University of Melbourne
LP160101518,Linkage Projects,2017,Closed,310000,325706.0,The University of Queensland
LP160101521,Linkage Projects,2017,Closed,513210,543137.0,Griffith University
LP160101523,Linkage Projects,2017,Closed,510000,539191.0,The University of New South Wales
LP160101531,Linkage Projects,2017,Closed,239727,239721.0,The University of Queensland
LP160101543,Linkage Projects,2017,Closed,156000,144277.0,The University of Queensland
LP160101552,Linkage Projects,2017,Closed,420000,447454.0,The Australian National University
LP160101553,Linkage Projects,2017,Closed,403000,426439.0,Griffith University
LP160101561,Linkage Projects,2017,Closed,630000,647576.0,The University of Western Australia
LP160101564,Linkage Projects,2017,Closed,360000,344901.0,Edith Cowan University
LP160101569,Linkage Projects,2017,Closed,340000,359448.0,The University of New South Wales
LP160101592,Linkage Projects,2017,Closed,550000,581126.0,Monash University
LP160101594,Linkage Projects,2017,Closed,276000,292169.0,Western Sydney University
LP160101596,Linkage Projects,2017,Closed,281658,298083.0,The University of Queensland
LP160101599,Linkage Projects,2017,Closed,293000,51708.0,University of the Sunshine Coast
LP160101600,Linkage Projects,2017,Closed,450000,476241.0,Macquarie University
LP160101604,Linkage Projects,2017,Closed,546000,578212.0,The University of Queensland
LP160101616,Linkage Projects,2017,Closed,334710,356511.0,The University of Queensland
LP160101626,Linkage Projects,2017,Closed,420000,444492.0,The University of Queensland
LP160101629,Linkage Projects,2017,Closed,420000,444492.0,The University of Adelaide
LP160101656,Linkage Projects,2017,Closed,295000,312294.0,The University of Queensland
LP160101675,Linkage Projects,2017,Closed,270000,285745.0,The University of Queensland
LP160101687,Linkage Projects,2017,Closed,139930,146754.0,Swinburne University of Technology
LP160101691,Linkage Projects,2017,Closed,245000,259382.0,University of Wollongong
LP160101711,Linkage Projects,2017,Closed,270000,285745.0,University of Wollongong
LP160101716,Linkage Projects,2017,Closed,380000,401970.0,Charles Darwin University
LP160101717,Linkage Projects,2017,Closed,126728,105001.0,The University of Sydney
LP160101724,Linkage Projects,2017,Closed,480000,507327.0,Queensland University of Technology
LP160101728,Linkage Projects,2017,Closed,575127,608155.0,The University of Melbourne
LP160101729,Linkage Projects,2017,Closed,350000,370593.0,The University of Queensland
LP160101735,Linkage Projects,2017,Closed,450000,475591.0,University of Technology Sydney
LP160101753,Linkage Projects,2017,Closed,440000,466391.0,The University of Melbourne
LP160101757,Linkage Projects,2017,Closed,360000,380993.0,Monash University
LP160101759,Linkage Projects,2017,Closed,156000,165097.0,Australian Catholic University
LP160101760,Linkage Projects,2017,Closed,360000,374444.0,RMIT University
LP160101761,Linkage Projects,2017,Closed,403060,426193.0,The University of Sydney
LP160101762,Linkage Projects,2017,Closed,300000,252113.0,University of Tasmania
LP160101763,Linkage Projects,2017,Closed,173000,183348.0,The University of Queensland
LP160101766,Linkage Projects,2017,Closed,330000,349244.0,RMIT University
LP160101784,Linkage Projects,2017,Closed,320000,337707.0,The University of Queensland
LP160101793,Linkage Projects,2017,Closed,165000,174613.0,Swinburne University of Technology
LP160101795,Linkage Projects,2017,Closed,570000,602475.0,University of Technology Sydney
LP160101797,Linkage Projects,2017,Closed,546000,577914.0,The University of Queensland
LP160101803,Linkage Projects,2017,Closed,280000,293932.0,Macquarie University
LP160101823,Linkage Projects,2017,Closed,330000,349244.0,Monash University
LP160101845,Linkage Projects,2017,Closed,360000,380993.0,Monash University
LP160101854,Linkage Projects,2017,Closed,750000,793736.0,Queensland University of Technology
LP160101871,Linkage Projects,2017,Closed,450000,476241.0,University of Wollongong
LP160101885,Linkage Projects,2017,Closed,204000,214000.0,Monash University
LP170100013,Linkage Projects,2017,Closed,860000,902474.0,Macquarie University
LP170100108,Linkage Projects,2017,Closed,365608,380530.0,Monash University
LP170100009,Linkage Projects,2018,Closed,168356,176674.0,Monash University
LP170100012,Linkage Projects,2018,Closed,300000,314872.0,Monash University
LP170100026,Linkage Projects,2018,Closed,223507,236789.0,Monash University
LP170100039,Linkage Projects,2018,Active,293380,307629.0,Curtin University
LP170100044,Linkage Projects,2018,Closed,710000,751721.0,Curtin University
LP170100048,Linkage Projects,2018,Active,445313,464846.0,The University of Sydney
LP170100050,Linkage Projects,2018,Closed,301254,319181.0,The University of New England
LP170100059,Linkage Projects,2018,Closed,636000,667203.0,The University of Sydney
LP170100061,Linkage Projects,2018,Closed,356000,373148.0,Murdoch University
LP170100064,Linkage Projects,2018,Closed,317000,335198.0,Curtin University
LP170100072,Linkage Projects,2018,Closed,354342,372984.0,Swinburne University of Technology
LP170100075,Linkage Projects,2018,Active,675400,721383.0,The University of Western Australia
LP170100086,Linkage Projects,2018,Active,364188,388807.0,The University of Queensland
LP170100088,Linkage Projects,2018,Closed,490000,514678.0,The University of Western Australia
LP170100090,Linkage Projects,2018,Closed,660683,693874.0,The University of Sydney
LP170100096,Linkage Projects,2018,Closed,355000,375344.0,Murdoch University
LP170100103,Linkage Projects,2018,Closed,263000,275729.0,University of Tasmania
LP170100112,Linkage Projects,2018,Closed,540000,566769.0,The University of Sydney
LP170100116,Linkage Projects,2018,Closed,516000,546758.0,The University of New South Wales
LP170100123,Linkage Projects,2018,Closed,300000,314872.0,University of Technology Sydney
LP170100126,Linkage Projects,2018,Closed,163702,171277.0,The University of New South Wales
LP170100145,Linkage Projects,2018,Closed,428878,450895.0,University of South Australia
LP170100150,Linkage Projects,2018,Closed,450000,472308.0,University of Technology Sydney
LP170100152,Linkage Projects,2018,Closed,645000,681858.0,The Australian National University
LP170100155,Linkage Projects,2018,Closed,880000,932063.0,The University of Melbourne
LP170100161,Linkage Projects,2018,Closed,505000,516103.0,The University of New South Wales
LP170100187,Linkage Projects,2018,Closed,247239,259559.0,The University of Melbourne
LP170100190,Linkage Projects,2018,Closed,211408,222303.0,The University of New South Wales
LP170100198,Linkage Projects,2018,Closed,725505,761829.0,Macquarie University
LP170100222,Linkage Projects,2018,Closed,343932,359212.0,RMIT University
LP170100230,Linkage Projects,2018,Closed,662432,0.0,The University of Queensland
LP170100233,Linkage Projects,2018,Active,660000,699066.0,Curtin University
LP170100242,Linkage Projects,2018,Active,460429,487913.0,The University of Queensland
LP170100253,Linkage Projects,2018,Closed,215480,226239.0,The University of New South Wales
LP170100257,Linkage Projects,2018,Closed,315379,331223.0,The University of Melbourne
LP170100291,Linkage Projects,2018,Closed,170000,130110.0,University of Technology Sydney
LP170100300,Linkage Projects,2018,Closed,318473,335013.0,The University of Sydney
LP170100301,Linkage Projects,2018,Closed,401629,421794.0,University of Tasmania
LP170100305,Linkage Projects,2018,Closed,490233,519585.0,Deakin University
LP170100311,Linkage Projects,2018,Closed,300000,302164.0,The University of New South Wales
LP170100313,Linkage Projects,2018,Closed,786000,774889.0,The University of New South Wales
LP170100317,Linkage Projects,2018,Closed,345465,363369.0,The University of Queensland
LP170100326,Linkage Projects,2018,Closed,480000,503969.0,Griffith University
LP170100341,Linkage Projects,2018,Closed,228900,240247.0,Curtin University
LP170100351,Linkage Projects,2018,Closed,334000,350404.0,University of Wollongong
LP170100364,Linkage Projects,2018,Active,299758,316028.0,The University of New South Wales
LP170100387,Linkage Projects,2018,Closed,159916,167825.0,Queensland University of Technology
LP170100392,Linkage Projects,2018,Closed,389000,411987.0,The University of Queensland
LP170100416,Linkage Projects,2018,Closed,256551,269344.0,Swinburne University of Technology
LP170100420,Linkage Projects,2018,Closed,511109,541461.0,RMIT University
LP170100458,Linkage Projects,2018,Closed,310000,328334.0,Deakin University
LP170100461,Linkage Projects,2018,Closed,202623,214668.0,Flinders University
LP170100471,Linkage Projects,2018,Closed,542916,570069.0,The University of New South Wales
LP170100472,Linkage Projects,2018,Closed,320000,336151.0,RMIT University
LP170100479,Linkage Projects,2018,Closed,157290,165098.0,Flinders University
LP170100480,Linkage Projects,2018,Closed,597000,626638.0,Griffith University
LP170100494,Linkage Projects,2018,Closed,673460,713448.0,Monash University
LP170100498,Linkage Projects,2018,Closed,440000,462338.0,The University of New South Wales
LP170100544,Linkage Projects,2018,Closed,562059,0.0,The University of Queensland
LP170100548,Linkage Projects,2018,Closed,301569,319585.0,The University of Melbourne
LP170100550,Linkage Projects,2018,Active,405000,426193.0,The University of New South Wales
LP170100551,Linkage Projects,2018,Closed,555000,582705.0,The University of Sydney
LP170100555,Linkage Projects,2018,Closed,460000,487999.0,University of Tasmania
LP170100557,Linkage Projects,2018,Closed,421000,0.0,The University of Queensland
LP170100569,Linkage Projects,2018,Closed,202000,209593.0,The University of Melbourne
LP170100570,Linkage Projects,2018,Closed,270920,288616.0,Western Sydney University
LP170100576,Linkage Projects,2018,Closed,240000,249603.0,The University of Newcastle
LP170100598,Linkage Projects,2018,Closed,404000,424259.0,The University of Melbourne
LP170100623,Linkage Projects,2018,Closed,416287,437108.0,The University of New South Wales
LP170100644,Linkage Projects,2018,Closed,369960,388197.0,Western Sydney University
LP170100659,Linkage Projects,2018,Closed,228838,241143.0,The University of Newcastle
LP170100664,Linkage Projects,2018,Closed,406665,418176.0,Flinders University
LP170100670,Linkage Projects,2018,Closed,251360,266386.0,University of Technology Sydney
LP170100690,Linkage Projects,2018,Closed,200000,211934.0,University of Wollongong
LP170100691,Linkage Projects,2018,Closed,562000,595035.0,The University of New South Wales
LP170100710,Linkage Projects,2018,Closed,328000,347893.0,The University of Melbourne
LP170100713,Linkage Projects,2018,Closed,243000,258721.0,University of Wollongong
LP170100717,Linkage Projects,2018,Closed,460800,487884.0,The University of Queensland
LP170100718,Linkage Projects,2018,Closed,143646,150790.0,Flinders University
LP170100720,Linkage Projects,2018,Closed,385000,406448.0,The University of Queensland
LP170100784,Linkage Projects,2018,Closed,401850,191903.0,Deakin University
LP170100789,Linkage Projects,2018,Active,607330,427801.0,Griffith University
LP170100822,Linkage Projects,2018,Closed,605000,641002.0,The University of Queensland
LP170100846,Linkage Projects,2018,Closed,277092,293704.0,Curtin University
LP170100852,Linkage Projects,2018,Closed,739083,787529.0,The University of New South Wales
LP170100860,Linkage Projects,2018,Active,354833,374123.0,The University of Adelaide
LP170100863,Linkage Projects,2018,Closed,245971,260603.0,University of Wollongong
LP170100879,Linkage Projects,2018,Active,274000,289930.0,University of Tasmania
LP170100881,Linkage Projects,2018,Closed,415893,400125.0,University of Technology Sydney
LP170100888,Linkage Projects,2018,Closed,350000,0.0,Monash University
LP170100889,Linkage Projects,2018,Closed,106705,109858.0,Flinders University
LP170100891,Linkage Projects,2018,Closed,415893,440695.0,University of Technology Sydney
LP170100902,Linkage Projects,2018,Closed,369000,386175.0,The University of Queensland
LP170100903,Linkage Projects,2018,Closed,358107,379304.0,The University of Western Australia
LP170100906,Linkage Projects,2018,Active,346297,364303.0,The Australian National University
LP170100909,Linkage Projects,2018,Active,339300,227897.0,Deakin University
LP170100912,Linkage Projects,2018,Closed,321000,332032.0,University of Technology Sydney
LP170100922,Linkage Projects,2018,Closed,771000,817020.0,The University of Melbourne
LP170100924,Linkage Projects,2018,Closed,450000,476636.0,Swinburne University of Technology
LP170100932,Linkage Projects,2018,Closed,390000,43590.0,Deakin University
LP170100933,Linkage Projects,2018,Active,180437,191229.0,Flinders University
LP170100934,Linkage Projects,2018,Closed,370000,392284.0,Victoria University
LP170100940,Linkage Projects,2018,Closed,1375000,1481517.0,University of South Australia
LP170100951,Linkage Projects,2018,Closed,258778,274147.0,Queensland University of Technology
LP170100979,Linkage Projects,2018,Closed,364503,386078.0,Queensland University of Technology
LP170100985,Linkage Projects,2018,Closed,711000,750329.0,Monash University
LP170101000,Linkage Projects,2018,Closed,234889,248425.0,Curtin University
LP170101045,Linkage Projects,2018,Closed,370066,392133.0,The University of Melbourne
LP170101049,Linkage Projects,2018,Closed,559124,592254.0,The University of Queensland
LP170101050,Linkage Projects,2018,Closed,629331,666417.0,The University of Melbourne
LP170101054,Linkage Projects,2018,Closed,374000,396367.0,The University of Sydney
LP170101062,Linkage Projects,2018,Closed,360000,381309.0,Southern Cross University
LP170101080,Linkage Projects,2018,Closed,220000,230726.0,The University of Western Australia
LP170101085,Linkage Projects,2018,Closed,619727,661994.0,The University of Melbourne
LP170101090,Linkage Projects,2018,Active,583000,316664.0,University of Tasmania
LP170101105,Linkage Projects,2018,Closed,300000,317757.0,University of Tasmania
LP170101125,Linkage Projects,2018,Closed,239270,253767.0,The University of Sydney
LP170101134,Linkage Projects,2018,Active,439000,464623.0,The University of Melbourne
LP170101136,Linkage Projects,2018,Closed,379768,385869.0,The University of Queensland
LP170101143,Linkage Projects,2018,Closed,416000,440815.0,The University of New South Wales
LP170101154,Linkage Projects,2018,Closed,330000,349533.0,The University of Queensland
LP170101157,Linkage Projects,2018,Closed,280000,295617.0,The University of Sydney
LP170101162,Linkage Projects,2018,Closed,196570,206435.0,The University of Melbourne
LP170101171,Linkage Projects,2018,Closed,207812,218104.0,The University of Queensland
LP170101175,Linkage Projects,2018,Closed,110986,116448.0,Macquarie University
LP170101180,Linkage Projects,2018,Closed,498000,527688.0,The University of New South Wales
LP170101196,Linkage Projects,2018,Closed,613244,648779.0,The University of New South Wales
LP170101238,Linkage Projects,2018,Closed,350000,367061.0,Macquarie University
LP170101239,Linkage Projects,2018,Closed,440000,465279.0,The Australian National University
LP170101255,Linkage Projects,2018,Closed,240519,250781.0,Central Queensland University
LP180100024,Linkage Projects,2018,Closed,395000,412198.0,The University of Western Australia
LP180100028,Linkage Projects,2018,Closed,824948,877797.0,The University of Queensland
LP180100048,Linkage Projects,2018,Closed,460000,480405.0,Monash University
LP180100076,Linkage Projects,2018,Closed,423500,441902.0,The University of Sydney
LP180100116,Linkage Projects,2018,Closed,290521,304408.0,The University of Western Australia
LP180100001,Linkage Projects,2019,Closed,259000,271853.0,University of Technology Sydney
LP180100005,Linkage Projects,2019,Closed,330000,347119.0,University of South Australia
LP180100018,Linkage Projects,2019,Closed,330000,350091.0,The University of Queensland
LP180100035,Linkage Projects,2019,Active,297000,312578.0,The University of Melbourne
LP180100038,Linkage Projects,2019,Closed,249421,262882.0,Monash University
LP180100046,Linkage Projects,2019,Closed,511658,480148.0,Australian Catholic University
LP180100080,Linkage Projects,2019,Closed,555195,584867.0,The University of New South Wales
LP180100090,Linkage Projects,2019,Active,482366,514125.0,Swinburne University of Technology
LP180100096,Linkage Projects,2019,Closed,390000,407094.0,Griffith University
LP180100104,Linkage Projects,2019,Active,573620,592775.0,Swinburne University of Technology
LP180100107,Linkage Projects,2019,Closed,475000,502926.0,The University of Queensland
LP180100114,Linkage Projects,2019,Active,782874,824724.0,Swinburne University of Technology
LP180100122,Linkage Projects,2019,Closed,411343,433981.0,Swinburne University of Technology
LP180100126,Linkage Projects,2019,Closed,463634,492119.0,The University of New South Wales
LP180100128,Linkage Projects,2019,Closed,390000,410675.0,Monash University
LP180100132,Linkage Projects,2019,Active,442000,465357.0,Curtin University
LP180100142,Linkage Projects,2019,Active,399000,418176.0,The University of New South Wales
LP180100144,Linkage Projects,2019,Closed,330000,347494.0,The University of New South Wales
LP180100151,Linkage Projects,2019,Closed,292112,308755.0,The University of New South Wales
LP180100159,Linkage Projects,2019,Closed,779000,833889.0,The University of New South Wales
LP180100170,Linkage Projects,2019,Closed,360000,379460.0,Swinburne University of Technology
LP180100199,Linkage Projects,2019,Closed,352000,372143.0,Curtin University
LP180100201,Linkage Projects,2019,Closed,222782,230402.0,University of Canberra
LP180100203,Linkage Projects,2019,Closed,738130,776602.0,Monash University
LP180100218,Linkage Projects,2019,Closed,450000,473294.0,The University of Melbourne
LP180100222,Linkage Projects,2019,Closed,436824,459981.0,Curtin University
LP180100234,Linkage Projects,2019,Closed,465000,493310.0,Monash University
LP180100235,Linkage Projects,2019,Closed,342831,361331.0,The University of New South Wales
LP180100238,Linkage Projects,2019,Closed,293985,311555.0,Queensland University of Technology
LP180100244,Linkage Projects,2019,Active,1046628,1118581.0,The University of Sydney
LP180100251,Linkage Projects,2019,Active,195535,207111.0,Adelaide University
LP180100258,Linkage Projects,2019,Active,346097,367336.0,Deakin University
LP180100259,Linkage Projects,2019,Active,236852,240434.0,The University of Queensland
LP180100267,Linkage Projects,2019,Active,394015,425317.0,James Cook University
LP180100269,Linkage Projects,2019,Closed,589000,614676.0,The University of Queensland
LP180100276,Linkage Projects,2019,Closed,858997,911295.0,The Australian National University
LP180100284,Linkage Projects,2019,Active,461783,489028.0,Curtin University
LP180100307,Linkage Projects,2019,Active,474159,499145.0,Swinburne University of Technology
LP180100309,Linkage Projects,2019,Closed,300512,316443.0,The University of Sydney
LP180100315,Linkage Projects,2019,Closed,460000,482872.0,The Australian National University
LP180100318,Linkage Projects,2019,Closed,418407,439347.0,Griffith University
LP180100331,Linkage Projects,2019,Closed,220937,232598.0,Curtin University
LP180100332,Linkage Projects,2019,Closed,430000,452984.0,The University of Melbourne
LP180100341,Linkage Projects,2019,Active,252476,268154.0,The University of Queensland
LP180100366,Linkage Projects,2019,Active,252000,267650.0,The University of New South Wales
LP180100377,Linkage Projects,2019,Closed,420000,445571.0,The University of Queensland
LP180100397,Linkage Projects,2019,Closed,254008,0.0,RMIT University
LP180100421,Linkage Projects,2019,Active,313659,330386.0,The Australian National University
LP180100424,Linkage Projects,2019,Closed,207497,219012.0,The University of Melbourne
LP180100429,Linkage Projects,2019,Closed,424554,433259.0,The University of Queensland
LP180100431,Linkage Projects,2019,Closed,321269,342044.0,The University of Sydney
LP180100449,Linkage Projects,2019,Active,236657,251442.0,La Trobe University
LP180100477,Linkage Projects,2019,Closed,179865,191157.0,Queensland University of Technology
LP180100478,Linkage Projects,2019,Closed,385000,375151.0,The University of Melbourne
LP180100486,Linkage Projects,2019,Closed,390000,410675.0,The University of Queensland
LP180100487,Linkage Projects,2019,Closed,371000,161054.0,The University of Queensland
LP180100500,Linkage Projects,2019,Active,167395,176439.0,The University of Melbourne
LP180100516,Linkage Projects,2019,Closed,889797,943944.0,Queensland University of Technology
LP180100534,Linkage Projects,2019,Closed,472635,497747.0,Macquarie University
LP180100540,Linkage Projects,2019,Closed,520000,528750.0,The University of Sydney
LP180100542,Linkage Projects,2019,Closed,417440,443144.0,Queensland University of Technology
LP180100550,Linkage Projects,2019,Active,285000,301126.0,University of Wollongong
LP180100560,Linkage Projects,2019,Closed,464233,489242.0,Monash University
LP180100569,Linkage Projects,2019,Closed,395000,415881.0,The University of Adelaide
LP180100593,Linkage Projects,2019,Active,496349,451141.0,University of Technology Sydney
LP180100595,Linkage Projects,2019,Closed,351705,373118.0,The University of Queensland
LP180100600,Linkage Projects,2019,Closed,300000,321026.0,Griffith University
LP180100611,Linkage Projects,2019,Closed,321817,341380.0,Monash University
LP180100624,Linkage Projects,2019,Closed,540000,569003.0,The University of Sydney
LP180100626,Linkage Projects,2019,Active,577535,617943.0,University of Wollongong
LP180100638,Linkage Projects,2019,Closed,612074,649344.0,The University of Melbourne
LP180100654,Linkage Projects,2019,Closed,600000,636530.0,University of Technology Sydney
LP180100663,Linkage Projects,2019,Active,450000,477397.0,The University of New South Wales
LP180100674,Linkage Projects,2019,Closed,206100,217886.0,Deakin University
LP180100681,Linkage Projects,2019,Active,664511,707677.0,The University of New South Wales
LP180100697,Linkage Projects,2019,Active,335250,358690.0,Western Sydney University
LP180100701,Linkage Projects,2019,Active,1191949,1276392.0,Deakin University
LP180100704,Linkage Projects,2019,Active,247000,262559.0,The Australian National University
LP180100712,Linkage Projects,2019,Closed,440000,459181.0,The University of Melbourne
LP180100715,Linkage Projects,2019,Closed,192000,203495.0,The University of Queensland
LP180100721,Linkage Projects,2019,Closed,374000,396045.0,The University of New South Wales
LP180100722,Linkage Projects,2019,Closed,264192,280038.0,University of Wollongong
LP180100729,Linkage Projects,2019,Closed,347153,143216.0,Griffith University
LP180100732,Linkage Projects,2019,Closed,330000,348821.0,The University of New South Wales
LP180100741,Linkage Projects,2019,Closed,453000,483186.0,The University of New South Wales
LP180100748,Linkage Projects,2019,Closed,492000,522265.0,The University of Adelaide
LP180100750,Linkage Projects,2019,Active,480000,505632.0,Edith Cowan University
LP180100752,Linkage Projects,2019,Active,442635,469723.0,Monash University
LP180100756,Linkage Projects,2019,Closed,321113,340893.0,Flinders University
LP180100757,Linkage Projects,2019,Closed,282354,297224.0,The University of Melbourne
LP180100758,Linkage Projects,2019,Active,540000,568627.0,Swinburne University of Technology
LP180100759,Linkage Projects,2019,Active,270352,285940.0,University of Technology Sydney
LP180100761,Linkage Projects,2019,Closed,260310,275377.0,The University of Queensland
LP180100762,Linkage Projects,2019,Closed,413981,439501.0,The University of Melbourne
LP180100772,Linkage Projects,2019,Closed,423281,448856.0,The University of Queensland
LP180100796,Linkage Projects,2019,Closed,410334,435594.0,The University of Melbourne
LP180100801,Linkage Projects,2019,Closed,475000,0.0,The University of New South Wales
LP180100813,Linkage Projects,2019,Closed,211655,223489.0,Deakin University
LP180100823,Linkage Projects,2019,Active,150000,159012.0,Western Sydney University
LP180100830,Linkage Projects,2019,Active,507484,539203.0,Queensland University of Technology
LP180100835,Linkage Projects,2019,Closed,456527,479926.0,The University of Newcastle
LP180100859,Linkage Projects,2019,Active,898560,975871.0,The University of Western Australia
LP180100869,Linkage Projects,2019,Active,431842,463626.0,RMIT University
LP180100885,Linkage Projects,2019,Closed,155084,162881.0,Flinders University
LP180100890,Linkage Projects,2019,Closed,523756,555874.0,The University of Adelaide
LP180100904,Linkage Projects,2019,Closed,400957,425333.0,The Australian National University
LP180100913,Linkage Projects,2019,Closed,356000,377706.0,University of Wollongong
LP180100942,Linkage Projects,2019,Closed,729500,774570.0,The Australian National University
LP180100964,Linkage Projects,2019,Closed,408000,433732.0,The University of Sydney
LP180100971,Linkage Projects,2019,Closed,486000,515721.0,The University of Adelaide
LP180101000,Linkage Projects,2019,Closed,420000,444623.0,Queensland University of Technology
LP180101006,Linkage Projects,2019,Closed,468000,496625.0,The University of Melbourne
LP180101048,Linkage Projects,2019,Active,757205,808416.0,Monash University
LP180101062,Linkage Projects,2019,Closed,340000,360787.0,RMIT University
LP180101074,Linkage Projects,2019,Closed,450000,477728.0,The University of Melbourne
LP180101080,Linkage Projects,2019,Active,420000,445571.0,Monash University
LP180101085,Linkage Projects,2019,Closed,1175000,1278165.0,The University of Melbourne
LP180101109,Linkage Projects,2019,Active,427000,453395.0,Swinburne University of Technology
LP180101112,Linkage Projects,2019,Active,317509,285569.0,Australian Catholic University
LP180101118,Linkage Projects,2019,Active,442000,468364.0,The Australian National University
LP180101128,Linkage Projects,2019,Closed,362324,383180.0,The University of Queensland
LP180101146,Linkage Projects,2019,Closed,459000,489077.0,The University of New South Wales
LP180101147,Linkage Projects,2019,Closed,477183,506235.0,Monash University
LP180101150,Linkage Projects,2019,Closed,320000,339655.0,University of Technology Sydney
LP180101151,Linkage Projects,2019,Closed,484189,513275.0,Queensland University of Technology
LP180101153,Linkage Projects,2019,Active,838000,895965.0,Flinders University
LP180101161,Linkage Projects,2019,Closed,194546,165975.0,The University of New South Wales
LP180101178,Linkage Projects,2019,Closed,422000,447403.0,Monash University
LP180101251,Linkage Projects,2019,Active,178117,188588.0,The University of Sydney
LP180101285,Linkage Projects,2019,Closed,441630,468518.0,University of South Australia
LP180101291,Linkage Projects,2019,Closed,543000,576007.0,The University of Melbourne
LP180101309,Linkage Projects,2019,Closed,321000,341106.0,RMIT University
LP180101332,Linkage Projects,2019,Closed,612000,649236.0,The University of Sydney
LP180101334,Linkage Projects,2019,Closed,619000,655590.0,The University of Melbourne
LP180101352,Linkage Projects,2019,Closed,389409,413346.0,The University of Sydney
LP190100029,Linkage Projects,2019,Active,549452,575378.0,The University of New South Wales
LP190100035,Linkage Projects,2019,Closed,499824,522402.0,University of Tasmania
LP190100010,Linkage Projects,2020,Closed,307440,326791.0,The Australian National University
LP190100051,Linkage Projects,2020,Closed,439000,462307.0,Flinders University
LP190100054,Linkage Projects,2020,Active,345271,363666.0,La Trobe University
LP190100069,Linkage Projects,2020,Closed,296370,313109.0,The University of New South Wales
LP190100071,Linkage Projects,2020,Active,400940,435040.0,Flinders University
LP190100074,Linkage Projects,2020,Closed,277600,292317.0,University of Technology Sydney
LP190100079,Linkage Projects,2020,Closed,370000,389954.0,The University of Melbourne
LP190100083,Linkage Projects,2020,Active,630000,683504.0,The University of Queensland
LP190100089,Linkage Projects,2020,Active,394077,415063.0,Swinburne University of Technology
LP190100090,Linkage Projects,2020,Closed,531000,559121.0,The University of Melbourne
LP190100093,Linkage Projects,2020,Closed,390000,410287.0,The University of Sydney
LP190100099,Linkage Projects,2020,Active,238210,164977.0,Western Sydney University
LP190100104,Linkage Projects,2020,Closed,370769,390528.0,The University of Melbourne
LP190100106,Linkage Projects,2020,Closed,356435,373747.0,The University of Queensland
LP190100113,Linkage Projects,2020,Closed,422881,441380.0,The University of New South Wales
LP190100114,Linkage Projects,2020,Active,989000,1071275.0,RMIT University
LP190100117,Linkage Projects,2020,Active,328000,345983.0,The University of Sydney
LP190100122,Linkage Projects,2020,Closed,675318,711365.0,The University of New South Wales
LP190100130,Linkage Projects,2020,Closed,313304,329820.0,Curtin University
LP190100131,Linkage Projects,2020,Active,778000,819364.0,The University of Queensland
LP190100140,Linkage Projects,2020,Active,330000,347476.0,Macquarie University
LP190100143,Linkage Projects,2020,Closed,439588,462963.0,The University of Sydney
LP190100146,Linkage Projects,2020,Active,1055000,1118598.0,The University of Western Australia
LP190100165,Linkage Projects,2020,Closed,281205,299178.0,RMIT University
LP190100175,Linkage Projects,2020,Active,310800,327259.0,RMIT University
LP190100176,Linkage Projects,2020,Active,440578,468789.0,The University of New South Wales
LP190100186,Linkage Projects,2020,Active,236000,248429.0,Griffith University
LP190100188,Linkage Projects,2020,Active,346899,365034.0,The University of Queensland
LP190100191,Linkage Projects,2020,Closed,480295,511249.0,The University of Queensland
LP190100194,Linkage Projects,2020,Active,1342000,1456801.0,Griffith University
LP190100208,Linkage Projects,2020,Closed,540000,568220.0,The University of Melbourne
LP190100216,Linkage Projects,2020,Active,251442,267482.0,Queensland University of Technology
LP190100240,Linkage Projects,2020,Active,638000,689993.0,The University of Queensland
LP190100247,Linkage Projects,2020,Closed,567500,597751.0,RMIT University
LP190100262,Linkage Projects,2020,Closed,162178,170936.0,Western Sydney University
LP190100267,Linkage Projects,2020,Closed,279997,297819.0,Monash University
LP190100269,Linkage Projects,2020,Closed,109090,114219.0,Flinders University
LP190100271,Linkage Projects,2020,Active,354935,373637.0,Southern Cross University
LP190100282,Linkage Projects,2020,Active,422092,449648.0,RMIT University
LP190100287,Linkage Projects,2020,Closed,156353,155092.0,University of South Australia
LP190100291,Linkage Projects,2020,Closed,559744,588724.0,The University of New South Wales
LP190100294,Linkage Projects,2020,Active,339099,360931.0,Monash University
LP190100297,Linkage Projects,2020,Closed,584731,615587.0,Curtin University
LP190100314,Linkage Projects,2020,Closed,600000,631775.0,Macquarie University
LP190100329,Linkage Projects,2020,Active,388400,413438.0,The University of Queensland
LP190100330,Linkage Projects,2020,Active,445783,471924.0,Macquarie University
LP190100337,Linkage Projects,2020,Closed,711307,753958.0,Monash University
LP190100346,Linkage Projects,2020,Closed,305548,324728.0,The University of Western Australia
LP190100367,Linkage Projects,2020,Active,699161,743102.0,The University of Melbourne
LP190100376,Linkage Projects,2020,Closed,389261,405931.0,University of South Australia
LP190100378,Linkage Projects,2020,Active,545000,573171.0,The University of Newcastle
LP190100386,Linkage Projects,2020,Closed,353046,371743.0,The University of Queensland
LP190100387,Linkage Projects,2020,Active,556000,590430.0,Australian Catholic University
LP190100393,Linkage Projects,2020,Active,230514,242326.0,The University of Melbourne
LP190100395,Linkage Projects,2020,Closed,450000,0.0,Swinburne University of Technology
LP190100398,Linkage Projects,2020,Active,154060,163629.0,Griffith University
LP190100403,Linkage Projects,2020,Closed,191595,201865.0,Monash University
LP190100419,Linkage Projects,2020,Active,115028,121283.0,Adelaide University
LP190100424,Linkage Projects,2020,Active,284918,303406.0,The University of Melbourne
LP190100433,Linkage Projects,2020,Closed,558400,593966.0,The University of Western Australia
LP190100436,Linkage Projects,2020,Active,524027,553423.0,Western Sydney University
LP190100439,Linkage Projects,2020,Closed,570000,600091.0,University of Technology Sydney
LP190100453,Linkage Projects,2020,Closed,372543,396644.0,RMIT University
LP190100459,Linkage Projects,2020,Closed,381761,402078.0,Deakin University
LP190100468,Linkage Projects,2020,Closed,604841,643303.0,Southern Cross University
LP190100484,Linkage Projects,2020,Closed,410237,435133.0,James Cook University
LP190100505,Linkage Projects,2020,Closed,590000,621119.0,Swinburne University of Technology
LP190100509,Linkage Projects,2020,Active,575000,610703.0,The University of Queensland
LP190100510,Linkage Projects,2020,Active,150000,159580.0,The University of Newcastle
LP190100511,Linkage Projects,2020,Closed,363152,382697.0,The University of Sydney
LP190100519,Linkage Projects,2020,Closed,682209,727276.0,The University of New South Wales
LP190100522,Linkage Projects,2020,Closed,415882,311841.0,Monash University
LP190100528,Linkage Projects,2020,Closed,368617,391754.0,The University of Melbourne
LP190100536,Linkage Projects,2020,Active,629570,671708.0,The University of Melbourne
LP190100551,Linkage Projects,2020,Active,191374,203482.0,The University of New South Wales
LP190100552,Linkage Projects,2020,Active,469627,499454.0,The University of New South Wales
LP190100555,Linkage Projects,2020,Closed,490000,515793.0,The University of Adelaide
LP190100558,Linkage Projects,2020,Closed,480000,510657.0,The University of Western Australia
LP190100561,Linkage Projects,2020,Closed,353000,371944.0,The University of Adelaide
LP190100563,Linkage Projects,2020,Active,562000,598154.0,The University of New South Wales
LP190100574,Linkage Projects,2020,Closed,325258,342565.0,Macquarie University
LP190100586,Linkage Projects,2020,Closed,201858,214718.0,University of South Australia
LP190100590,Linkage Projects,2020,Active,507000,534262.0,Macquarie University
LP190100594,Linkage Projects,2020,Active,347536,366069.0,Deakin University
LP190100601,Linkage Projects,2020,Closed,459107,81169.0,The University of New South Wales
LP190100603,Linkage Projects,2020,Closed,337578,358478.0,University of Wollongong
LP190100619,Linkage Projects,2020,Active,230703,246474.0,The University of Sydney
LP190100621,Linkage Projects,2020,Active,558000,593892.0,The Australian National University
LP190100623,Linkage Projects,2020,Active,339334,362312.0,The University of Melbourne
LP190100624,Linkage Projects,2020,Active,100000,104668.0,Monash University
LP190100631,Linkage Projects,2020,Active,860774,955916.0,The University of Melbourne
LP190100635,Linkage Projects,2020,Closed,573068,604573.0,The University of Adelaide
LP190100642,Linkage Projects,2020,Closed,406100,432415.0,The University of New South Wales
LP190100650,Linkage Projects,2020,Closed,165654,176234.0,The University of New South Wales
LP190100676,Linkage Projects,2020,Closed,341853,360080.0,Macquarie University
LP190100677,Linkage Projects,2020,Active,620765,660508.0,Queensland University of Technology
LP190100681,Linkage Projects,2020,Closed,261000,277591.0,The University of New South Wales
LP190100686,Linkage Projects,2020,Active,364112,396489.0,The University of Melbourne
LP190100698,Linkage Projects,2020,Active,502501,532979.0,La Trobe University
LP190100699,Linkage Projects,2020,Closed,136000,142348.0,The University of Queensland
LP190100713,Linkage Projects,2020,Closed,340357,361825.0,Flinders University
LP190100724,Linkage Projects,2020,Active,1337900,1482623.0,The University of Western Australia
LP190100728,Linkage Projects,2020,Active,430000,457550.0,RMIT University
LP190100732,Linkage Projects,2020,Active,392445,417579.0,The University of Sydney
LP190100740,Linkage Projects,2020,Closed,710889,756317.0,University of South Australia
LP190100751,Linkage Projects,2020,Active,401000,426301.0,University of South Australia
LP190100755,Linkage Projects,2020,Active,870987,945712.0,Monash University
LP190100761,Linkage Projects,2020,Active,461088,516674.0,The University of Queensland
LP190100785,Linkage Projects,2020,Active,519691,552840.0,The University of Western Australia
LP190100817,Linkage Projects,2020,Closed,268506,285970.0,Monash University
LP190100829,Linkage Projects,2020,Closed,324072,345035.0,The University of New South Wales
LP190100830,Linkage Projects,2020,Active,511812,544683.0,The University of Queensland
LP190100841,Linkage Projects,2020,Active,475000,505260.0,Monash University
LP190100842,Linkage Projects,2020,Closed,463597,490833.0,The University of Sydney
LP190100844,Linkage Projects,2020,Active,380260,403483.0,Deakin University
LP190100849,Linkage Projects,2020,Active,339000,360858.0,The University of Queensland
LP190100850,Linkage Projects,2020,Closed,714296,760097.0,The University of Sydney
LP190100852,Linkage Projects,2020,Closed,463494,492961.0,The University of Queensland
LP190100864,Linkage Projects,2020,Closed,390000,414909.0,The University of Adelaide
LP190100865,Linkage Projects,2020,Active,290565,309356.0,La Trobe University
LP190100888,Linkage Projects,2020,Closed,350000,371495.0,The Australian National University
LP190100900,Linkage Projects,2020,Active,150000,159501.0,Macquarie University
LP190100917,Linkage Projects,2020,Active,752366,800406.0,Monash University
LP190100921,Linkage Projects,2020,Closed,475014,505476.0,The University of Melbourne
LP190100926,Linkage Projects,2020,Closed,292154,311068.0,RMIT University
LP190100927,Linkage Projects,2020,Active,366244,389443.0,Macquarie University
LP190100933,Linkage Projects,2020,Closed,385000,0.0,Flinders University
LP190100938,Linkage Projects,2020,Closed,450000,478741.0,Monash University
LP190100940,Linkage Projects,2020,Active,159843,118536.0,The University of Melbourne
LP190100958,Linkage Projects,2020,Closed,459071,488159.0,The University of Queensland
LP190100966,Linkage Projects,2020,Closed,470501,501128.0,The University of Sydney
LP190100968,Linkage Projects,2020,Active,1357136,1509363.0,The University of Western Australia
LP190100975,Linkage Projects,2020,Active,777172,840471.0,The University of Queensland
LP190100984,Linkage Projects,2020,Closed,199857,212776.0,University of Wollongong
LP190100990,Linkage Projects,2020,Active,310781,329639.0,The University of New South Wales
LP190100991,Linkage Projects,2020,Closed,315000,335119.0,RMIT University
LP190100992,Linkage Projects,2020,Active,399155,422554.0,Macquarie University
LP190100998,Linkage Projects,2020,Closed,290000,308436.0,The University of Queensland
LP190101003,Linkage Projects,2020,Closed,600633,638855.0,The University of New South Wales
LP190101011,Linkage Projects,2020,Closed,194586,206719.0,The University of Sydney
LP190101020,Linkage Projects,2020,Active,566264,602788.0,The University of Queensland
LP190101046,Linkage Projects,2020,Active,382905,407505.0,RMIT University
LP190101051,Linkage Projects,2020,Active,265949,283614.0,The University of Queensland
LP190101060,Linkage Projects,2020,Active,323091,343149.0,The Australian National University
LP190101070,Linkage Projects,2020,Closed,331725,353206.0,The University of Queensland
LP190101083,Linkage Projects,2020,Active,390000,414909.0,Griffith University
LP190101099,Linkage Projects,2020,Closed,295713,314147.0,Monash University
LP190101100,Linkage Projects,2020,Active,244381,259567.0,Queensland University of Technology
LP190101116,Linkage Projects,2020,Closed,100000,105372.0,University of Tasmania
LP190101124,Linkage Projects,2020,Active,563412,602931.0,The University of Queensland
LP190101130,Linkage Projects,2020,Closed,298622,317338.0,The University of Queensland
LP190101134,Linkage Projects,2020,Active,165000,175538.0,The University of Melbourne
LP190101139,Linkage Projects,2020,Active,704384,763326.0,The University of New South Wales
LP190101141,Linkage Projects,2020,Closed,640121,681143.0,Griffith University
LP190101159,Linkage Projects,2020,Active,780917,873145.0,The University of Queensland
LP190101161,Linkage Projects,2020,Closed,852000,923873.0,The University of Queensland
LP190101169,Linkage Projects,2020,Closed,570000,606406.0,The University of New South Wales
LP190101183,Linkage Projects,2020,Active,442364,470033.0,University of Wollongong
LP190101189,Linkage Projects,2020,Active,227010,246387.0,The University of Melbourne
LP190101198,Linkage Projects,2020,Active,439000,467783.0,University of Canberra
LP190101209,Linkage Projects,2020,Closed,751260,799532.0,The University of Melbourne
LP190101218,Linkage Projects,2020,Active,540750,575963.0,Griffith University
LP190101230,Linkage Projects,2020,Active,698000,742504.0,Monash University
LP190101250,Linkage Projects,2020,Active,368000,390822.0,Monash University
LP190101251,Linkage Projects,2020,Active,449796,478524.0,Griffith University
LP190101254,Linkage Projects,2020,Closed,493980,0.0,James Cook University
LP190101262,Linkage Projects,2020,Closed,801999,853000.0,The University of Queensland
LP190101279,Linkage Projects,2020,Closed,390140,415016.0,The University of Queensland
LP190101283,Linkage Projects,2020,Closed,672447,715396.0,The University of Newcastle
LP190101287,Linkage Projects,2020,Closed,325000,345844.0,The University of Melbourne
LP190101290,Linkage Projects,2020,Closed,671427,714548.0,Monash University
LP190101294,Linkage Projects,2020,Active,439314,467526.0,RMIT University
LP190101301,Linkage Projects,2020,Active,232347,245001.0,Queensland University of Technology
LP200100009,Linkage Projects,2020,Closed,392181,408628.0,The University of New South Wales
LP200100016,Linkage Projects,2020,Closed,250000,261203.0,Griffith University
LP200100019,Linkage Projects,2020,Active,420696,439221.0,The University of New South Wales
LP200100029,Linkage Projects,2020,Closed,646887,675564.0,RMIT University
LP200100038,Linkage Projects,2020,Active,516000,549531.0,The University of Adelaide
LP200100045,Linkage Projects,2020,Active,487222,509630.0,Deakin University
LP200100052,Linkage Projects,2020,Closed,442000,461746.0,Swinburne University of Technology
LP200100053,Linkage Projects,2020,Active,320184,334525.0,The University of Sydney
LP200100054,Linkage Projects,2020,Active,339852,354925.0,RMIT University
LP200100056,Linkage Projects,2020,Active,300000,313210.0,The University of New South Wales
LP200100060,Linkage Projects,2020,Active,372498,389329.0,Queensland University of Technology
LP200100063,Linkage Projects,2020,Active,338927,353690.0,The University of New South Wales
LP200100064,Linkage Projects,2020,Closed,417000,435546.0,The University of Queensland
LP200100082,Linkage Projects,2020,Active,451265,470975.0,Monash University
LP200100100,Linkage Projects,2020,Active,531764,555379.0,The Australian National University
LP200100103,Linkage Projects,2020,Active,520582,544685.0,Western Sydney University
LP200100106,Linkage Projects,2020,Active,539723,565690.0,The University of New South Wales
LP200100110,Linkage Projects,2020,Active,482000,502841.0,Monash University
LP200100138,Linkage Projects,2020,Active,362500,378661.0,The University of New South Wales
LP200100149,Linkage Projects,2020,Active,212212,221471.0,Flinders University
LP200100156,Linkage Projects,2020,Closed,456000,474727.0,The University of Adelaide
LP200100175,Linkage Projects,2020,Active,683623,741659.0,The University of Queensland
LP200100188,Linkage Projects,2020,Active,257156,265299.0,The University of Sydney
LP200100190,Linkage Projects,2020,Closed,405267,423025.0,Macquarie University
LP200100205,Linkage Projects,2020,Active,1115069,1212578.0,University of Wollongong
LP200100222,Linkage Projects,2020,Closed,535200,558615.0,Charles Darwin University
LP200100225,Linkage Projects,2020,Closed,365247,381330.0,The University of Western Australia
LP200100255,Linkage Projects,2020,Active,424566,441729.0,The University of New South Wales
LP200100261,Linkage Projects,2020,Active,234427,243960.0,The University of Newcastle
LP200100265,Linkage Projects,2020,Active,269521,281277.0,Deakin University
LP200100296,Linkage Projects,2020,Active,1023008,1084741.0,Monash University
LP200100311,Linkage Projects,2020,Active,299969,313283.0,The University of Sydney
LP200100331,Linkage Projects,2020,Active,543024,566118.0,Western Sydney University
LP200100336,Linkage Projects,2020,Active,274933,287042.0,The University of Queensland
LP200100341,Linkage Projects,2020,Active,650000,689881.0,The University of Western Australia
LP200100367,Linkage Projects,2020,Active,263112,274497.0,The University of Newcastle
LP200100372,Linkage Projects,2020,Active,271527,283201.0,The University of Melbourne
LP200100380,Linkage Projects,2020,Active,100000,103407.0,Flinders University
LP200100381,Linkage Projects,2020,Active,495820,521797.0,The University of Melbourne
LP200100382,Linkage Projects,2020,Active,302000,313775.0,Queensland University of Technology
LP200100403,Linkage Projects,2020,Closed,376518,393189.0,The University of Queensland
LP200100404,Linkage Projects,2020,Active,720000,761355.0,University of Tasmania
LP200100406,Linkage Projects,2020,Active,1161512,1236291.0,The Australian National University
LP200100413,Linkage Projects,2020,Closed,207822,215057.0,The Australian National University
LP200100418,Linkage Projects,2020,Closed,640878,0.0,The University of Queensland
LP200100420,Linkage Projects,2020,Active,419000,437172.0,University of Southern Queensland
LP200100428,Linkage Projects,2020,Active,378107,404578.0,Western Sydney University
LP200100431,Linkage Projects,2020,Active,239777,249895.0,The University of Sydney
LP200100433,Linkage Projects,2020,Active,520377,546799.0,Deakin University
LP200100468,Linkage Projects,2020,Closed,588955,615002.0,Queensland University of Technology
LP200100483,Linkage Projects,2020,Active,324006,337167.0,The University of Western Australia
LP200100489,Linkage Projects,2020,Closed,420000,210406.0,University of South Australia
LP200100493,Linkage Projects,2020,Active,310000,322195.0,Queensland University of Technology
LP200100531,Linkage Projects,2020,Active,384117,401145.0,The University of New South Wales
LP200100537,Linkage Projects,2020,Active,419059,437515.0,The University of Newcastle
LP200100540,Linkage Projects,2020,Closed,433000,452698.0,Monash University
LP200100541,Linkage Projects,2020,Closed,312066,322732.0,The University of Adelaide
LP200100547,Linkage Projects,2020,Active,661039,690231.0,The University of Western Australia
LP200100590,Linkage Projects,2020,Active,465000,485475.0,The University of Western Australia
LP200100601,Linkage Projects,2020,Active,371806,376424.0,The University of New South Wales
LP200100617,Linkage Projects,2020,Closed,215000,206383.0,University of South Australia
LP200200046,Linkage Projects,2021,Active,694366,755956.0,The University of Queensland
LP200200073,Linkage Projects,2021,Active,200000,216544.0,Adelaide University
LP200200084,Linkage Projects,2021,Active,407839,430330.0,Swinburne University of Technology
LP200200107,Linkage Projects,2021,Active,445655,479216.0,The University of Melbourne
LP200200134,Linkage Projects,2021,Closed,300000,0.0,The University of Adelaide
LP200200136,Linkage Projects,2021,Active,515725,542277.0,The University of Queensland
LP200200216,Linkage Projects,2021,Active,376265,395835.0,The University of Adelaide
LP200200220,Linkage Projects,2021,Active,643998,678537.0,The University of New South Wales
LP200200239,Linkage Projects,2021,Closed,218000,228896.0,Deakin University
LP200200262,Linkage Projects,2021,Closed,349906,370791.0,Monash University
LP200200264,Linkage Projects,2021,Active,502405,545567.0,La Trobe University
LP200200300,Linkage Projects,2021,Closed,160000,166558.0,The University of Newcastle
LP200200326,Linkage Projects,2021,Active,319061,336840.0,Flinders University
LP200200379,Linkage Projects,2021,Active,427837,451583.0,La Trobe University
LP200200394,Linkage Projects,2021,Active,447376,433536.0,University of Tasmania
LP200200472,Linkage Projects,2021,Active,780000,844055.0,The Australian National University
LP200200591,Linkage Projects,2021,Active,296579,313066.0,The University of Queensland
LP200200615,Linkage Projects,2021,Active,347388,366753.0,The University of Sydney
LP200200669,Linkage Projects,2021,Active,452830,477978.0,Griffith University
LP200200680,Linkage Projects,2021,Active,582084,630287.0,The University of Western Australia
LP200200681,Linkage Projects,2021,Active,315000,332656.0,Flinders University
LP200200688,Linkage Projects,2021,Active,543650,589758.0,Western Sydney University
LP200200689,Linkage Projects,2021,Active,476333,503116.0,The University of Queensland
LP200200717,Linkage Projects,2021,Active,551816,583207.0,The University of Queensland
LP200200719,Linkage Projects,2021,Active,208979,220790.0,The University of New South Wales
LP200200755,Linkage Projects,2021,Active,472593,499253.0,The University of Sydney
LP200200758,Linkage Projects,2021,Closed,371530,248256.0,Griffith University
LP200200762,Linkage Projects,2021,Active,355000,374306.0,The University of Queensland
LP200200779,Linkage Projects,2021,Closed,230636,243299.0,University of Technology Sydney
LP200200790,Linkage Projects,2021,Active,510507,538112.0,Southern Cross University
LP200200803,Linkage Projects,2021,Active,325745,352402.0,Flinders University
LP200200805,Linkage Projects,2021,Closed,395000,416917.0,The University of Queensland
LP200200806,Linkage Projects,2021,Closed,471900,497728.0,The University of Sydney
LP200200813,Linkage Projects,2021,Active,642434,698697.0,The University of Adelaide
LP200200817,Linkage Projects,2021,Active,360000,379431.0,The Australian National University
LP200200822,Linkage Projects,2021,Active,308032,324880.0,The University of Queensland
LP200200834,Linkage Projects,2021,Active,187658,198689.0,Griffith University
LP200200835,Linkage Projects,2021,Active,311042,328245.0,The University of Western Australia
LP200200847,Linkage Projects,2021,Active,368430,388680.0,The University of Melbourne
LP200200848,Linkage Projects,2021,Active,284215,305943.0,Flinders University
LP200200881,Linkage Projects,2021,Active,643565,675773.0,Monash University
LP200200884,Linkage Projects,2021,Active,601024,640311.0,La Trobe University
LP200200897,Linkage Projects,2021,Active,726824,765679.0,The University of Western Australia
LP200200903,Linkage Projects,2021,Active,933755,1019397.0,The University of Queensland
LP200200910,Linkage Projects,2021,Active,704711,742708.0,Southern Cross University
LP200200915,Linkage Projects,2021,Active,713696,752540.0,University of Technology Sydney
LP200200916,Linkage Projects,2021,Active,261931,272192.0,Queensland University of Technology
LP200200917,Linkage Projects,2021,Active,593636,625341.0,The University of Melbourne
LP200200926,Linkage Projects,2021,Active,461379,486636.0,University of Technology Sydney
LP200200927,Linkage Projects,2021,Active,785312,849455.0,The University of Queensland
LP200200951,Linkage Projects,2021,Active,400000,421989.0,Macquarie University
LP200200957,Linkage Projects,2021,Active,343712,375915.0,Adelaide University
LP200200965,Linkage Projects,2021,Closed,366516,384656.0,Queensland University of Technology
LP200200974,Linkage Projects,2021,Closed,760300,802376.0,The University of Adelaide
LP200200976,Linkage Projects,2021,Active,377326,396327.0,Griffith University
LP200200979,Linkage Projects,2021,Active,455110,480198.0,Macquarie University
LP200201000,Linkage Projects,2021,Closed,355822,375342.0,The University of Adelaide
LP200201003,Linkage Projects,2021,Active,615012,648107.0,James Cook University
LP200201020,Linkage Projects,2021,Closed,450000,474634.0,The University of Western Australia
LP200201026,Linkage Projects,2021,Active,320214,337946.0,The University of New South Wales
LP200201035,Linkage Projects,2021,Active,331898,350518.0,University of Wollongong
LP200201042,Linkage Projects,2021,Closed,546951,577486.0,Monash University
LP200201066,Linkage Projects,2021,Active,1356005,1491111.0,The University of Newcastle
LP200201073,Linkage Projects,2021,Closed,267703,278696.0,The University of New South Wales
LP200201078,Linkage Projects,2021,Closed,383808,404790.0,The University of Queensland
LP200201079,Linkage Projects,2021,Closed,352000,371379.0,The University of Newcastle
LP200201096,Linkage Projects,2021,Active,400551,422579.0,University of Wollongong
LP200300272,Linkage Projects,2021,Active,283353,314617.0,Western Sydney University
LP200300478,Linkage Projects,2021,Active,443000,477335.0,The University of Melbourne
LP200300530,Linkage Projects,2021,Active,637834,688790.0,The University of Melbourne
LP200300577,Linkage Projects,2021,Active,654642,727066.0,The Australian National University
LP200300726,Linkage Projects,2021,Active,442578,478781.0,Swinburne University of Technology
LP200300740,Linkage Projects,2021,Active,173369,186720.0,The University of Queensland
LP200300841,Linkage Projects,2021,Active,287994,310590.0,University of South Australia
LP200300843,Linkage Projects,2021,Active,441572,475433.0,Monash University
LP200300886,Linkage Projects,2021,Active,1035819,1174394.0,The University of Western Australia
LP200300887,Linkage Projects,2021,Active,428541,461760.0,Queensland University of Technology
LP200300895,Linkage Projects,2021,Active,418601,448395.0,University of Wollongong
LP200300898,Linkage Projects,2021,Active,875444,942177.0,The University of Melbourne
LP200300899,Linkage Projects,2021,Active,285821,307095.0,Adelaide University
LP200300982,Linkage Projects,2021,Active,417398,448659.0,The University of New South Wales
LP200301010,Linkage Projects,2021,Active,733396,788295.0,University of Tasmania
LP200301027,Linkage Projects,2021,Active,338595,364716.0,RMIT University
LP200301043,Linkage Projects,2021,Active,384924,425499.0,Griffith University
LP200301063,Linkage Projects,2021,Active,257714,276208.0,Monash University
LP200301118,Linkage Projects,2021,Active,261300,283161.0,Macquarie University
LP200301120,Linkage Projects,2021,Active,522000,561353.0,The University of Melbourne
LP200301123,Linkage Projects,2021,Active,898013,966702.0,Queensland University of Technology
LP200301154,Linkage Projects,2021,Closed,561656,605937.0,Swinburne University of Technology
LP200301160,Linkage Projects,2021,Active,398967,429668.0,The University of Queensland
LP200301196,Linkage Projects,2021,Active,580165,651875.0,University of Technology Sydney
LP200301212,Linkage Projects,2021,Active,637659,686956.0,The University of Queensland
LP200301253,Linkage Projects,2021,Active,837040,925933.0,The University of Newcastle
LP200301274,Linkage Projects,2021,Active,363854,393070.0,Queensland University of Technology
LP200301310,Linkage Projects,2021,Closed,480000,516703.0,Queensland University of Technology
LP200301320,Linkage Projects,2021,Active,541149,583536.0,The University of Queensland
LP200301335,Linkage Projects,2021,Active,484777,522341.0,Swinburne University of Technology
LP200301355,Linkage Projects,2021,Active,302816,326590.0,The University of Melbourne
LP200301370,Linkage Projects,2021,Active,259379,279964.0,The University of Melbourne
LP200301386,Linkage Projects,2021,Active,530000,568377.0,The University of New South Wales
LP200301389,Linkage Projects,2021,Active,746657,797867.0,The University of Melbourne
LP200301393,Linkage Projects,2021,Closed,380115,410001.0,The University of Queensland
LP200301399,Linkage Projects,2021,Closed,480234,0.0,University of South Australia
LP200301401,Linkage Projects,2021,Active,262130,290470.0,Western Sydney University
LP200301402,Linkage Projects,2021,Active,336226,376743.0,The University of Queensland
LP200301403,Linkage Projects,2021,Active,479588,514785.0,Monash University
LP200301404,Linkage Projects,2021,Active,298389,323584.0,The University of New South Wales
LP200301428,Linkage Projects,2021,Closed,561297,590818.0,La Trobe University
LP200301442,Linkage Projects,2021,Active,356280,383864.0,Deakin University
LP200301446,Linkage Projects,2021,Active,344702,372528.0,University of Canberra
LP200301457,Linkage Projects,2021,Active,536198,578399.0,The University of Adelaide
LP200301481,Linkage Projects,2021,Active,571407,621210.0,Western Sydney University
LP200301482,Linkage Projects,2021,Active,521662,562307.0,The University of New South Wales
LP200301483,Linkage Projects,2021,Active,389874,420778.0,The University of Queensland
LP200301506,Linkage Projects,2021,Active,390243,420083.0,University of Technology Sydney
LP200301507,Linkage Projects,2021,Active,396000,426364.0,Curtin University
LP200301537,Linkage Projects,2021,Closed,568976,85613.0,Deakin University
LP200301540,Linkage Projects,2021,Active,607411,653346.0,The University of Queensland
LP200301543,Linkage Projects,2021,Active,513272,551570.0,The University of Adelaide
LP200301563,Linkage Projects,2021,Active,602766,649286.0,The University of Sydney
LP200301568,Linkage Projects,2021,Active,630000,678173.0,Adelaide University
LP200301570,Linkage Projects,2021,Active,279618,294272.0,The University of Western Australia
LP200301578,Linkage Projects,2021,Active,242783,261726.0,University of Tasmania
LP200301583,Linkage Projects,2021,Active,360758,386681.0,The University of Queensland
LP200301587,Linkage Projects,2021,Active,240000,258478.0,Monash University
LP200301589,Linkage Projects,2021,Active,516968,557176.0,Macquarie University
LP200301593,Linkage Projects,2021,Active,589137,636194.0,The University of New South Wales
LP200301594,Linkage Projects,2021,Active,663541,711191.0,Macquarie University
LP200301612,Linkage Projects,2021,Active,497630,535102.0,The Australian National University
LP200301639,Linkage Projects,2021,Active,405031,436236.0,The University of Sydney
LP200301658,Linkage Projects,2021,Active,597495,643182.0,Curtin University
LP200301659,Linkage Projects,2021,Active,408019,440037.0,Swinburne University of Technology
LP200301660,Linkage Projects,2021,Closed,558984,588181.0,Flinders University
LP200301661,Linkage Projects,2021,Closed,659669,709728.0,Flinders University
LP200301672,Linkage Projects,2021,Active,430321,463418.0,The University of Sydney
LP210100011,Linkage Projects,2021,Active,532815,564607.0,Charles Darwin University
LP210100020,Linkage Projects,2021,Active,698441,739624.0,Queensland University of Technology
LP210100043,Linkage Projects,2021,Active,325903,341624.0,The University of Queensland
LP210100059,Linkage Projects,2021,Active,202000,214388.0,The University of Queensland
LP210100090,Linkage Projects,2021,Active,204307,215297.0,The University of New South Wales
LP210100092,Linkage Projects,2021,Active,238000,246036.0,The Australian National University
LP210100096,Linkage Projects,2021,Active,226583,239585.0,The University of Queensland
LP210100098,Linkage Projects,2021,Active,179998,190653.0,Queensland University of Technology
LP210100099,Linkage Projects,2021,Active,1088787,1183180.0,The University of Sydney
LP210100101,Linkage Projects,2021,Active,711535,753126.0,The University of Queensland
LP210100118,Linkage Projects,2021,Active,499654,527782.0,Macquarie University
LP210100122,Linkage Projects,2021,Active,291517,308507.0,La Trobe University
LP210100129,Linkage Projects,2021,Active,376770,398497.0,University of Technology Sydney
LP210100149,Linkage Projects,2021,Active,1069066,1156892.0,Edith Cowan University
LP210100155,Linkage Projects,2021,Active,403236,427249.0,Adelaide University
LP210100166,Linkage Projects,2021,Active,395000,416179.0,The University of Western Australia
LP210100170,Linkage Projects,2021,Closed,169516,175310.0,The University of Queensland
LP210100173,Linkage Projects,2021,Active,415676,440029.0,The University of Sydney
LP210100175,Linkage Projects,2021,Closed,617990,0.0,Monash University
LP210100177,Linkage Projects,2021,Active,429569,453784.0,Southern Cross University
LP210100181,Linkage Projects,2021,Active,792672,851439.0,La Trobe University
LP210100192,Linkage Projects,2021,Active,389009,411589.0,The University of Newcastle
LP210100204,Linkage Projects,2021,Active,566400,597692.0,The University of Melbourne
LP210100209,Linkage Projects,2021,Active,444000,469992.0,The University of New South Wales
LP210100217,Linkage Projects,2021,Active,358268,379355.0,Queensland University of Technology
LP210100240,Linkage Projects,2021,Active,298811,314364.0,Queensland University of Technology
LP210100244,Linkage Projects,2021,Active,318305,337617.0,The University of Melbourne
LP210100271,Linkage Projects,2021,Active,290831,312364.0,Curtin University
LP210100272,Linkage Projects,2021,Active,282298,298804.0,The University of Sydney
LP210100290,Linkage Projects,2021,Active,285638,302250.0,University of South Australia
LP210100300,Linkage Projects,2021,Active,434116,457657.0,The University of New South Wales
LP210100304,Linkage Projects,2021,Active,777000,860528.0,Australian Catholic University
LP210100337,Linkage Projects,2021,Active,459593,486635.0,Macquarie University
LP210100343,Linkage Projects,2021,Active,478589,511095.0,University of Tasmania
LP210100360,Linkage Projects,2021,Active,151404,160119.0,Adelaide University
LP210100378,Linkage Projects,2021,Active,397922,420932.0,University of Technology Sydney
LP210100379,Linkage Projects,2021,Active,395790,418207.0,The University of Western Australia
LP210100386,Linkage Projects,2021,Active,433540,457789.0,The University of Western Australia
LP210100387,Linkage Projects,2021,Active,159067,168342.0,The University of Sydney
LP210100397,Linkage Projects,2021,Closed,280000,289142.0,The University of Western Australia
LP210100414,Linkage Projects,2021,Active,698782,739956.0,University of Technology Sydney
LP210100415,Linkage Projects,2021,Active,372554,388841.0,Adelaide University
LP210100426,Linkage Projects,2021,Active,417229,440873.0,The University of New South Wales
LP210100430,Linkage Projects,2021,Active,897337,948935.0,Flinders University
LP210100435,Linkage Projects,2021,Closed,597373,0.0,The University of Sydney
LP210100436,Linkage Projects,2021,Active,520000,564437.0,The University of Newcastle
LP210100437,Linkage Projects,2021,Active,431567,456677.0,The University of Newcastle
LP210100447,Linkage Projects,2021,Active,460485,482051.0,The University of New South Wales
LP210100450,Linkage Projects,2021,Active,770622,840225.0,Flinders University
LP210100451,Linkage Projects,2021,Active,957679,1040653.0,The University of Western Australia
LP210100458,Linkage Projects,2021,Active,790268,835821.0,The University of Western Australia
LP210100467,Linkage Projects,2021,Active,470000,496937.0,RMIT University
LP210200125,Linkage Projects,2022,Active,412919,446209.0,The University of New South Wales
LP210200140,Linkage Projects,2022,Active,530029,572690.0,The University of Western Australia
LP210200165,Linkage Projects,2022,Active,624955,684837.0,Flinders University
LP210200168,Linkage Projects,2022,Active,312684,337608.0,Griffith University
LP210200213,Linkage Projects,2022,Active,540000,582536.0,Monash University
LP210200216,Linkage Projects,2022,Active,307093,330806.0,The University of Melbourne
LP210200225,Linkage Projects,2022,Active,396654,429049.0,The University of Queensland
LP210200285,Linkage Projects,2022,Active,210000,226542.0,The University of New South Wales
LP210200345,Linkage Projects,2022,Active,686081,759486.0,RMIT University
LP210200348,Linkage Projects,2022,Active,367546,396838.0,The University of Queensland
LP210200372,Linkage Projects,2022,Closed,267070,279772.0,The Australian National University
LP210200431,Linkage Projects,2022,Active,408531,439709.0,Queensland University of Technology
LP210200473,Linkage Projects,2022,Active,481767,509510.0,Monash University
LP210200490,Linkage Projects,2022,Active,580221,623648.0,Queensland University of Technology
LP210200495,Linkage Projects,2022,Active,486640,525507.0,The University of New South Wales
LP210200504,Linkage Projects,2022,Active,548000,591611.0,RMIT University
LP210200524,Linkage Projects,2022,Active,327239,353207.0,The University of New South Wales
LP210200530,Linkage Projects,2022,Active,364000,401229.0,Western Sydney University
LP210200536,Linkage Projects,2022,Active,466852,502917.0,Flinders University
LP210200539,Linkage Projects,2022,Active,719068,792159.0,University of Tasmania
LP210200550,Linkage Projects,2022,Active,323388,347097.0,Griffith University
LP210200586,Linkage Projects,2022,Active,496349,512033.0,The University of Queensland
LP210200594,Linkage Projects,2022,Active,885000,954712.0,The University of Sydney
LP210200606,Linkage Projects,2022,Closed,530543,570333.0,Southern Cross University
LP210200613,Linkage Projects,2022,Active,707971,780652.0,The University of Western Australia
LP210200616,Linkage Projects,2022,Active,449714,486123.0,Monash University
LP210200622,Linkage Projects,2022,Active,220604,238569.0,Western Sydney University
LP210200636,Linkage Projects,2022,Active,488684,526942.0,The University of Queensland
LP210200642,Linkage Projects,2022,Active,584875,630941.0,University of Technology Sydney
LP210200654,Linkage Projects,2022,Active,220318,235653.0,The Australian National University
LP210200656,Linkage Projects,2022,Active,360836,387442.0,Monash University
LP210200671,Linkage Projects,2022,Active,301000,324611.0,The University of New South Wales
LP210200689,Linkage Projects,2022,Active,441371,470881.0,The University of New South Wales
LP210200697,Linkage Projects,2022,Active,762333,822952.0,The Australian National University
LP210200703,Linkage Projects,2022,Active,383434,412494.0,The University of Queensland
LP210200704,Linkage Projects,2022,Active,260820,280890.0,Griffith University
LP210200706,Linkage Projects,2022,Active,493855,531150.0,La Trobe University
LP210200707,Linkage Projects,2022,Active,782714,843945.0,Deakin University
LP210200708,Linkage Projects,2022,Active,348344,375659.0,Griffith University
LP210200723,Linkage Projects,2022,Active,1062378,1207189.0,The University of Queensland
LP210200733,Linkage Projects,2022,Active,397662,415612.0,The University of Queensland
LP210200740,Linkage Projects,2022,Active,145132,151847.0,Flinders University
LP210200765,Linkage Projects,2022,Active,372893,403143.0,Monash University
LP210200774,Linkage Projects,2022,Active,485000,523955.0,The University of Melbourne
LP210200793,Linkage Projects,2022,Active,797827,855305.0,Queensland University of Technology
LP210200796,Linkage Projects,2022,Active,254046,269892.0,Macquarie University
LP210200798,Linkage Projects,2022,Active,325377,347205.0,The University of Melbourne
LP210200818,Linkage Projects,2022,Active,496042,534504.0,The Australian National University
LP210200822,Linkage Projects,2022,Active,405000,437911.0,Adelaide University
LP210200826,Linkage Projects,2022,Active,345388,372638.0,The University of New South Wales
LP210200831,Linkage Projects,2022,Active,180000,194179.0,The University of New South Wales
LP210200837,Linkage Projects,2022,Active,327000,352791.0,The University of Melbourne
LP210200844,Linkage Projects,2022,Active,218278,233107.0,Monash University
LP210200868,Linkage Projects,2022,Active,499000,539599.0,The University of New South Wales
LP210200876,Linkage Projects,2022,Active,661000,714205.0,Macquarie University
LP210200883,Linkage Projects,2022,Active,437060,470584.0,The University of New South Wales
LP210200888,Linkage Projects,2022,Active,611858,660450.0,Curtin University
LP210200889,Linkage Projects,2022,Active,466656,503320.0,The University of New South Wales
LP210200903,Linkage Projects,2022,Active,785000,848720.0,Monash University
LP210200907,Linkage Projects,2022,Active,710423,785831.0,Curtin University
LP210200908,Linkage Projects,2022,Active,857800,925426.0,Monash University
LP210200917,Linkage Projects,2022,Active,343325,369582.0,The University of Melbourne
LP210200918,Linkage Projects,2022,Active,224264,241313.0,Queensland University of Technology
LP210200927,Linkage Projects,2022,Active,525240,564933.0,The University of Melbourne
LP210200931,Linkage Projects,2022,Active,490000,541253.0,The Australian National University
LP210200937,Linkage Projects,2022,Active,435588,469900.0,Queensland University of Technology
LP210200938,Linkage Projects,2022,Active,475185,528169.0,Queensland University of Technology
LP210200955,Linkage Projects,2022,Active,381889,418426.0,The University of Western Australia
LP210300004,Linkage Projects,2022,Active,408128,452102.0,University of Technology Sydney
LP210300009,Linkage Projects,2022,Active,570943,631762.0,University of Wollongong
LP210300068,Linkage Projects,2022,Active,435984,483533.0,Curtin University
LP210300105,Linkage Projects,2022,Active,595161,661026.0,The University of Queensland
LP210300151,Linkage Projects,2022,Active,935882,1056063.0,Charles Darwin University
LP210300230,Linkage Projects,2022,Active,345000,379820.0,RMIT University
LP210300465,Linkage Projects,2022,Active,352058,390489.0,Monash University
LP210300506,Linkage Projects,2022,Active,1231305,1389379.0,The Australian National University
LP210300558,Linkage Projects,2022,Active,917285,1040333.0,The University of Sydney
LP210300584,Linkage Projects,2022,Active,875432,990525.0,The University of Queensland
LP210300631,Linkage Projects,2022,Active,359090,397265.0,Western Sydney University
LP210300666,Linkage Projects,2022,Active,115586,124516.0,The University of Melbourne
LP210300691,Linkage Projects,2022,Active,770288,864740.0,The University of Western Australia
LP210300698,Linkage Projects,2022,Active,303161,335110.0,The University of Western Australia
LP210300715,Linkage Projects,2022,Active,511205,565905.0,Adelaide University
LP210300791,Linkage Projects,2022,Active,554188,612990.0,Monash University
LP210300839,Linkage Projects,2022,Active,362367,403834.0,Queensland University of Technology
LP210300851,Linkage Projects,2022,Active,455348,509652.0,James Cook University
LP210300960,Linkage Projects,2022,Active,798869,904034.0,The University of Western Australia
LP210300999,Linkage Projects,2022,Active,519346,576636.0,The University of Sydney
LP210301006,Linkage Projects,2022,Active,337631,374016.0,The University of Melbourne
LP210301046,Linkage Projects,2022,Active,313212,346542.0,University of Technology Sydney
LP210301049,Linkage Projects,2022,Active,386379,428115.0,The University of New South Wales
LP210301054,Linkage Projects,2022,Active,240000,268297.0,University of Wollongong
LP210301062,Linkage Projects,2022,Active,493180,548532.0,Adelaide University
LP210301066,Linkage Projects,2022,Active,595000,656785.0,The University of Queensland
LP210301068,Linkage Projects,2022,Active,473854,525483.0,The University of Newcastle
LP210301072,Linkage Projects,2022,Closed,1009570,0.0,University of Southern Queensland
LP210301088,Linkage Projects,2022,Active,344918,30143.0,Queensland University of Technology
LP210301109,Linkage Projects,2022,Active,282339,312978.0,The University of Newcastle
LP210301148,Linkage Projects,2022,Active,204900,220624.0,University of Tasmania
LP210301166,Linkage Projects,2022,Active,190691,210245.0,Australian Catholic University
LP210301171,Linkage Projects,2022,Active,544236,592064.0,Macquarie University
LP210301176,Linkage Projects,2022,Active,419378,467908.0,Griffith University
LP210301206,Linkage Projects,2022,Active,239375,270985.0,The University of Queensland
LP210301239,Linkage Projects,2022,Active,537675,595167.0,Monash University
LP210301248,Linkage Projects,2022,Active,455649,504137.0,The University of Queensland
LP210301250,Linkage Projects,2022,Active,610209,671040.0,James Cook University
LP210301259,Linkage Projects,2022,Active,351667,389046.0,Macquarie University
LP210301261,Linkage Projects,2022,Active,442371,490918.0,The University of Queensland
LP210301265,Linkage Projects,2022,Active,488277,540079.0,The University of Sydney
LP210301290,Linkage Projects,2022,Active,289448,320389.0,The Australian National University
LP210301308,Linkage Projects,2022,Active,798379,883903.0,The University of New South Wales
LP210301314,Linkage Projects,2022,Active,379034,425704.0,Monash University
LP210301317,Linkage Projects,2022,Active,761904,840508.0,The University of Queensland
LP210301321,Linkage Projects,2022,Active,369000,408682.0,Monash University
LP210301323,Linkage Projects,2022,Closed,448440,0.0,Central Queensland University
LP210301332,Linkage Projects,2022,Active,405591,448551.0,Monash University
LP210301337,Linkage Projects,2022,Active,408906,452566.0,Adelaide University
LP210301338,Linkage Projects,2022,Active,461041,522484.0,Griffith University
LP210301351,Linkage Projects,2022,Active,878964,992893.0,The University of Queensland
LP210301365,Linkage Projects,2022,Active,626114,714386.0,Griffith University
LP210301373,Linkage Projects,2022,Active,368000,405400.0,Adelaide University
LP210301380,Linkage Projects,2022,Active,163988,181162.0,Adelaide University
LP210301389,Linkage Projects,2022,Active,189450,209801.0,RMIT University
LP210301390,Linkage Projects,2022,Active,700411,802150.0,The University of Notre Dame Australia
LP210301393,Linkage Projects,2022,Active,241960,268471.0,Swinburne University of Technology
LP210301397,Linkage Projects,2022,Active,735120,812636.0,Adelaide University
LP210301410,Linkage Projects,2022,Active,386356,434606.0,University of Wollongong
LP210301416,Linkage Projects,2022,Active,423000,468013.0,The Australian National University
LP210301424,Linkage Projects,2022,Active,245000,262775.0,Queensland University of Technology
LP220100003,Linkage Projects,2023,Active,552033,610310.0,The Australian National University
LP220100006,Linkage Projects,2023,Active,319981,356469.0,The Australian National University
LP220100016,Linkage Projects,2023,Active,475587,524735.0,Monash University
LP220100022,Linkage Projects,2023,Active,506554,563698.0,Adelaide University
LP220100025,Linkage Projects,2023,Active,637287,704355.0,Queensland University of Technology
LP220100028,Linkage Projects,2023,Active,520000,581145.0,The University of Newcastle
LP220100031,Linkage Projects,2023,Active,664806,724538.0,The University of New South Wales
LP220100036,Linkage Projects,2023,Active,413991,457450.0,The University of Queensland
LP220100053,Linkage Projects,2023,Active,316699,345328.0,Deakin University
LP220100056,Linkage Projects,2023,Active,301129,332478.0,University of Wollongong
LP220100058,Linkage Projects,2023,Active,259608,286625.0,The University of Queensland
LP220100061,Linkage Projects,2023,Active,559018,618645.0,The University of New South Wales
LP220100066,Linkage Projects,2023,Active,321661,354998.0,RMIT University
LP220100073,Linkage Projects,2023,Active,716260,804402.0,Southern Cross University
LP220100076,Linkage Projects,2023,Active,624710,702563.0,The University of Melbourne
LP220100084,Linkage Projects,2023,Active,586728,647966.0,University of Southern Queensland
LP220100088,Linkage Projects,2023,Active,567141,627102.0,RMIT University
LP220100090,Linkage Projects,2023,Active,387680,428257.0,The University of Queensland
LP220100091,Linkage Projects,2023,Active,467165,516950.0,The University of Sydney
LP220100099,Linkage Projects,2023,Active,510000,563075.0,Swinburne University of Technology
LP220100118,Linkage Projects,2023,Active,540519,597335.0,The University of New England
LP220100121,Linkage Projects,2023,Active,347427,384300.0,University of Canberra
LP220100125,Linkage Projects,2023,Active,382118,420953.0,Queensland University of Technology
LP220100130,Linkage Projects,2023,Active,458348,509941.0,University of Tasmania
LP220100131,Linkage Projects,2023,Active,362000,394449.0,Western Sydney University
LP220100143,Linkage Projects,2023,Active,808791,901617.0,Flinders University
LP220100153,Linkage Projects,2023,Active,308586,331843.0,The Australian National University
LP220100162,Linkage Projects,2023,Closed,636676,0.0,The University of Sydney
LP220100164,Linkage Projects,2023,Active,621543,686933.0,Macquarie University
LP220100165,Linkage Projects,2023,Active,454101,503728.0,The University of Queensland
LP220100185,Linkage Projects,2023,Active,976008,1094428.0,The University of Western Australia
LP220100186,Linkage Projects,2023,Active,450000,496145.0,The University of New South Wales
LP220100191,Linkage Projects,2023,Active,332862,369286.0,RMIT University
LP220100196,Linkage Projects,2023,Active,838586,938587.0,Monash University
LP220100197,Linkage Projects,2023,Active,331536,367536.0,Western Sydney University
LP220100200,Linkage Projects,2023,Active,159179,175703.0,The University of Queensland
LP220100202,Linkage Projects,2023,Active,434107,471658.0,University of Technology Sydney
LP220100206,Linkage Projects,2023,Closed,764081,0.0,Queensland University of Technology
LP220100208,Linkage Projects,2023,Active,507970,557582.0,Western Sydney University
LP220100209,Linkage Projects,2023,Active,480315,533136.0,The University of New South Wales
LP220100215,Linkage Projects,2023,Active,404596,453634.0,The Australian National University
LP220100220,Linkage Projects,2023,Declined,196277,,Flinders University
LP220100226,Linkage Projects,2023,Active,126839,137418.0,Queensland University of Technology
LP220100252,Linkage Projects,2023,Active,799084,884976.0,University of Tasmania
LP220100256,Linkage Projects,2023,Active,836369,952722.0,The University of Melbourne
LP220100274,Linkage Projects,2023,Active,206431,221646.0,Charles Sturt University
LP220100278,Linkage Projects,2023,Active,440593,487053.0,University of Southern Queensland
LP220100286,Linkage Projects,2023,Active,354811,399482.0,The University of New South Wales
LP220100291,Linkage Projects,2023,Active,136994,147319.0,The Australian National University
LP220100292,Linkage Projects,2023,Active,711551,795850.0,The University of Sydney
LP220100293,Linkage Projects,2023,Active,532680,587132.0,La Trobe University
LP220100309,Linkage Projects,2023,Active,644398,713146.0,The University of Queensland
LP220100323,Linkage Projects,2023,Active,327962,362698.0,The University of Melbourne
LP220100332,Linkage Projects,2023,Active,391412,426335.0,University of Wollongong
LP220100334,Linkage Projects,2023,Closed,607631,0.0,The University of Newcastle
LP220100336,Linkage Projects,2023,Active,718413,791910.0,The University of Queensland
LP220100351,Linkage Projects,2023,Active,557080,614637.0,Adelaide University
LP220100357,Linkage Projects,2023,Active,701069,771522.0,The University of Queensland
LP220100358,Linkage Projects,2023,Active,540183,590579.0,University of Wollongong
LP220100360,Linkage Projects,2023,Active,184365,198745.0,Macquarie University
LP220100362,Linkage Projects,2023,Active,979778,1096203.0,University of Tasmania
LP220100365,Linkage Projects,2023,Active,747270,824340.0,Monash University
LP220100375,Linkage Projects,2023,Active,615060,692182.0,The University of Newcastle
LP220100384,Linkage Projects,2023,Active,420000,463709.0,The University of Western Australia
LP220100389,Linkage Projects,2023,Active,348406,383321.0,University of Technology Sydney
LP220100390,Linkage Projects,2023,Active,455969,504233.0,University of Technology Sydney
LP220100400,Linkage Projects,2023,Active,467348,512342.0,Monash University
LP220100403,Linkage Projects,2023,Active,898904,992449.0,Adelaide University
LP220100406,Linkage Projects,2023,Active,928845,1039589.0,The University of Sydney
LP220100407,Linkage Projects,2023,Active,545173,602028.0,The University of Melbourne
LP220100410,Linkage Projects,2023,Active,566499,640229.0,The University of Sydney
LP220100417,Linkage Projects,2023,Active,285684,314143.0,The University of Melbourne
LP220100419,Linkage Projects,2023,Active,176592,194970.0,Swinburne University of Technology
LP220100426,Linkage Projects,2023,Active,531568,583182.0,The University of Melbourne
LP220100430,Linkage Projects,2023,Active,506625,558914.0,University of Technology Sydney
LP220100450,Linkage Projects,2023,Active,492895,536865.0,The University of Queensland
LP220100453,Linkage Projects,2023,Active,343209,379595.0,University of Technology Sydney
LP220100456,Linkage Projects,2023,Active,150000,165610.0,The University of New South Wales
LP220100482,Linkage Projects,2023,Active,492651,543740.0,Swinburne University of Technology
LP220100515,Linkage Projects,2023,Active,389674,427490.0,The University of New South Wales
LP220100527,Linkage Projects,2023,Active,419886,463864.0,The University of Sydney
LP220200004,Linkage Projects,2023,Active,807403,911129.0,The University of Western Australia
LP220200115,Linkage Projects,2023,Active,790276,892371.0,The University of Sydney
LP220200159,Linkage Projects,2023,Active,359810,406947.0,RMIT University
LP220200160,Linkage Projects,2023,Active,476460,537537.0,The University of Melbourne
LP220200182,Linkage Projects,2023,Active,411960,465526.0,Monash University
LP220200184,Linkage Projects,2023,Active,741172,833997.0,Charles Darwin University
LP220200211,Linkage Projects,2023,Active,255192,288295.0,The University of Sydney
LP220200287,Linkage Projects,2023,Active,303617,342937.0,Southern Cross University
LP220200329,Linkage Projects,2023,Active,745310,840600.0,The University of Sydney
LP220200350,Linkage Projects,2023,Active,423753,478998.0,The University of New South Wales
LP220200369,Linkage Projects,2023,Active,380833,430523.0,Adelaide University
LP220200396,Linkage Projects,2023,Active,214900,243307.0,The University of Sydney
LP220200548,Linkage Projects,2023,Active,562823,633440.0,Swinburne University of Technology
LP220200559,Linkage Projects,2023,Active,295855,331558.0,Adelaide University
LP220200572,Linkage Projects,2023,Active,489682,549357.0,The University of Queensland
LP220200578,Linkage Projects,2023,Active,362322,411410.0,Macquarie University
LP220200583,Linkage Projects,2023,Active,508018,574901.0,The University of New South Wales
LP220200591,Linkage Projects,2023,Active,689098,768472.0,Monash University
LP220200602,Linkage Projects,2023,Active,502439,567480.0,University of Wollongong
LP220200614,Linkage Projects,2023,Active,839271,950418.0,The University of Melbourne
LP220200649,Linkage Projects,2023,Active,330204,373996.0,RMIT University
LP220200719,Linkage Projects,2023,Active,899582,1016359.0,The University of Melbourne
LP220200721,Linkage Projects,2023,Active,262168,296343.0,The University of New South Wales
LP220200724,Linkage Projects,2023,Active,100000,110698.0,The University of Melbourne
LP220200746,Linkage Projects,2023,Active,352968,398957.0,Victoria University
LP220200780,Linkage Projects,2023,Active,342924,390354.0,The University of New South Wales
LP220200787,Linkage Projects,2023,Active,865682,968009.0,The University of Melbourne
LP220200792,Linkage Projects,2023,Active,752402,848151.0,Adelaide University
LP220200796,Linkage Projects,2023,Active,200000,226003.0,University of Technology Sydney
LP220200808,Linkage Projects,2023,Active,638775,724651.0,University of Technology Sydney
LP220200819,Linkage Projects,2023,Active,395486,446037.0,The University of Queensland
LP220200824,Linkage Projects,2023,Active,429996,485807.0,Griffith University
LP220200834,Linkage Projects,2023,Closed,674004,0.0,Macquarie University
LP220200839,Linkage Projects,2023,Active,506031,572318.0,The University of Newcastle
LP220200856,Linkage Projects,2023,Active,724622,819527.0,Monash University
LP220200866,Linkage Projects,2023,Active,149974,166019.0,The University of Newcastle
LP220200872,Linkage Projects,2023,Active,704970,790887.0,Western Sydney University
LP220200874,Linkage Projects,2023,Active,460697,520623.0,The University of Queensland
LP220200882,Linkage Projects,2023,Active,565671,634869.0,The University of Western Australia
LP220200893,Linkage Projects,2023,Active,713000,807145.0,The University of Sydney
LP220200897,Linkage Projects,2023,Active,566000,640118.0,Macquarie University
LP220200901,Linkage Projects,2023,Active,173220,195703.0,The University of New South Wales
LP220200906,Linkage Projects,2023,Active,431089,485681.0,University of Technology Sydney
LP220200912,Linkage Projects,2023,Active,612689,692883.0,The University of New South Wales
LP220200915,Linkage Projects,2023,Active,475770,534471.0,Deakin University
LP220200920,Linkage Projects,2023,Active,476992,538703.0,Curtin University
LP220200934,Linkage Projects,2023,Active,406838,466002.0,The University of New South Wales
LP220200938,Linkage Projects,2023,Active,507466,573662.0,Griffith University
LP220200939,Linkage Projects,2023,Active,402115,454286.0,The University of Queensland
LP220200944,Linkage Projects,2023,Active,615316,698442.0,Monash University
LP220200949,Linkage Projects,2023,Active,478994,541678.0,The University of Sydney
LP220200950,Linkage Projects,2023,Active,288257,323806.0,The University of New South Wales
LP220200956,Linkage Projects,2023,Active,510000,576195.0,Monash University
LP220200957,Linkage Projects,2023,Active,269309,298267.0,The University of New South Wales
LP220200963,Linkage Projects,2023,Active,407000,460560.0,The University of Queensland
LP220200965,Linkage Projects,2023,Active,723641,816687.0,The University of Sydney
LP220200969,Linkage Projects,2023,Active,471472,533223.0,The University of Queensland
LP230100011,Linkage Projects,2024,Active,723594,785634.0,Macquarie University
LP230100042,Linkage Projects,2024,Active,447176,503660.0,Western Sydney University
LP230100049,Linkage Projects,2024,Active,977026,1054297.0,The University of New South Wales
LP230100071,Linkage Projects,2024,Active,257287,287683.0,The University of Queensland
LP230100083,Linkage Projects,2024,Active,445009,497588.0,University of Wollongong
LP230100108,Linkage Projects,2024,Active,490123,548406.0,The University of Sydney
LP230100121,Linkage Projects,2024,Active,640134,715307.0,RMIT University
LP230100155,Linkage Projects,2024,Active,479527,535813.0,The University of New South Wales
LP230100156,Linkage Projects,2024,Active,443095,495070.0,The University of Newcastle
LP230100160,Linkage Projects,2024,Active,461440,514150.0,The University of Queensland
LP230100166,Linkage Projects,2024,Active,676675,741653.0,The University of Queensland
LP230100171,Linkage Projects,2024,Active,564072,627431.0,Charles Darwin University
LP230100173,Linkage Projects,2024,Active,778209,868985.0,The Australian National University
LP230100176,Linkage Projects,2024,Active,510063,569487.0,Deakin University
LP230100179,Linkage Projects,2024,Active,664129,742879.0,The University of Queensland
LP230100181,Linkage Projects,2024,Active,650239,723983.0,The University of Queensland
LP230100183,Linkage Projects,2024,Active,255000,284754.0,The University of Queensland
LP230100187,Linkage Projects,2024,Active,393243,435415.0,The University of Melbourne
LP230100198,Linkage Projects,2024,Active,396174,441773.0,University of Canberra
LP230100199,Linkage Projects,2024,Active,447852,500357.0,University of Technology Sydney
LP230100209,Linkage Projects,2024,Active,728752,793428.0,Adelaide University
LP230100220,Linkage Projects,2024,Active,341374,374181.0,The University of New South Wales
LP230100225,Linkage Projects,2024,Active,452662,504590.0,Adelaide University
LP230100228,Linkage Projects,2024,Active,328409,364211.0,Griffith University
LP230100229,Linkage Projects,2024,Active,395773,444080.0,Adelaide University
LP230100230,Linkage Projects,2024,Active,359977,399200.0,Flinders University
LP230100235,Linkage Projects,2024,Active,278978,311156.0,University of Technology Sydney
LP230100262,Linkage Projects,2024,Active,685797,764431.0,The University of Sydney
LP230100270,Linkage Projects,2024,Active,475573,531747.0,Macquarie University
LP230100276,Linkage Projects,2024,Active,415000,462719.0,RMIT University
LP230100282,Linkage Projects,2024,Active,581045,649206.0,Monash University
LP230100288,Linkage Projects,2024,Active,458910,514068.0,The University of New South Wales
LP230100294,Linkage Projects,2024,Active,394974,441511.0,The University of Sydney
LP230100307,Linkage Projects,2024,Active,465603,518788.0,The University of Western Australia
LP230100313,Linkage Projects,2024,Active,818769,913110.0,The University of Queensland
LP230100317,Linkage Projects,2024,Active,798460,869081.0,University of the Sunshine Coast
LP230100325,Linkage Projects,2024,Active,419204,467883.0,University of Canberra
LP230100345,Linkage Projects,2024,Active,467108,522427.0,Adelaide University
LP230100351,Linkage Projects,2024,Active,676198,754569.0,The University of Western Australia
LP230100359,Linkage Projects,2024,Active,496000,553666.0,The University of Melbourne
LP230100371,Linkage Projects,2024,Active,622891,695573.0,Murdoch University
LP230100379,Linkage Projects,2024,Active,349108,389905.0,The University of New South Wales
LP230100385,Linkage Projects,2024,Active,996435,1069555.0,Monash University
LP230100393,Linkage Projects,2024,Active,197567,220655.0,The University of Sydney
LP230100396,Linkage Projects,2024,Active,737000,822563.0,University of Technology Sydney
LP230100412,Linkage Projects,2024,Active,508098,567493.0,RMIT University
LP230100426,Linkage Projects,2024,Active,745446,832164.0,The University of New South Wales
LP230100436,Linkage Projects,2024,Active,299687,329679.0,The University of Melbourne
LP230100439,Linkage Projects,2024,Active,511625,573313.0,RMIT University
LP230100456,Linkage Projects,2024,Active,371499,414912.0,University of Technology Sydney
LP230200003,Linkage Projects,2024,Active,539705,595557.0,Australian Catholic University
LP230200030,Linkage Projects,2024,Active,334351,368970.0,University of Technology Sydney
LP230200109,Linkage Projects,2024,Active,256946,282084.0,Curtin University
LP230200283,Linkage Projects,2024,Active,504292,551520.0,The University of New South Wales
LP230200469,Linkage Projects,2024,Active,588658,649547.0,The University of Queensland
LP230200510,Linkage Projects,2024,Active,794152,865659.0,Monash University
LP230200526,Linkage Projects,2024,Active,330572,367480.0,Griffith University
LP230200579,Linkage Projects,2024,Active,418950,462179.0,Adelaide University
LP230200617,Linkage Projects,2024,Active,552723,609898.0,The University of Melbourne
LP230200649,Linkage Projects,2024,Active,546774,603388.0,Monash University
LP230200688,Linkage Projects,2024,Active,597717,652838.0,Monash University
LP230200690,Linkage Projects,2024,Active,699000,771673.0,The University of Queensland
LP230200693,Linkage Projects,2024,Active,580000,639863.0,University of Tasmania
LP230200701,Linkage Projects,2024,Active,1485643,1578132.0,The University of Western Australia
LP230200709,Linkage Projects,2024,Active,578317,639867.0,Charles Darwin University
LP230200712,Linkage Projects,2024,Active,495000,545821.0,The University of Sydney
LP230200736,Linkage Projects,2024,Active,342344,360132.0,Griffith University
LP230200751,Linkage Projects,2024,Active,438000,486171.0,La Trobe University
LP230200761,Linkage Projects,2024,Active,882859,966555.0,The University of Sydney
LP230200765,Linkage Projects,2024,Active,893080,985411.0,The University of Queensland
LP230200771,Linkage Projects,2024,Active,188475,0.0,University of Tasmania
LP230200778,Linkage Projects,2024,Active,877851,968693.0,Griffith University
LP230200783,Linkage Projects,2024,Active,150000,165516.0,Flinders University
LP230200785,Linkage Projects,2024,Active,746358,824378.0,RMIT University
LP230200802,Linkage Projects,2024,Active,469722,518943.0,Deakin University
LP230200806,Linkage Projects,2024,Active,392910,433747.0,Queensland University of Technology
LP230200820,Linkage Projects,2024,Active,739456,819304.0,The University of Queensland
LP230200821,Linkage Projects,2024,Active,320562,353987.0,Adelaide University
LP230200824,Linkage Projects,2024,Active,222000,244964.0,University of Technology Sydney
LP230200835,Linkage Projects,2024,Active,293625,324297.0,The University of Queensland
LP230200846,Linkage Projects,2024,Active,540500,599657.0,Adelaide University
LP230200847,Linkage Projects,2024,Active,1479777,1571562.0,Australian Catholic University
LP230200851,Linkage Projects,2024,Active,481098,530550.0,The University of New South Wales
LP230200862,Linkage Projects,2024,Active,336621,371314.0,The University of Melbourne
LP230200867,Linkage Projects,2024,Active,685957,757723.0,The University of Western Australia
LP230200886,Linkage Projects,2024,Active,414900,461604.0,The University of Sydney
LP230200892,Linkage Projects,2024,Active,585724,646346.0,The University of Queensland
LP230200894,Linkage Projects,2024,Active,203877,224582.0,The University of Sydney
LP230200897,Linkage Projects,2024,Active,848038,935833.0,RMIT University
LP230200901,Linkage Projects,2024,Active,869991,959924.0,The University of Queensland
LP230200910,Linkage Projects,2024,Active,707425,782502.0,The University of Western Australia
LP230200917,Linkage Projects,2024,Active,818170,881166.0,Queensland University of Technology
LP230200929,Linkage Projects,2024,Active,220473,244478.0,The University of New South Wales
LP230200954,Linkage Projects,2024,Active,251688,279126.0,The University of Sydney
LP230200956,Linkage Projects,2024,Active,739958,791964.0,University of Tasmania
LP230200957,Linkage Projects,2024,Active,951000,1024490.0,The Australian National University
LP230200960,Linkage Projects,2024,Active,669272,722082.0,The University of Queensland
LP230200961,Linkage Projects,2024,Active,105665,118136.0,Curtin University
LP230200963,Linkage Projects,2024,Active,469778,518420.0,Adelaide University
LP230200972,Linkage Projects,2024,Active,837650,924308.0,The University of Sydney
LP230200977,Linkage Projects,2024,Active,900000,993099.0,The University of Sydney
LP230200987,Linkage Projects,2024,Active,542152,598164.0,Victoria University
LP230200991,Linkage Projects,2024,Active,751326,829046.0,The University of Melbourne
LP230200994,Linkage Projects,2024,Active,379503,420786.0,Queensland University of Technology
LP230200997,Linkage Projects,2024,Active,839075,925292.0,The University of Sydney
LP230200999,Linkage Projects,2024,Active,480000,529603.0,The University of Queensland
LP230201021,Linkage Projects,2024,Active,889318,981298.0,La Trobe University
LP230201022,Linkage Projects,2024,Active,683591,755122.0,Macquarie University
LP230201028,Linkage Projects,2024,Active,832478,918488.0,The University of Western Australia
LP230201046,Linkage Projects,2024,Active,565193,623452.0,University of Wollongong
LP230201048,Linkage Projects,2024,Active,394520,438719.0,The University of Newcastle
LP230201054,Linkage Projects,2024,Active,1464484,1555076.0,The University of New South Wales
LP230201055,Linkage Projects,2024,Active,531777,563513.0,Adelaide University
LP230201058,Linkage Projects,2024,Active,715684,790305.0,The University of Queensland
LP230201062,Linkage Projects,2024,Active,536343,600686.0,The University of Melbourne
LP230201076,Linkage Projects,2024,Active,861170,929340.0,The University of New South Wales
LP230201082,Linkage Projects,2024,Active,382963,422595.0,Queensland University of Technology
LP230201087,Linkage Projects,2024,Active,545834,602164.0,Queensland University of Technology
LP230201092,Linkage Projects,2024,Active,322949,356293.0,The University of Sydney
LP230201118,Linkage Projects,2024,Active,180540,199216.0,Queensland University of Technology
LP230201126,Linkage Projects,2024,Active,588750,634694.0,Queensland University of Technology
LP230201137,Linkage Projects,2024,Active,1239453,1315392.0,Australian Catholic University
LP240100007,Linkage Projects,2025,Active,513010,531199.0,RMIT University
LP240100018,Linkage Projects,2025,Active,305135,317726.0,Macquarie University
LP240100028,Linkage Projects,2025,Active,564920,585143.0,University of Technology Sydney
LP240100060,Linkage Projects,2025,Active,501950,519906.0,The University of Queensland
LP240100066,Linkage Projects,2025,Active,419547,435278.0,Griffith University
LP240100073,Linkage Projects,2025,Active,630696,652959.0,Flinders University
LP240100097,Linkage Projects,2025,Active,621000,643258.0,The University of Melbourne
LP240100101,Linkage Projects,2025,Active,150000,155349.0,The University of Melbourne
LP240100108,Linkage Projects,2025,Active,610000,631477.0,Curtin University
LP240100123,Linkage Projects,2025,Active,387261,401382.0,The University of New South Wales
LP240100130,Linkage Projects,2025,Active,974734,1000950.0,Griffith University
LP240100141,Linkage Projects,2025,Active,561291,579969.0,La Trobe University
LP240100177,Linkage Projects,2025,Active,1190040,1221847.0,The University of Melbourne
LP240100189,Linkage Projects,2025,Active,377980,391261.0,Monash University
LP240100198,Linkage Projects,2025,Active,913158,938223.0,Griffith University
LP240100200,Linkage Projects,2025,Active,281849,292567.0,Queensland University of Technology
LP240100202,Linkage Projects,2025,Active,476190,492819.0,Queensland University of Technology
LP240100204,Linkage Projects,2025,Active,418057,434098.0,Monash University
LP240100224,Linkage Projects,2025,Active,557209,577010.0,University of the Sunshine Coast
LP240100228,Linkage Projects,2025,Active,777528,805187.0,La Trobe University
LP240100242,Linkage Projects,2025,Active,647068,671453.0,Flinders University
LP240100243,Linkage Projects,2025,Active,893484,925347.0,The University of Queensland
LP240100251,Linkage Projects,2025,Active,464017,480976.0,RMIT University
LP240100279,Linkage Projects,2025,Active,482207,499221.0,RMIT University
LP240100286,Linkage Projects,2025,Active,1005058,1027053.0,Australian Catholic University
LP240100299,Linkage Projects,2025,Active,348676,359730.0,The University of Sydney
LP240100311,Linkage Projects,2025,Active,237899,247028.0,The University of Sydney
LP240100314,Linkage Projects,2025,Active,432405,447448.0,La Trobe University
LP240100315,Linkage Projects,2025,Active,429000,444094.0,Deakin University
LP240100339,Linkage Projects,2025,Active,209414,216916.0,The University of Sydney
LP240100343,Linkage Projects,2025,Active,788130,815797.0,The University of Queensland
LP240100345,Linkage Projects,2025,Active,297000,307591.0,Murdoch University
LP240100348,Linkage Projects,2025,Active,511554,526426.0,The Australian National University
LP240100378,Linkage Projects,2025,Active,428179,443177.0,The University of Sydney
LP240100383,Linkage Projects,2025,Active,399304,413593.0,The University of New South Wales
LP240100386,Linkage Projects,2025,Active,249999,258914.0,The University of New South Wales
LP240100388,Linkage Projects,2025,Active,223020,232032.0,Griffith University
LP240100404,Linkage Projects,2025,Active,422508,437281.0,The University of Melbourne
LP240100406,Linkage Projects,2025,Active,590550,611294.0,Queensland University of Technology
LP240100413,Linkage Projects,2025,Active,675816,700691.0,Adelaide University
LP240100414,Linkage Projects,2025,Active,356390,368970.0,University of Technology Sydney
LP240100417,Linkage Projects,2025,Active,380000,393457.0,RMIT University
LP240100432,Linkage Projects,2025,Active,557886,577908.0,The University of Melbourne
LP240100433,Linkage Projects,2025,Active,567156,584818.0,Western Sydney University
LP240100448,Linkage Projects,2025,Active,661814,677319.0,Western Sydney University
LP240100451,Linkage Projects,2025,Active,787764,815122.0,The University of Sydney
LP240100463,Linkage Projects,2025,Active,895187,927067.0,The University of Western Australia
LP240100489,Linkage Projects,2025,Active,436000,451279.0,Swinburne University of Technology
LP240100504,Linkage Projects,2025,Active,482210,499224.0,RMIT University
LP240100506,Linkage Projects,2025,Active,670753,695252.0,Monash University
LP240100507,Linkage Projects,2025,Active,835000,859071.0,The University of Western Australia
LP240100511,Linkage Projects,2025,Active,709000,734890.0,The University of Queensland
LP240100523,Linkage Projects,2025,Active,450332,465892.0,University of Wollongong
LP240100541,Linkage Projects,2025,Active,509991,0.0,Macquarie University
LP240100542,Linkage Projects,2025,Active,422220,437073.0,The University of New South Wales
LP240100544,Linkage Projects,2025,Active,261631,271578.0,Queensland University of Technology
LP240200193,Linkage Projects,2025,Active,524359,540508.0,The University of New South Wales
LP240200336,Linkage Projects,2025,Active,657402,675411.0,Western Sydney University
LP240200347,Linkage Projects,2025,Active,431718,443911.0,Griffith University
LP240200546,Linkage Projects,2025,Active,560455,576207.0,The University of Queensland
LP240200584,Linkage Projects,2025,Active,522000,536740.0,University of Technology Sydney
LP240200586,Linkage Projects,2025,Active,373000,383029.0,The University of Sydney
LP240200598,Linkage Projects,2025,Active,498747,513092.0,University of Technology Sydney
LP240200599,Linkage Projects,2025,Active,359160,369746.0,Curtin University
LP240200600,Linkage Projects,2025,Active,871502,896650.0,Griffith University
LP240200603,Linkage Projects,2025,Active,562658,578640.0,RMIT University
LP240200606,Linkage Projects,2025,Active,670000,688698.0,The University of New South Wales
LP240200611,Linkage Projects,2025,Active,554000,569699.0,The University of New South Wales
LP240200616,Linkage Projects,2025,Active,561251,577235.0,Southern Cross University
LP240200617,Linkage Projects,2025,Active,432040,443649.0,The University of Sydney
LP240200620,Linkage Projects,2025,Active,488000,501788.0,The University of New South Wales
LP240200622,Linkage Projects,2025,Active,376272,386065.0,University of Wollongong
LP240200630,Linkage Projects,2025,Active,863621,889033.0,The University of Melbourne
LP240200633,Linkage Projects,2025,Active,494978,509219.0,The University of New South Wales
LP240200636,Linkage Projects,2025,Active,643052,661249.0,Adelaide University
LP240200638,Linkage Projects,2025,Active,582571,599233.0,RMIT University
LP240200639,Linkage Projects,2025,Active,645723,662031.0,The University of New South Wales
LP240200642,Linkage Projects,2025,Active,1197682,1223536.0,Monash University
LP240200644,Linkage Projects,2025,Active,709404,725619.0,La Trobe University
LP240200647,Linkage Projects,2025,Active,536380,551105.0,Adelaide University
LP240200648,Linkage Projects,2025,Active,551982,567435.0,University of Southern Queensland
LP240200651,Linkage Projects,2025,Active,398464,415694.0,RMIT University
LP240200653,Linkage Projects,2025,Active,718476,733085.0,The University of Newcastle
LP240200656,Linkage Projects,2025,Active,880522,905425.0,The University of Melbourne
LP240200657,Linkage Projects,2025,Active,1216951,1235692.0,Monash University
LP240200658,Linkage Projects,2025,Active,776462,801812.0,The University of Melbourne
LP240200662,Linkage Projects,2025,Active,837483,861665.0,Adelaide University
LP240200665,Linkage Projects,2025,Active,871195,885006.0,The University of Queensland
LP240200677,Linkage Projects,2025,Active,682594,700908.0,Swinburne University of Technology
LP240200678,Linkage Projects,2025,Active,304816,313271.0,Griffith University
LP240200679,Linkage Projects,2025,Active,1224499,1247790.0,The Australian National University
LP240200692,Linkage Projects,2025,Active,286052,294399.0,The University of New South Wales
LP240200695,Linkage Projects,2025,Active,898788,924713.0,Queensland University of Technology
LP240200698,Linkage Projects,2025,Active,608024,625301.0,University of Technology Sydney
LP240200700,Linkage Projects,2025,Active,741267,762527.0,University of Technology Sydney
LP240200706,Linkage Projects,2025,Active,513617,530214.0,Flinders University
LP240200715,Linkage Projects,2025,Active,475702,488803.0,The University of Sydney
LP240200721,Linkage Projects,2025,Active,742525,765876.0,The University of Sydney
LP240200731,Linkage Projects,2025,Active,381784,392850.0,The University of Melbourne
LP240200738,Linkage Projects,2025,Active,857062,874023.0,RMIT University
LP240200744,Linkage Projects,2025,Active,474531,487826.0,Swinburne University of Technology
LP240200752,Linkage Projects,2025,Active,527981,544389.0,University of Technology Sydney
LP240200755,Linkage Projects,2025,Active,300420,306724.0,Adelaide University
LP240200758,Linkage Projects,2025,Active,715000,737236.0,University of Wollongong
LP240200762,Linkage Projects,2025,Active,359407,369359.0,The University of Sydney
LP240200767,Linkage Projects,2025,Active,584833,601029.0,Adelaide University
LP240200771,Linkage Projects,2025,Active,593192,608030.0,The University of Melbourne
LP240200793,Linkage Projects,2025,Active,449882,460897.0,Swinburne University of Technology
LP240200796,Linkage Projects,2025,Active,978752,999566.0,Flinders University
LP240200825,Linkage Projects,2025,Active,1129501,1153288.0,The University of Queensland
LP240200829,Linkage Projects,2025,Active,788626,809673.0,The Australian National University
LP240200838,Linkage Projects,2025,Active,717366,737594.0,The University of Sydney
LP240200846,Linkage Projects,2025,Active,318029,329741.0,The University of Queensland
LP240200866,Linkage Projects,2025,Active,419650,433414.0,University of the Sunshine Coast
LP240200877,Linkage Projects,2025,Active,903456,921508.0,Adelaide University
LP240200892,Linkage Projects,2025,Active,196779,202823.0,The University of Sydney
LP240200905,Linkage Projects,2025,Active,525801,540959.0,Griffith University
LP240200909,Linkage Projects,2025,Active,1188356,1214220.0,The University of Queensland
LP240200928,Linkage Projects,2025,Active,232174,236808.0,The University of Melbourne
LP240200929,Linkage Projects,2025,Active,505858,521440.0,The Australian National University
LP240200936,Linkage Projects,2025,Active,645168,667935.0,The University of Queensland
LP240200939,Linkage Projects,2025,Active,870886,895928.0,The University of Melbourne
LP240200940,Linkage Projects,2025,Active,834926,847766.0,Western Sydney University
LP240200944,Linkage Projects,2025,Active,555000,567643.0,Adelaide University
LP240200954,Linkage Projects,2025,Active,653379,671675.0,The University of New South Wales
LP240200979,Linkage Projects,2025,Active,555775,571771.0,Monash University
LP240200996,Linkage Projects,2025,Active,556235,572048.0,The University of Newcastle
LP240201020,Linkage Projects,2025,Active,692000,711957.0,The University of Sydney
LP240201026,Linkage Projects,2025,Active,306134,315022.0,The University of New South Wales
LP240201031,Linkage Projects,2025,Active,402228,413454.0,Queensland University of Technology
LP240201033,Linkage Projects,2025,Active,563000,580524.0,RMIT University
LP250100004,Linkage Projects,2026,Active,715575,721230.0,The University of Melbourne
LP250100005,Linkage Projects,2026,Active,564782,568972.0,The University of New South Wales
LP250100007,Linkage Projects,2026,Active,180000,182075.0,The University of Sydney
LP250100009,Linkage Projects,2026,Active,393016,396181.0,The University of New South Wales
LP250100011,Linkage Projects,2026,Not yet accepted,432240,432240.0,La Trobe University
LP250100017,Linkage Projects,2026,Active,357386,360497.0,Queensland University of Technology
LP250100022,Linkage Projects,2026,Active,537437,541446.0,Monash University
LP250100048,Linkage Projects,2026,Active,485955,488191.0,Adelaide University
LP250100067,Linkage Projects,2026,Active,392348,395423.0,Victoria University
LP250100069,Linkage Projects,2026,Not yet accepted,284595,284595.0,The University of Melbourne
LP250100073,Linkage Projects,2026,Active,202983,204570.0,Southern Cross University
LP250100075,Linkage Projects,2026,Active,300051,301662.0,The Australian National University
LP250100078,Linkage Projects,2026,Active,195705,197200.0,The University of Melbourne
LP250100089,Linkage Projects,2026,Active,441446,444855.0,Macquarie University
LP250100103,Linkage Projects,2026,Active,289519,290719.0,University of Wollongong
LP250100124,Linkage Projects,2026,Active,308136,310512.0,Griffith University
LP250100132,Linkage Projects,2026,Active,426727,430729.0,RMIT University
LP250100136,Linkage Projects,2026,Active,642045,645151.0,Flinders University
LP250100139,Linkage Projects,2026,Active,396250,399459.0,The University of Queensland
LP250100192,Linkage Projects,2026,Active,685734,690782.0,The University of Sydney
LP250100197,Linkage Projects,2026,Active,1101057,1105934.0,The University of Queensland
LP250100222,Linkage Projects,2026,Active,579700,584330.0,Southern Cross University
LP250100237,Linkage Projects,2026,Active,422716,425994.0,The University of Melbourne
LP250100246,Linkage Projects,2026,Active,655070,659680.0,The University of New South Wales
LP250100270,Linkage Projects,2026,Active,583126,587684.0,The University of Queensland
LP250100277,Linkage Projects,2026,Active,590000,594488.0,The University of Sydney
LP250100293,Linkage Projects,2026,Active,505594,510096.0,The University of Melbourne
LP250100307,Linkage Projects,2026,Active,448811,452404.0,The University of Melbourne
LP250100313,Linkage Projects,2026,Active,1058657,1062589.0,Griffith University
LP250100322,Linkage Projects,2026,Active,556491,562034.0,The University of New South Wales
LP250100327,Linkage Projects,2026,Active,526826,530818.0,The University of New South Wales
LP250100335,Linkage Projects,2026,Active,630206,634418.0,The University of Queensland
LP250100337,Linkage Projects,2026,Active,239160,241346.0,The University of Sydney
LP250100343,Linkage Projects,2026,Active,239981,241695.0,Edith Cowan University
LP250100347,Linkage Projects,2026,Active,388508,391597.0,University of Tasmania
LP250100350,Linkage Projects,2026,Active,623355,627948.0,Adelaide University
LP250100351,Linkage Projects,2026,Active,512458,516446.0,Deakin University
LP250100362,Linkage Projects,2026,Active,477835,481409.0,Adelaide University
LP250100365,Linkage Projects,2026,Active,461209,465596.0,The University of Newcastle
LP250100370,Linkage Projects,2026,Active,204080,205616.0,The Australian National University
LP250100373,Linkage Projects,2026,Active,322690,325516.0,Adelaide University
LP250100374,Linkage Projects,2026,Active,599143,603560.0,The University of Queensland
LP250100397,Linkage Projects,2026,Active,354170,358107.0,Curtin University
LP250100400,Linkage Projects,2026,Active,993300,999552.0,The University of Western Australia
LP250100403,Linkage Projects,2026,Active,261722,264362.0,Monash University
LP250100409,Linkage Projects,2026,Active,485737,489487.0,The University of New South Wales
LP250100426,Linkage Projects,2026,Not yet accepted,542574,542574.0,University of Technology Sydney
LP250100437,Linkage Projects,2026,Active,556608,559912.0,Adelaide University
LP250100438,Linkage Projects,2026,Active,326846,329517.0,The University of New South Wales
LP250200001,Linkage Projects,2026,Active,1198703,1205890.0,Flinders University
LP250200026,Linkage Projects,2026,Active,1481443,1488545.0,The University of Melbourne
LP250200033,Linkage Projects,2026,Active,299998,302338.0,The University of New South Wales
LP250200036,Linkage Projects,2026,Active,833354,839861.0,The Australian National University
LP250200050,Linkage Projects,2026,Not yet accepted,582500,582500.0,RMIT University
LP250200122,Linkage Projects,2026,Active,938450,942979.0,University of Tasmania
LP250200153,Linkage Projects,2026,Active,703168,708627.0,University of Technology Sydney
LP250200187,Linkage Projects,2026,Active,499790,504260.0,RMIT University
LP250200195,Linkage Projects,2026,Active,281315,283770.0,The University of Melbourne
LP250200207,Linkage Projects,2026,Active,709335,715011.0,RMIT University
LP250200211,Linkage Projects,2026,Active,542050,546454.0,The University of Sydney
LP250200258,Linkage Projects,2026,Active,400000,403251.0,The University of Queensland
LP250200288,Linkage Projects,2026,Active,860539,867722.0,The University of Sydney
LP250200294,Linkage Projects,2026,Active,520832,524999.0,University of Technology Sydney
LP250200320,Linkage Projects,2026,Active,866343,872272.0,Deakin University
LP250200336,Linkage Projects,2026,Active,758393,763035.0,The University of Melbourne
LP250200349,Linkage Projects,2026,Active,631518,634533.0,Macquarie University
LP250200353,Linkage Projects,2026,Active,583954,588199.0,University of Wollongong
LP250200369,Linkage Projects,2026,Active,563638,568038.0,The University of New South Wales
LP250200377,Linkage Projects,2026,Active,273601,276831.0,University of South Australia
LP250200379,Linkage Projects,2026,Active,330800,333310.0,The University of Melbourne
LP250200423,Linkage Projects,2026,Active,678154,681821.0,RMIT University
LP250200434,Linkage Projects,2026,Active,599115,603775.0,The University of Western Australia
LP250200468,Linkage Projects,2026,Active,623896,628885.0,Queensland University of Technology
LP250200471,Linkage Projects,2026,Active,597380,601924.0,RMIT University
LP250200503,Linkage Projects,2026,Active,399996,401295.0,The University of Adelaide
LP250200507,Linkage Projects,2026,Active,593704,597847.0,Griffith University
LP250200512,Linkage Projects,2026,Active,525972,528368.0,The University of New South Wales
LP250200514,Linkage Projects,2026,Active,396198,400097.0,University of Technology Sydney
LP250200515,Linkage Projects,2026,Active,448422,451820.0,The University of Sydney
LP250200516,Linkage Projects,2026,Active,370390,372751.0,The University of Newcastle
LP250200524,Linkage Projects,2026,Active,676427,681810.0,University of Technology Sydney
LP250200535,Linkage Projects,2026,Active,224979,226779.0,The University of Newcastle
LP250200536,Linkage Projects,2026,Active,394046,397061.0,University of Technology Sydney
LP250200538,Linkage Projects,2026,Active,1068383,1074702.0,Monash University
LP250200539,Linkage Projects,2026,Active,991297,998353.0,The University of Adelaide
LP250200540,Linkage Projects,2026,Active,562927,566183.0,Monash University
LP250200541,Linkage Projects,2026,Active,368520,371300.0,The University of Melbourne
LP250200543,Linkage Projects,2026,Active,599798,604053.0,Griffith University
LP250200546,Linkage Projects,2026,Active,496860,498180.0,Flinders University
LP250200550,Linkage Projects,2026,Active,568955,573042.0,RMIT University
LP250200555,Linkage Projects,2026,Active,690834,696091.0,RMIT University
LP250200556,Linkage Projects,2026,Active,450000,453600.0,Western Sydney University
LP250200562,Linkage Projects,2026,Active,461837,465264.0,Swinburne University of Technology
LP250200565,Linkage Projects,2026,Active,468966,472718.0,The University of Queensland
LP250200566,Linkage Projects,2026,Active,326677,329030.0,Deakin University
LP250200571,Linkage Projects,2026,Active,727527,733316.0,University of Technology Sydney
LP250200572,Linkage Projects,2026,Active,357519,359890.0,The University of Sydney
LP250200576,Linkage Projects,2026,Active,399982,402727.0,The University of Melbourne
LP250200583,Linkage Projects,2026,Active,615737,620301.0,The University of Adelaide
LP250200587,Linkage Projects,2026,Active,1500000,1507200.0,The University of Melbourne
LP250200593,Linkage Projects,2026,Active,496106,500535.0,The University of Newcastle
LP250200594,Linkage Projects,2026,Active,600585,603580.0,The University of Queensland
LP250200595,Linkage Projects,2026,Active,500623,503584.0,The University of Western Australia
LP250200596,Linkage Projects,2026,Active,249642,251231.0,University of the Sunshine Coast
LP250200604,Linkage Projects,2026,Active,490737,494395.0,Western Sydney University
LP250200607,Linkage Projects,2026,Active,167384,168937.0,RMIT University
LP250200611,Linkage Projects,2026,Active,749827,755826.0,Macquarie University
LP250200615,Linkage Projects,2026,Active,661732,666604.0,La Trobe University
LP250200616,Linkage Projects,2026,Active,833580,840249.0,The University of New South Wales
LP250200620,Linkage Projects,2026,Active,351088,354021.0,Queensland University of Technology
LP250200621,Linkage Projects,2026,Active,184803,186281.0,The University of Queensland
LP250200622,Linkage Projects,2026,Active,875568,882765.0,The University of Sydney
LP250200623,Linkage Projects,2026,Active,614883,620021.0,Monash University
LP250200625,Linkage Projects,2026,Active,495987,499220.0,The University of Sydney
LP250200626,Linkage Projects,2026,Active,256681,259873.0,Murdoch University
LP250200635,Linkage Projects,2026,Active,587640,590159.0,Queensland University of Technology
LP250200640,Linkage Projects,2026,Active,420200,422921.0,The University of Sydney
LP250200645,Linkage Projects,2026,Active,348884,351550.0,The University of Adelaide
LP250200648,Linkage Projects,2026,Active,589526,595418.0,The University of New South Wales
LP250200651,Linkage Projects,2026,Active,803384,809843.0,The University of New South Wales
LP250200652,Linkage Projects,2026,Active,780488,786012.0,The University of Melbourne
LP250200658,Linkage Projects,2026,Active,574541,578659.0,The University of New South Wales
LP250200663,Linkage Projects,2026,Active,361136,363995.0,The University of Adelaide
LP250200664,Linkage Projects,2026,Active,155259,156473.0,The Australian National University
LP250200667,Linkage Projects,2026,Active,604024,608416.0,The University of Queensland
LP250200679,Linkage Projects,2026,Active,320933,323210.0,Griffith University
LP250200680,Linkage Projects,2026,Active,702872,709036.0,The University of New South Wales
LP250200684,Linkage Projects,2026,Active,596290,601008.0,University of Southern Queensland
LP250200688,Linkage Projects,2026,Active,690785,696199.0,Monash University
LP250200690,Linkage Projects,2026,Active,548554,552256.0,University of Tasmania
LP250200702,Linkage Projects,2026,Active,600674,605336.0,University of Technology Sydney
LP250200707,Linkage Projects,2026,Active,624109,627984.0,University of Technology Sydney
LP250200711,Linkage Projects,2026,Active,396312,399431.0,University of Technology Sydney
LP250200713,Linkage Projects,2026,Active,362574,365275.0,The University of Sydney
LP250200717,Linkage Projects,2026,Active,150000,151200.0,The University of Sydney
LP250200721,Linkage Projects,2026,Active,609987,614750.0,The University of Western Australia
LP250200727,Linkage Projects,2026,Active,546484,550722.0,The University of Queensland
LP250200737,Linkage Projects,2026,Active,899224,906424.0,The University of New South Wales
LP250200740,Linkage Projects,2026,Active,663308,670078.0,La Trobe University
LP250200747,Linkage Projects,2026,Active,544674,548808.0,University of Technology Sydney
LP250200750,Linkage Projects,2026,Active,716927,722670.0,University of Technology Sydney
LP250200753,Linkage Projects,2026,Active,645195,650195.0,The University of Melbourne
LP250200754,Linkage Projects,2026,Not yet accepted,434470,434470.0,University of Wollongong
LP250200755,Linkage Projects,2026,Active,819489,826147.0,Griffith University
LP250200759,Linkage Projects,2026,Active,469937,471286.0,La Trobe University
LP250200760,Linkage Projects,2026,Active,448212,451670.0,The University of New South Wales
LP250200766,Linkage Projects,2026,Active,239879,243542.0,Deakin University
LP250200769,Linkage Projects,2026,Active,339281,340485.0,Macquarie University
LP250200771,Linkage Projects,2026,Active,237147,239959.0,The University of Melbourne
LP250200778,Linkage Projects,2026,Active,759504,765573.0,The University of Queensland
LP250200781,Linkage Projects,2026,Active,400000,403914.0,The University of Queensland
LP250200789,Linkage Projects,2026,Active,1498949,1506137.0,Western Sydney University
LP250200791,Linkage Projects,2026,Active,559962,564442.0,University of Technology Sydney
LP250200796,Linkage Projects,2026,Active,402906,408290.0,The Australian National University
LP250200800,Linkage Projects,2026,Active,373348,375975.0,The University of New South Wales
LP250200801,Linkage Projects,2026,Active,546015,550383.0,RMIT University
LP250200810,Linkage Projects,2026,Active,482474,488530.0,The University of New South Wales
LP250200811,Linkage Projects,2026,Active,445702,449055.0,La Trobe University
LP250200820,Linkage Projects,2026,Active,653799,659633.0,RMIT University
LP250200823,Linkage Projects,2026,Active,282900,285295.0,Swinburne University of Technology
LP250200828,Linkage Projects,2026,Active,856639,863225.0,Macquarie University
LP250200839,Linkage Projects,2026,Active,552266,556456.0,University of Wollongong
LP250200841,Linkage Projects,2026,Active,485757,489256.0,The University of Adelaide
LP250200844,Linkage Projects,2026,Active,550122,554374.0,The University of Queensland
LP250200847,Linkage Projects,2026,Active,394252,397366.0,The University of Melbourne
LP250200850,Linkage Projects,2026,Active,230000,232760.0,La Trobe University
LP250200852,Linkage Projects,2026,Active,779487,784243.0,The University of Sydney
LP250200862,Linkage Projects,2026,Active,547122,551499.0,The University of Sydney
LP250200866,Linkage Projects,2026,Active,659713,665396.0,The University of Queensland
LP250200867,Linkage Projects,2026,Active,899809,907008.0,Murdoch University
LP250200870,Linkage Projects,2026,Active,395963,397487.0,Curtin University
LP250200872,Linkage Projects,2026,Active,200000,201200.0,University of the Sunshine Coast
LP250200875,Linkage Projects,2026,Active,444477,448040.0,The University of Melbourne
LP250200876,Linkage Projects,2026,Active,759911,765582.0,The University of New South Wales
LP250200879,Linkage Projects,2026,Active,359271,362903.0,Queensland University of Technology
LP250200880,Linkage Projects,2026,Active,240000,242880.0,The University of Melbourne
LP250200886,Linkage Projects,2026,Active,498356,503816.0,The University of Queensland
LP250200891,Linkage Projects,2026,Active,481080,487074.0,The Australian National University
LP250200896,Linkage Projects,2026,Active,842896,849497.0,University of South Australia
LP250200903,Linkage Projects,2026,Active,551545,556170.0,The University of Queensland
LP250200905,Linkage Projects,2026,Active,351449,354170.0,The University of Queensland
LP250200909,Linkage Projects,2026,Active,279999,283361.0,Monash University
LP250200910,Linkage Projects,2026,Active,251710,253304.0,The University of Melbourne
LP250200913,Linkage Projects,2026,Active,317130,319549.0,Queensland University of Technology
LP250200919,Linkage Projects,2026,Active,896519,903693.0,Monash University
LP250200920,Linkage Projects,2026,Active,469498,476394.0,The University of New South Wales
LP250200935,Linkage Projects,2026,Active,865000,871552.0,The University of Sydney
LP250200943,Linkage Projects,2026,Not yet accepted,756368,756368.0,La Trobe University
LP250200946,Linkage Projects,2026,Active,750549,756644.0,The University of Queensland
LP250200947,Linkage Projects,2026,Active,569387,574275.0,Macquarie University
LP250200949,Linkage Projects,2026,Active,520248,524293.0,RMIT University
LP250200955,Linkage Projects,2026,Active,616518,621077.0,The University of Sydney
LP250200958,Linkage Projects,2026,Active,492439,496137.0,The University of Queensland
LP250200960,Linkage Projects,2026,Active,384963,388214.0,Curtin University
LP250200991,Linkage Projects,2026,Not yet accepted,426825,426825.0,La Trobe University
LP250200996,Linkage Projects,2026,Not yet accepted,533747,533747.0,University of Wollongong
LP250201004,Linkage Projects,2026,Active,438246,441752.0,The University of Western Australia
LP250201009,Linkage Projects,2026,Active,661405,666271.0,Griffith University
LP250201016,Linkage Projects,2026,Active,733971,738197.0,Griffith University
LP250201033,Linkage Projects,2026,Active,494398,498394.0,The University of Sydney
LP250201038,Linkage Projects,2026,Active,629466,634502.0,The University of Queensland
LP250201044,Linkage Projects,2026,Active,519832,524128.0,The University of New South Wales
LP250201048,Linkage Projects,2026,Active,475589,479196.0,Southern Cross University
LP250201052,Linkage Projects,2026,Active,478686,482661.0,Western Sydney University
LP250201054,Linkage Projects,2026,Active,635189,638444.0,Queensland University of Technology
LP250201060,Linkage Projects,2026,Active,198982,201352.0,The University of Sydney
LP250201062,Linkage Projects,2026,Active,361043,363982.0,La Trobe University
LP250201063,Linkage Projects,2026,Active,480000,484588.0,The University of Queensland
LP250201067,Linkage Projects,2026,Active,682547,685676.0,University of Tasmania
LP250201073,Linkage Projects,2026,Active,516777,520762.0,The University of Melbourne
LP250201076,Linkage Projects,2026,Active,576774,582571.0,The University of Queensland
LP250201078,Linkage Projects,2026,Active,302515,304963.0,The University of Queensland
LP250201083,Linkage Projects,2026,Active,814465,820280.0,The University of Adelaide
LP250201086,Linkage Projects,2026,Active,889461,896615.0,The University of Melbourne
LP250201092,Linkage Projects,2026,Active,652248,657466.0,Monash University
LP250201093,Linkage Projects,2026,Not yet accepted,491722,491722.0,The University of Adelaide
LP250201098,Linkage Projects,2026,Active,665333,671408.0,The University of Adelaide
LP250201100,Linkage Projects,2026,Active,598177,602647.0,The University of Sydney
LP250201101,Linkage Projects,2026,Active,680665,685886.0,The University of Melbourne
LP250201108,Linkage Projects,2026,Active,596440,599951.0,RMIT University
LP250201116,Linkage Projects,2026,Active,794570,800810.0,Queensland University of Technology
LP250201119,Linkage Projects,2026,Active,369640,372207.0,The University of Melbourne
LP250201121,Linkage Projects,2026,Active,889153,896351.0,The University of Adelaide
LP250201125,Linkage Projects,2026,Active,350288,353071.0,The University of New South Wales
LP250201126,Linkage Projects,2026,Active,650867,656168.0,Monash University
LP250201130,Linkage Projects,2026,Active,280946,283190.0,The University of Melbourne
LP250201134,Linkage Projects,2026,Active,854220,859198.0,The University of Melbourne
